GWK60_A00099 , 2
GWK60_A00121 , 573
GWK60_A00143 , 723
GWK60_A00209 , 169
GWK60_A00231 , 599
GWK60_A00253 , 3110
GWK60_A00275 , 1469
GWK60_A00341 , 1725
GWK60_A00363 , 3149
GWK60_A00385 , 0
GWK60_A00407 , 8162
GWK60_A00429 , 129
GWK60_A00451 , 40954
GWK60_A00473 , 1518
GWK60_A00517 , 59
GWK60_A00539 , 495
GWK60_A00561 , 2445
GWK60_A00583 , 4031
GWK60_A00605 , 4842
GWK60_A00627 , 3661
GWK60_A00649 , 14473
GWK60_A00671 , 23391
GWK60_A00759 , 230
GWK60_A00781 , 1
GWK60_A00803 , 177
GWK60_A00847 , 534
GWK60_A00891 , 27433
GWK60_A00935 , 162
GWK60_A00957 , 3539
GWK60_A00979 , 2245
GWK60_A01023 , 654
GWK60_A01089 , 3156
GWK60_A01111 , 8395
GWK60_A01133 , 1406
GWK60_A01155 , 661
GWK60_A01177 , 2266
GWK60_A01221 , 919
GWK60_A01243 , 490
GWK60_A01265 , 3576
GWK60_A01287 , 0
GWK60_A01331 , 0
GWK60_A01397 , 2
GWK60_A01419 , 2613
GWK60_A01441 , 26897
GWK60_A01463 , 943
GWK60_A01507 , 4244
GWK60_A01573 , 1
GWK60_A01595 , 1574
GWK60_A01617 , 1636
GWK60_A01639 , 273
GWK60_A01705 , 1432
GWK60_A01815 , 1
GWK60_A01837 , 76
GWK60_A01859 , 414
GWK60_A01947 , 193
GWK60_A01969 , 593
GWK60_A02035 , 554
GWK60_A02057 , 1
GWK60_A02079 , 9007
GWK60_A02101 , 213
GWK60_A02123 , 2013
GWK60_A02167 , 1694
GWK60_A02233 , 0
GWK60_A02277 , 443
GWK60_A02299 , 372
GWK60_A02321 , 161
GWK60_A02365 , 190
GWK60_A02387 , 3252
GWK60_A02431 , 15
GWK60_A02475 , 0
GWK60_A02541 , 0
GWK60_A02585 , 0
GWK60_A02695 , 131
GWK60_A02739 , 4
GWK60_A02805 , 436
GWK60_A02915 , 784
GWK60_A02937 , 5070
GWK60_A02981 , 673
GWK60_A03025 , 347
GWK60_A03069 , 656
GWK60_A03091 , 81
GWK60_A03113 , 0
GWK60_A03179 , 18900
GWK60_A03223 , 28
GWK60_A03289 , 0
GWK60_A03355 , 218
GWK60_A03377 , 11641
GWK60_A03465 , 0
GWK60_A03487 , 0
GWK60_A03575 , 14
GWK60_A03597 , 0
GWK60_A03619 , 661
GWK60_A03641 , 2
GWK60_A03707 , 0
GWK60_A03795 , 1
GWK60_A03839 , 1
GWK60_A03927 , 0
GWK60_A04037 , 819
GWK60_A04125 , 181
GWK60_A04169 , 733
GWK60_A04301 , 2
GWK60_A04345 , 1537
GWK60_A04367 , 0
GWK60_A04477 , 0
GWK60_A04543 , 0
GWK60_A04675 , 57
GWK60_A00715 , 1532
GWK60_A01045 , 0
GWK60_A01067 , 0
GWK60_A01309 , 69
GWK60_A01375 , 0
GWK60_A01529 , 0
GWK60_A01683 , 23
GWK60_A01749 , 0
GWK60_A02145 , 1
GWK60_A02211 , 0
GWK60_A02255 , 0
GWK60_A02343 , 0
GWK60_A02519 , 0
GWK60_A02827 , 0
GWK60_A02849 , 0
GWK60_A03003 , 0
GWK60_A03311 , 76
GWK60_A03685 , 6
GWK60_A03773 , 0
GWK60_A03817 , 0
GWK60_A03971 , 0
GWK60_A04015 , 0
GWK60_A04059 , 0
GWK60_A04081 , 231
GWK60_A04103 , 0
GWK60_A04147 , 0
GWK60_A04191 , 149
GWK60_A04213 , 0
GWK60_A04323 , 0
GWK60_A04499 , 1
GWK60_A04565 , 0
GWK60_A04587 , 0
GWK60_A04631 , 128
GWK60_B00143 , 39
GWK60_B00165 , 0
GWK60_B00253 , 566
GWK60_B00363 , 1689
GWK60_B00385 , 674
GWK60_B00429 , 8
GWK60_B00495 , 0
GWK60_B00517 , 163
GWK60_B00583 , 70
GWK60_B00605 , 323
GWK60_B00627 , 28
GWK60_B00649 , 36
GWK60_B00693 , 225
GWK60_B00737 , 4119
GWK60_B00759 , 6
GWK60_B00781 , 176
GWK60_B00803 , 1017
GWK60_B00847 , 51
GWK60_B00869 , 1
GWK60_B00891 , 254
GWK60_B00913 , 3999
GWK60_B01001 , 0
GWK60_B01089 , 165
GWK60_B01111 , 0
GWK60_B01177 , 0
GWK60_B01287 , 29
GWK60_B01397 , 77
GWK60_B01419 , 282
GWK60_B01551 , 190
GWK60_B01573 , 9
GWK60_B01595 , 0
GWK60_B01639 , 139
GWK60_B01771 , 264
GWK60_B01815 , 223
GWK60_B01859 , 500
GWK60_B01903 , 57
GWK60_B01947 , 328
GWK60_B01991 , 488
GWK60_B02057 , 580
GWK60_B02145 , 713
GWK60_B02189 , 726
GWK60_B02211 , 118
GWK60_B02233 , 1229
GWK60_B02277 , 703
GWK60_B02321 , 6723
GWK60_B02409 , 133
GWK60_B02431 , 1353
GWK60_B02475 , 185
GWK60_B02497 , 129
GWK60_B02585 , 161
GWK60_B02651 , 1078
GWK60_B02717 , 14319
GWK60_B02739 , 87
GWK60_B02783 , 9814
GWK60_B02827 , 7090
GWK60_B02849 , 43
GWK60_B02871 , 7602
GWK60_B02915 , 934
GWK60_B02937 , 125
GWK60_B02959 , 1154
GWK60_B03025 , 526
GWK60_B03113 , 723
GWK60_B03135 , 118
GWK60_B03157 , 0
GWK60_B03201 , 188
GWK60_B03223 , 151
GWK60_B03245 , 4371
GWK60_B03267 , 466
GWK60_B03333 , 7788
GWK60_B03355 , 24822
GWK60_B03399 , 160
GWK60_B03465 , 0
GWK60_B03509 , 11017
GWK60_B03531 , 12478
GWK60_B03641 , 38930
GWK60_B03663 , 13054
GWK60_B03685 , 0
GWK60_B03707 , 3875
GWK60_B03729 , 1978
GWK60_B03817 , 1164
GWK60_B03839 , 735
GWK60_B03883 , 26
GWK60_B03927 , 36
GWK60_B03949 , 0
GWK60_B03971 , 2512
GWK60_B04015 , 0
GWK60_B04059 , 1180
GWK60_B04081 , 942
GWK60_B04103 , 998
GWK60_B04147 , 97
GWK60_B04169 , 3964
GWK60_B04191 , 279
GWK60_B04235 , 970
GWK60_B04257 , 1247
GWK60_B04279 , 767
GWK60_B04301 , 94
GWK60_B04323 , 2669
GWK60_B04345 , 538
GWK60_B04411 , 15525
GWK60_B04433 , 3552
GWK60_B04455 , 6287
GWK60_B04499 , 1778
GWK60_B04521 , 5397
GWK60_B04543 , 3271
GWK60_B04565 , 7703
GWK60_B04587 , 1403
GWK60_B04609 , 3695
GWK60_B04631 , 7
GWK60_B04653 , 1442
GWK60_B04675 , 241
GWK60_B04697 , 3122
GWK60_B04741 , 2231
GWK60_B04763 , 643
GWK60_B04785 , 46
GWK60_B04807 , 746
GWK60_B04829 , 215
GWK60_B04851 , 0
GWK60_B04895 , 3492
GWK60_B04917 , 1
GWK60_B00011 , 0
GWK60_B00033 , 0
GWK60_B00275 , 0
GWK60_B00297 , 0
GWK60_B00407 , 0
GWK60_B00451 , 0
GWK60_B00935 , 340
GWK60_B01155 , 0
GWK60_B01243 , 1
GWK60_B01507 , 0
GWK60_B01617 , 0
GWK60_B02167 , 0
GWK60_B02299 , 0
GWK60_B02541 , 0
GWK60_B02629 , 0
GWK60_B02761 , 81
GWK60_B02805 , 575
GWK60_B02981 , 0
GWK60_B03003 , 0
GWK60_B03091 , 0
GWK60_B03179 , 0
GWK60_B03289 , 5
GWK60_B03443 , 104
GWK60_B03575 , 0
GWK60_B03795 , 52
GWK60_B04213 , 153
GWK60_B04477 , 16
GWK60_B04719 , 0
GWK60_C00055 , 44
GWK60_C00077 , 1002
GWK60_C00099 , 349
GWK60_C00187 , 0
GWK60_C00209 , 17
GWK60_C00231 , 1
GWK60_C00253 , 0
GWK60_C00341 , 1465
GWK60_C00363 , 4643
GWK60_C00407 , 67
GWK60_C00451 , 66
GWK60_C00539 , 0
GWK60_C00605 , 2991
GWK60_C00627 , 36
GWK60_C00671 , 4
GWK60_C00693 , 10619
GWK60_C00825 , 0
GWK60_C00869 , 1
GWK60_C00935 , 321
GWK60_C00957 , 1
GWK60_C00979 , 65
GWK60_C01001 , 223
GWK60_C01045 , 38
GWK60_C01111 , 14
GWK60_C01133 , 0
GWK60_C01155 , 162
GWK60_C01177 , 2248
GWK60_C01199 , 1456
GWK60_C01221 , 443
GWK60_C01265 , 676
GWK60_C01287 , 1
GWK60_C01353 , 311
GWK60_C01419 , 1250
GWK60_C01463 , 837
GWK60_C01595 , 0
GWK60_C01639 , 248
GWK60_C01727 , 0
GWK60_C01749 , 0
GWK60_C01771 , 3282
GWK60_C01815 , 0
GWK60_C01837 , 510
GWK60_C01859 , 197
GWK60_C01881 , 0
GWK60_C01903 , 62
GWK60_C01925 , 0
GWK60_C01969 , 30
GWK60_C01991 , 5026
GWK60_C02013 , 2022
GWK60_C02035 , 3176
GWK60_C02123 , 9792
GWK60_C02299 , 650
GWK60_C02365 , 21
GWK60_C02387 , 338
GWK60_C02409 , 467
GWK60_C02431 , 1
GWK60_C02453 , 1
GWK60_C02519 , 390
GWK60_C02541 , 665
GWK60_C02563 , 1153
GWK60_C02585 , 2029
GWK60_C02629 , 0
GWK60_C02695 , 91
GWK60_C02717 , 2661
GWK60_C02805 , 10185
GWK60_C02827 , 873
GWK60_C02849 , 10860
GWK60_C02871 , 141
GWK60_C02893 , 850
GWK60_C02915 , 1333
GWK60_C02937 , 1070
GWK60_C02959 , 0
GWK60_C03003 , 1
GWK60_C03025 , 1176
GWK60_C03047 , 318
GWK60_C03091 , 568
GWK60_C03113 , 1911
GWK60_C03179 , 276
GWK60_C03201 , 2776
GWK60_C03223 , 30705
GWK60_C03289 , 0
GWK60_C03311 , 1796
GWK60_C03355 , 331
GWK60_C03377 , 9322
GWK60_C03399 , 0
GWK60_C03465 , 1161
GWK60_C03487 , 379
GWK60_C03509 , 2024
GWK60_C03531 , 2280
GWK60_C03553 , 713
GWK60_C03575 , 382
GWK60_C03597 , 28
GWK60_C03619 , 1128
GWK60_C03641 , 1036
GWK60_C03663 , 3
GWK60_C03685 , 225
GWK60_C03707 , 535
GWK60_C03729 , 1297
GWK60_C03795 , 2114
GWK60_C03861 , 14165
GWK60_C03883 , 2035
GWK60_C03905 , 1
GWK60_C03927 , 0
GWK60_C03949 , 0
GWK60_C03993 , 245
GWK60_C04015 , 0
GWK60_C04059 , 6903
GWK60_C04103 , 1551
GWK60_C04125 , 5556
GWK60_C04147 , 886
GWK60_C04169 , 750
GWK60_C04213 , 691
GWK60_C04257 , 48577
GWK60_C04279 , 15526
GWK60_C04367 , 14546
GWK60_C04389 , 1399
GWK60_C04411 , 2110
GWK60_C04433 , 119
GWK60_C04455 , 75
GWK60_C04477 , 31792
GWK60_C04499 , 0
GWK60_C04521 , 0
GWK60_C04543 , 407
GWK60_C04565 , 753
GWK60_C04587 , 2636
GWK60_C04609 , 186
GWK60_C04631 , 6355
GWK60_C04653 , 5
GWK60_C04675 , 1867
GWK60_C04719 , 498
GWK60_C04741 , 3808
GWK60_C04785 , 326
GWK60_C04807 , 286
GWK60_C04829 , 0
GWK60_C04895 , 1017
GWK60_C04917 , 746
GWK60_C04939 , 2075
GWK60_C05027 , 95
GWK60_C05049 , 864
GWK60_C05093 , 29
GWK60_C05115 , 1
GWK60_C00143 , 175
GWK60_C00275 , 0
GWK60_C00429 , 12
GWK60_C00495 , 145
GWK60_C00517 , 311
GWK60_C00715 , 0
GWK60_C00759 , 0
GWK60_C00847 , 0
GWK60_C00913 , 0
GWK60_C01089 , 7
GWK60_C01309 , 458
GWK60_C01375 , 154
GWK60_C01397 , 46
GWK60_C01441 , 0
GWK60_C01573 , 0
GWK60_C02167 , 0
GWK60_C02475 , 0
GWK60_C03157 , 26
GWK60_C03267 , 1
GWK60_C03421 , 0
GWK60_C03443 , 406
GWK60_C04235 , 0
GWK60_C04323 , 0
GWK60_C04697 , 0
GWK60_C04851 , 1
GWK60_C04983 , 0
GWK60_C05005 , 0
GWK60_C05071 , 0
GWK60_D00055 , 24226
GWK60_D00209 , 698
GWK60_D00231 , 0
GWK60_D00319 , 0
GWK60_D00363 , 0
GWK60_D00407 , 458
GWK60_D00429 , 0
GWK60_D00473 , 450
GWK60_D00495 , 1543
GWK60_D00517 , 156
GWK60_D00605 , 15494
GWK60_D00693 , 470
GWK60_D00759 , 202
GWK60_D00781 , 37
GWK60_D00869 , 77
GWK60_D01089 , 13
GWK60_D01111 , 3
GWK60_D01155 , 4629
GWK60_D01199 , 0
GWK60_D01243 , 0
GWK60_D01287 , 1
GWK60_D01309 , 1
GWK60_D01331 , 0
GWK60_D01353 , 2627
GWK60_D01397 , 1261
GWK60_D01485 , 591
GWK60_D01507 , 13
GWK60_D01551 , 33
GWK60_D01595 , 21
GWK60_D01639 , 404
GWK60_D01683 , 692
GWK60_D01793 , 9
GWK60_D01815 , 389
GWK60_D01859 , 0
GWK60_D01881 , 24
GWK60_D01903 , 18
GWK60_D01947 , 2101
GWK60_D02013 , 171
GWK60_D02079 , 20
GWK60_D02101 , 64
GWK60_D02211 , 1
GWK60_D02277 , 3
GWK60_D02365 , 0
GWK60_D02409 , 175
GWK60_D02431 , 31
GWK60_D02453 , 56
GWK60_D02475 , 410
GWK60_D02651 , 606
GWK60_D02673 , 0
GWK60_D02717 , 428
GWK60_D02739 , 71
GWK60_D02783 , 285
GWK60_D02937 , 0
GWK60_D02959 , 1059
GWK60_D03047 , 3284
GWK60_D03201 , 12
GWK60_D03267 , 0
GWK60_D03311 , 0
GWK60_D03355 , 699
GWK60_D03377 , 142
GWK60_D03399 , 2309
GWK60_D03487 , 1203
GWK60_D03509 , 1
GWK60_D03619 , 159
GWK60_D03641 , 187
GWK60_D03707 , 0
GWK60_D03773 , 0
GWK60_D03795 , 0
GWK60_D03839 , 6
GWK60_D03971 , 0
GWK60_D04037 , 124
GWK60_D04103 , 27
GWK60_D04125 , 14
GWK60_D04147 , 50
GWK60_D04169 , 76
GWK60_D04191 , 1
GWK60_D04455 , 0
GWK60_D04477 , 345
GWK60_D04521 , 11200
GWK60_D04631 , 105
GWK60_D04697 , 2633
GWK60_D04763 , 293
GWK60_D04807 , 27
GWK60_D04829 , 0
GWK60_D04851 , 2454
GWK60_D04873 , 736
GWK60_D04895 , 1242
GWK60_D04917 , 984
GWK60_D04939 , 271
GWK60_D04983 , 146
GWK60_D05247 , 1647
GWK60_D05335 , 18
GWK60_D05357 , 2824
GWK60_D05379 , 111
GWK60_D05423 , 262
GWK60_D05445 , 0
GWK60_D05467 , 4778
GWK60_D05511 , 6
GWK60_D05533 , 18
GWK60_D05643 , 278
GWK60_D05687 , 111
GWK60_D05709 , 0
GWK60_D05731 , 798
GWK60_D05753 , 2081
GWK60_D05797 , 2661
GWK60_D05841 , 3495
GWK60_D05907 , 1803
GWK60_D05973 , 834
GWK60_D05995 , 13542
GWK60_D06017 , 7871
GWK60_D06039 , 37
GWK60_D06061 , 3019
GWK60_D06083 , 7627
GWK60_D06171 , 581
GWK60_D06215 , 3260
GWK60_D06391 , 2478
GWK60_D06413 , 1064
GWK60_D06435 , 10
GWK60_D06501 , 1061
GWK60_D06523 , 438
GWK60_D06567 , 13197
GWK60_D06589 , 7556
GWK60_D06655 , 0
GWK60_D06677 , 739
GWK60_D06699 , 717
GWK60_D06721 , 1681
GWK60_D06765 , 1197
GWK60_D06787 , 1239
GWK60_D06809 , 5
GWK60_D06853 , 729
GWK60_D06875 , 118
GWK60_D00033 , 289
GWK60_D00253 , 0
GWK60_D00341 , 0
GWK60_D00451 , 0
GWK60_D00561 , 275
GWK60_D00803 , 0
GWK60_D00825 , 1
GWK60_D01265 , 0
GWK60_D01441 , 0
GWK60_D02035 , 0
GWK60_D02057 , 0
GWK60_D02189 , 0
GWK60_D02343 , 0
GWK60_D02519 , 0
GWK60_D02563 , 0
GWK60_D02629 , 72
GWK60_D02695 , 0
GWK60_D02893 , 0
GWK60_D03091 , 1
GWK60_D03553 , 0
GWK60_D03817 , 54
GWK60_D03861 , 55
GWK60_D04235 , 1
GWK60_D04257 , 0
GWK60_D04367 , 0
GWK60_D04411 , 12
GWK60_D04433 , 0
GWK60_D04719 , 0
GWK60_D04961 , 0
GWK60_D05027 , 0
GWK60_D05115 , 0
GWK60_D05159 , 72
GWK60_D05225 , 0
GWK60_D05269 , 3084
GWK60_D05621 , 0
GWK60_D05665 , 0
GWK60_D05819 , 44
GWK60_D05863 , 459
GWK60_D05951 , 211
GWK60_D06105 , 0
GWK60_D06127 , 0
GWK60_D06303 , 0
GWK60_D06325 , 61
GWK60_D06347 , 2
GWK60_D06479 , 0
GWK60_E00033 , 0
GWK60_E00055 , 566
GWK60_E00077 , 23
GWK60_E00165 , 1277
GWK60_E00253 , 0
GWK60_E00275 , 193
GWK60_E00297 , 86
GWK60_E00341 , 55
GWK60_E00363 , 188
GWK60_E00429 , 379
GWK60_E00495 , 0
GWK60_E00583 , 1365
GWK60_E00605 , 8
GWK60_E00649 , 36
GWK60_E00671 , 1964
GWK60_E00803 , 325
GWK60_E00869 , 563
GWK60_E00891 , 0
GWK60_E01001 , 2029
GWK60_E01023 , 9
GWK60_E01045 , 262
GWK60_E01067 , 2
GWK60_E01089 , 11450
GWK60_E01111 , 1
GWK60_E01177 , 183
GWK60_E01199 , 105
GWK60_E01243 , 1617
GWK60_E01265 , 341
GWK60_E01287 , 75
GWK60_E01375 , 225
GWK60_E01419 , 846
GWK60_E01441 , 4136
GWK60_E01485 , 1052
GWK60_E01507 , 3627
GWK60_E01529 , 117
GWK60_E01551 , 499
GWK60_E01573 , 103
GWK60_E01595 , 840
GWK60_E01617 , 3
GWK60_E01639 , 594
GWK60_E01661 , 64
GWK60_E01683 , 6
GWK60_E01705 , 1372
GWK60_E01727 , 1549
GWK60_E01749 , 1752
GWK60_E01793 , 604
GWK60_E01815 , 2164
GWK60_E01837 , 960
GWK60_E01881 , 6
GWK60_E01903 , 2875
GWK60_E01925 , 305
GWK60_E01947 , 1192
GWK60_E01969 , 4048
GWK60_E01991 , 243
GWK60_E02013 , 14390
GWK60_E02057 , 189
GWK60_E02079 , 883
GWK60_E02101 , 0
GWK60_E02123 , 4415
GWK60_E02189 , 691
GWK60_E02211 , 126
GWK60_E02233 , 1178
GWK60_E02277 , 1469
GWK60_E02299 , 9698
GWK60_E02321 , 5242
GWK60_E02343 , 800
GWK60_E02365 , 567
GWK60_E02387 , 0
GWK60_E02431 , 7627
GWK60_E02453 , 12
GWK60_E02475 , 357
GWK60_E02497 , 297
GWK60_E02519 , 3571
GWK60_E02541 , 1085
GWK60_E02563 , 1284
GWK60_E02585 , 1912
GWK60_E02629 , 331
GWK60_E02651 , 527
GWK60_E02695 , 2241
GWK60_E02739 , 140
GWK60_E02761 , 251
GWK60_E02783 , 142
GWK60_E02805 , 183
GWK60_E02827 , 2430
GWK60_E02871 , 4112
GWK60_E02893 , 900
GWK60_E02981 , 0
GWK60_E03047 , 31
GWK60_E03069 , 37
GWK60_E03091 , 431
GWK60_E03113 , 34
GWK60_E03135 , 2
GWK60_E03157 , 13
GWK60_E03179 , 190
GWK60_E03201 , 0
GWK60_E03223 , 1
GWK60_E03245 , 26
GWK60_E03267 , 2232
GWK60_E03333 , 13
GWK60_E03355 , 1753
GWK60_E03399 , 220
GWK60_E03421 , 312
GWK60_E03443 , 366
GWK60_E03465 , 365
GWK60_E03487 , 166
GWK60_E03531 , 195
GWK60_E03553 , 494
GWK60_E03575 , 0
GWK60_E03619 , 1704
GWK60_E03685 , 110
GWK60_E03707 , 0
GWK60_E03817 , 116
GWK60_E03839 , 11
GWK60_E03861 , 0
GWK60_E03971 , 235
GWK60_E03993 , 1
GWK60_E04037 , 12133
GWK60_E04059 , 15
GWK60_E04103 , 3741
GWK60_E04147 , 66
GWK60_E04169 , 470
GWK60_E04191 , 29
GWK60_E04213 , 344
GWK60_E04323 , 3963
GWK60_E04345 , 988
GWK60_E04367 , 0
GWK60_E04389 , 0
GWK60_E04411 , 31
GWK60_E04477 , 1594
GWK60_E04499 , 1043
GWK60_E04543 , 130
GWK60_E04565 , 155
GWK60_E04587 , 99
GWK60_E04609 , 23013
GWK60_E04741 , 0
GWK60_E04785 , 294
GWK60_E04807 , 91
GWK60_E04851 , 106
GWK60_E04873 , 0
GWK60_E04895 , 1
GWK60_E04917 , 115
GWK60_E04939 , 2441
GWK60_E04983 , 64
GWK60_E05093 , 0
GWK60_E05115 , 0
GWK60_E05181 , 428
GWK60_E05247 , 1185
GWK60_E05269 , 908
GWK60_E05291 , 958
GWK60_E05313 , 1738
GWK60_E05335 , 113
GWK60_E05357 , 940
GWK60_E05577 , 51
GWK60_E05599 , 97
GWK60_E05621 , 1392
GWK60_E05643 , 25
GWK60_E05665 , 113
GWK60_E05731 , 1046
GWK60_E05753 , 111
GWK60_E05863 , 3367
GWK60_E05885 , 14
GWK60_E05907 , 0
GWK60_E05929 , 63
GWK60_E06017 , 236
GWK60_E06039 , 3942
GWK60_E06061 , 0
GWK60_E06149 , 349
GWK60_E06215 , 607
GWK60_E00099 , 0
GWK60_E00627 , 0
GWK60_E00935 , 0
GWK60_E00979 , 1
GWK60_E01155 , 0
GWK60_E01309 , 0
GWK60_E01859 , 0
GWK60_E02035 , 0
GWK60_E02409 , 1192
GWK60_E02607 , 1
GWK60_E02673 , 355
GWK60_E02915 , 381
GWK60_E02937 , 86
GWK60_E03003 , 0
GWK60_E03311 , 488
GWK60_E03377 , 0
GWK60_E03509 , 0
GWK60_E03597 , 78
GWK60_E03641 , 0
GWK60_E03663 , 0
GWK60_E03729 , 0
GWK60_E03773 , 89
GWK60_E03795 , 258
GWK60_E03883 , 0
GWK60_E03949 , 0
GWK60_E04521 , 0
GWK60_E04653 , 0
GWK60_E04697 , 0
GWK60_E04763 , 0
GWK60_E05467 , 182
GWK60_E05489 , 0
GWK60_E05555 , 0
GWK60_E05819 , 0
GWK60_E06083 , 130
GWK60_E06105 , 0
GWK60_E06127 , 0
GWK60_E06237 , 0
GWK60_F00055 , 38
GWK60_F00121 , 906
GWK60_F00165 , 129
GWK60_F00209 , 790
GWK60_F00231 , 6
GWK60_F00297 , 752
GWK60_F00451 , 750
GWK60_F00517 , 343
GWK60_F00605 , 68
GWK60_F00627 , 636
GWK60_F00649 , 448
GWK60_F00671 , 0
GWK60_F00715 , 40
GWK60_F00759 , 0
GWK60_F00825 , 385
GWK60_F00891 , 265
GWK60_F00913 , 3
GWK60_F00935 , 0
GWK60_F01045 , 3282
GWK60_F01067 , 1087
GWK60_F01089 , 2182
GWK60_F01111 , 12
GWK60_F01133 , 888
GWK60_F01177 , 0
GWK60_F01199 , 1099
GWK60_F01221 , 883
GWK60_F01243 , 1539
GWK60_F01331 , 0
GWK60_F01375 , 0
GWK60_F01397 , 77
GWK60_F01419 , 4214
GWK60_F01441 , 0
GWK60_F01485 , 382
GWK60_F01507 , 782
GWK60_F01529 , 1899
GWK60_F01551 , 0
GWK60_F01573 , 13393
GWK60_F01595 , 1
GWK60_F01639 , 3
GWK60_F01661 , 1601
GWK60_F01727 , 3713
GWK60_F01749 , 2089
GWK60_F01771 , 5099
GWK60_F01815 , 250
GWK60_F01859 , 5407
GWK60_F01903 , 1774
GWK60_F01925 , 7344
GWK60_F01947 , 208
GWK60_F01969 , 3838
GWK60_F02013 , 796
GWK60_F02057 , 8534
GWK60_F02079 , 1467
GWK60_F02101 , 9273
GWK60_F02123 , 202
GWK60_F02145 , 2626
GWK60_F02167 , 336
GWK60_F02233 , 124
GWK60_F02255 , 1010
GWK60_F02277 , 0
GWK60_F02299 , 225
GWK60_F02321 , 83
GWK60_F02343 , 79
GWK60_F02365 , 0
GWK60_F02431 , 21855
GWK60_F02475 , 666
GWK60_F02497 , 324
GWK60_F02519 , 35
GWK60_F02541 , 4377
GWK60_F02563 , 0
GWK60_F02585 , 0
GWK60_F02607 , 1354
GWK60_F02629 , 0
GWK60_F02673 , 1158
GWK60_F02695 , 0
GWK60_F02717 , 3285
GWK60_F02739 , 49
GWK60_F02761 , 86
GWK60_F02783 , 0
GWK60_F02805 , 1411
GWK60_F02827 , 515
GWK60_F02871 , 2644
GWK60_F02937 , 156
GWK60_F02959 , 130
GWK60_F03003 , 6582
GWK60_F03047 , 852
GWK60_F03091 , 8
GWK60_F03135 , 1
GWK60_F03179 , 1300
GWK60_F03201 , 0
GWK60_F03223 , 0
GWK60_F03311 , 15
GWK60_F03333 , 1701
GWK60_F03399 , 0
GWK60_F03421 , 1291
GWK60_F03509 , 397
GWK60_F03531 , 99
GWK60_F03575 , 758
GWK60_F03663 , 0
GWK60_F03707 , 638
GWK60_F03729 , 121
GWK60_F03795 , 6718
GWK60_F03817 , 0
GWK60_F03861 , 25
GWK60_F03883 , 0
GWK60_F03971 , 378
GWK60_F03993 , 124
GWK60_F04015 , 0
GWK60_F04125 , 3198
GWK60_F04147 , 211
GWK60_F04191 , 668
GWK60_F04213 , 1257
GWK60_F04279 , 0
GWK60_F04301 , 0
GWK60_F04323 , 13
GWK60_F04367 , 136
GWK60_F04499 , 821
GWK60_F04521 , 3
GWK60_F04653 , 112
GWK60_F04675 , 110
GWK60_F04785 , 0
GWK60_F04807 , 0
GWK60_F04851 , 31
GWK60_F04895 , 203
GWK60_F04917 , 469
GWK60_F04983 , 0
GWK60_F05005 , 217
GWK60_F05115 , 0
GWK60_F05181 , 26
GWK60_F05203 , 2536
GWK60_F05291 , 0
GWK60_F05379 , 0
GWK60_F05423 , 383
GWK60_F05445 , 395
GWK60_F05489 , 0
GWK60_F05533 , 0
GWK60_F05555 , 1210
GWK60_F05577 , 533
GWK60_F05621 , 46
GWK60_F05687 , 2
GWK60_F05753 , 58
GWK60_F05775 , 88
GWK60_F05819 , 0
GWK60_F05841 , 0
GWK60_F05885 , 206
GWK60_F06083 , 0
GWK60_F06149 , 1100
GWK60_F06171 , 146
GWK60_F06215 , 466
GWK60_F06237 , 186
GWK60_F06347 , 89
GWK60_F06479 , 1240
GWK60_F06523 , 209
GWK60_F06567 , 1
GWK60_F06589 , 25654
GWK60_F06677 , 1
GWK60_F06831 , 1073
GWK60_F06853 , 156
GWK60_F07073 , 2495
GWK60_F07117 , 1110
GWK60_F07139 , 175
GWK60_F07161 , 0
GWK60_F07205 , 526
GWK60_F07249 , 53
GWK60_F07271 , 38
GWK60_F07403 , 19
GWK60_F07557 , 12
GWK60_F07579 , 0
GWK60_F07645 , 110
GWK60_F07799 , 587
GWK60_F07865 , 83
GWK60_F07975 , 0
GWK60_F08019 , 1
GWK60_F08063 , 77
GWK60_F08107 , 2
GWK60_F08151 , 0
GWK60_F08173 , 1445
GWK60_F08261 , 1
GWK60_F08305 , 896
GWK60_F08327 , 1357
GWK60_F08349 , 788
GWK60_F08459 , 14
GWK60_F08503 , 0
GWK60_F08547 , 47
GWK60_F08635 , 247
GWK60_F08657 , 0
GWK60_F08679 , 0
GWK60_F08701 , 0
GWK60_F08723 , 606
GWK60_F08745 , 0
GWK60_F00077 , 0
GWK60_F00275 , 0
GWK60_F00473 , 1878
GWK60_F00495 , 41
GWK60_F00693 , 0
GWK60_F00737 , 10
GWK60_F00847 , 0
GWK60_F00869 , 0
GWK60_F00979 , 66
GWK60_F01023 , 0
GWK60_F01155 , 0
GWK60_F01617 , 255
GWK60_F02189 , 0
GWK60_F02211 , 82
GWK60_F03069 , 0
GWK60_F03113 , 0
GWK60_F03289 , 0
GWK60_F03641 , 0
GWK60_F03773 , 0
GWK60_F04169 , 0
GWK60_F04235 , 0
GWK60_F04345 , 0
GWK60_F04389 , 0
GWK60_F04433 , 0
GWK60_F04455 , 602
GWK60_F04565 , 0
GWK60_F04631 , 0
GWK60_F04719 , 108
GWK60_F04741 , 1
GWK60_F05137 , 0
GWK60_F05269 , 0
GWK60_F05357 , 0
GWK60_F05599 , 0
GWK60_F05665 , 306
GWK60_F05731 , 0
GWK60_F05863 , 0
GWK60_F05907 , 0
GWK60_F06061 , 0
GWK60_F06127 , 0
GWK60_F06369 , 1
GWK60_F06391 , 0
GWK60_F06765 , 0
GWK60_F06875 , 0
GWK60_F06897 , 0
GWK60_F06919 , 22
GWK60_F07337 , 599
GWK60_F07447 , 135
GWK60_F07513 , 153
GWK60_F07535 , 19
GWK60_F07601 , 0
GWK60_F07623 , 0
GWK60_F07755 , 0
GWK60_F07843 , 0
GWK60_F07887 , 0
GWK60_F07909 , 0
GWK60_F08371 , 78
GWK60_F08591 , 0
GWK60_G00011 , 2
GWK60_G00033 , 1
GWK60_G00077 , 0
GWK60_G00099 , 2415
GWK60_G00121 , 1362
GWK60_G00143 , 855
GWK60_G00165 , 6345
GWK60_G00187 , 8583
GWK60_G00209 , 316
GWK60_G00231 , 74
GWK60_G00275 , 3
GWK60_G00297 , 290
GWK60_G00363 , 547
GWK60_G00385 , 0
GWK60_G00407 , 5436
GWK60_G00429 , 2
GWK60_G00451 , 3240
GWK60_G00495 , 305
GWK60_G00517 , 1868
GWK60_G00539 , 90
GWK60_G00561 , 1371
GWK60_G00605 , 0
GWK60_G00627 , 0
GWK60_G00649 , 73
GWK60_G00671 , 2
GWK60_G00693 , 3364
GWK60_G00715 , 5244
GWK60_G00737 , 21
GWK60_G00759 , 344
GWK60_G00825 , 2191
GWK60_G00869 , 42756
GWK60_G00891 , 1166
GWK60_G00913 , 1607
GWK60_G00935 , 0
GWK60_G00957 , 3470
GWK60_G01023 , 4628
GWK60_G01045 , 2311
GWK60_G01067 , 201
GWK60_G01089 , 658
GWK60_G01111 , 0
GWK60_G01133 , 571
GWK60_G01155 , 18
GWK60_G01177 , 65
GWK60_G01199 , 54
GWK60_G01243 , 171
GWK60_G01287 , 1184
GWK60_G01309 , 952
GWK60_G01331 , 366
GWK60_G01353 , 195
GWK60_G01375 , 64
GWK60_G01397 , 242
GWK60_G01419 , 0
GWK60_G01463 , 202
GWK60_G01485 , 1228
GWK60_G01573 , 361
GWK60_G01595 , 0
GWK60_G01705 , 122
GWK60_G01749 , 360
GWK60_G01771 , 1258
GWK60_G01925 , 93
GWK60_G01969 , 86
GWK60_G01991 , 329
GWK60_G02013 , 297
GWK60_G02057 , 216
GWK60_G02123 , 0
GWK60_G02189 , 202
GWK60_G02233 , 73
GWK60_G02299 , 316
GWK60_G02343 , 911
GWK60_G02365 , 0
GWK60_G02387 , 1
GWK60_G02409 , 28
GWK60_G02431 , 61
GWK60_G02475 , 1554
GWK60_G02541 , 545
GWK60_G02563 , 54
GWK60_G02585 , 12213
GWK60_G02607 , 772
GWK60_G02695 , 5
GWK60_G02717 , 0
GWK60_G02805 , 5909
GWK60_G02827 , 524
GWK60_G02915 , 284
GWK60_G02937 , 86
GWK60_G03003 , 427
GWK60_G03047 , 29
GWK60_G03113 , 770
GWK60_G03135 , 6
GWK60_G03157 , 134
GWK60_G03223 , 13
GWK60_G03289 , 2656
GWK60_G03311 , 0
GWK60_G03355 , 343
GWK60_G03421 , 439
GWK60_G03487 , 103
GWK60_G03553 , 0
GWK60_G03685 , 6
GWK60_G03729 , 270
GWK60_G03773 , 109
GWK60_G03795 , 53
GWK60_G03817 , 483
GWK60_G03861 , 62
GWK60_G03905 , 758
GWK60_G03971 , 46
GWK60_G03993 , 0
GWK60_G04103 , 0
GWK60_G04257 , 496
GWK60_G04279 , 0
GWK60_G04345 , 371
GWK60_G04389 , 193
GWK60_G04433 , 0
GWK60_G04499 , 238
GWK60_G04521 , 0
GWK60_G04543 , 208
GWK60_G04565 , 719
GWK60_G04587 , 0
GWK60_G04609 , 1
GWK60_G04785 , 11
GWK60_G04961 , 405
GWK60_G04983 , 0
GWK60_G05005 , 393
GWK60_G05027 , 761
GWK60_G05071 , 4
GWK60_G05093 , 915
GWK60_G05159 , 86
GWK60_G05203 , 140
GWK60_G05225 , 21
GWK60_G05247 , 125
GWK60_G05313 , 573
GWK60_G05335 , 429
GWK60_G05357 , 281
GWK60_G05379 , 2
GWK60_G05401 , 0
GWK60_G05423 , 0
GWK60_G05445 , 125
GWK60_G05511 , 1360
GWK60_G05621 , 417
GWK60_G05643 , 0
GWK60_G05797 , 0
GWK60_G05819 , 0
GWK60_G05841 , 772
GWK60_G05907 , 30
GWK60_G05973 , 279
GWK60_G06127 , 2
GWK60_G06171 , 0
GWK60_G06193 , 1209
GWK60_G06215 , 3560
GWK60_G06237 , 695
GWK60_G06281 , 1
GWK60_G06369 , 0
GWK60_G06435 , 1514
GWK60_G06457 , 121
GWK60_G06545 , 0
GWK60_G06589 , 2
GWK60_G06655 , 13
GWK60_G06787 , 4
GWK60_G06809 , 0
GWK60_G06853 , 0
GWK60_G06941 , 222
GWK60_G06963 , 5784
GWK60_G06985 , 27254
GWK60_G07073 , 0
GWK60_G07095 , 4
GWK60_G07117 , 0
GWK60_G07139 , 334
GWK60_G07227 , 17
GWK60_G07315 , 120
GWK60_G07359 , 2245
GWK60_G07381 , 51
GWK60_G07623 , 18
GWK60_G07733 , 6
GWK60_G07755 , 0
GWK60_G07821 , 371
GWK60_G07953 , 7
GWK60_G07975 , 0
GWK60_G08085 , 194
GWK60_G08305 , 230
GWK60_G08437 , 0
GWK60_G08481 , 0
GWK60_G08547 , 138
GWK60_G08569 , 514
GWK60_G08613 , 1
GWK60_G08635 , 0
GWK60_G08657 , 1598
GWK60_G08701 , 14
GWK60_G08723 , 159
GWK60_G08745 , 1742
GWK60_G08855 , 39
GWK60_G08965 , 0
GWK60_G09009 , 0
GWK60_G09163 , 1
GWK60_G09185 , 0
GWK60_G09229 , 82
GWK60_G09273 , 288
GWK60_G09339 , 1073
GWK60_G09361 , 8069
GWK60_G09405 , 0
GWK60_G09471 , 1023
GWK60_G09581 , 24
GWK60_G09625 , 0
GWK60_G09691 , 4701
GWK60_G09779 , 0
GWK60_G09801 , 370
GWK60_G09845 , 11
GWK60_G09889 , 2487
GWK60_G00319 , 289
GWK60_G00473 , 0
GWK60_G00979 , 0
GWK60_G01265 , 1
GWK60_G01617 , 0
GWK60_G01639 , 0
GWK60_G01793 , 0
GWK60_G01837 , 526
GWK60_G02629 , 0
GWK60_G02761 , 0
GWK60_G02849 , 0
GWK60_G02959 , 0
GWK60_G03179 , 0
GWK60_G03377 , 202
GWK60_G03399 , 32
GWK60_G03465 , 0
GWK60_G03619 , 0
GWK60_G03641 , 0
GWK60_G03663 , 0
GWK60_G03751 , 0
GWK60_G03949 , 0
GWK60_G04015 , 0
GWK60_G04081 , 109
GWK60_G04147 , 358
GWK60_G04235 , 330
GWK60_G04301 , 0
GWK60_G04323 , 0
GWK60_G04411 , 81
GWK60_G04477 , 0
GWK60_G04719 , 0
GWK60_G04741 , 0
GWK60_G05049 , 0
GWK60_G05115 , 0
GWK60_G05137 , 0
GWK60_G05269 , 0
GWK60_G05291 , 0
GWK60_G05599 , 0
GWK60_G05775 , 0
GWK60_G05885 , 0
GWK60_G05929 , 0
GWK60_G05951 , 0
GWK60_G06105 , 0
GWK60_G06611 , 0
GWK60_G06721 , 9
GWK60_G06765 , 0
GWK60_G07293 , 62
GWK60_G07337 , 0
GWK60_G07447 , 4
GWK60_G07491 , 0
GWK60_G07513 , 30
GWK60_G07535 , 0
GWK60_G07799 , 0
GWK60_G07865 , 0
GWK60_G07931 , 0
GWK60_G08195 , 0
GWK60_G08371 , 0
GWK60_G08415 , 0
GWK60_G08899 , 5
GWK60_G09075 , 38
GWK60_G09097 , 0
GWK60_G09119 , 0
GWK60_G09295 , 0
GWK60_G09559 , 91
GWK60_H00143 , 4
GWK60_H00165 , 111
GWK60_H00209 , 499
GWK60_H00231 , 946
GWK60_H00253 , 450
GWK60_H00341 , 129
GWK60_H00385 , 344
GWK60_H00495 , 1976
GWK60_H00517 , 0
GWK60_H00539 , 3693
GWK60_H00583 , 377
GWK60_H00715 , 0
GWK60_H00935 , 1
GWK60_H00957 , 1551
GWK60_H01023 , 1210
GWK60_H01045 , 0
GWK60_H01089 , 181
GWK60_H01287 , 0
GWK60_H01331 , 0
GWK60_H01441 , 9
GWK60_H01463 , 0
GWK60_H01507 , 2578
GWK60_H01551 , 0
GWK60_H01727 , 0
GWK60_H01749 , 922
GWK60_H01793 , 444
GWK60_H01815 , 0
GWK60_H01881 , 0
GWK60_H01903 , 738
GWK60_H02035 , 39
GWK60_H02057 , 619
GWK60_H02255 , 0
GWK60_H02277 , 1
GWK60_H02321 , 1969
GWK60_H02387 , 1
GWK60_H02453 , 102
GWK60_H02497 , 29
GWK60_H02519 , 154
GWK60_H02629 , 129
GWK60_H02673 , 0
GWK60_H02783 , 0
GWK60_H03113 , 76
GWK60_H03135 , 0
GWK60_H03157 , 0
GWK60_H03179 , 0
GWK60_H03201 , 429
GWK60_H03245 , 10852
GWK60_H03355 , 339
GWK60_H03377 , 1
GWK60_H03421 , 93
GWK60_H03531 , 3782
GWK60_H03575 , 276
GWK60_H03641 , 1
GWK60_H03751 , 168
GWK60_H03773 , 8
GWK60_H03839 , 577
GWK60_H03861 , 758
GWK60_H03905 , 72
GWK60_H03927 , 317
GWK60_H03949 , 1716
GWK60_H03971 , 0
GWK60_H03993 , 0
GWK60_H04015 , 888
GWK60_H04257 , 728
GWK60_H04345 , 377
GWK60_H04367 , 440
GWK60_H04389 , 17
GWK60_H04433 , 1576
GWK60_H04521 , 1766
GWK60_H04609 , 46
GWK60_H04697 , 274
GWK60_H04741 , 0
GWK60_H04763 , 235
GWK60_H04785 , 235
GWK60_H04851 , 6
GWK60_H04917 , 1341
GWK60_H04983 , 0
GWK60_H05049 , 757
GWK60_H05137 , 0
GWK60_H05159 , 0
GWK60_H05203 , 0
GWK60_H05247 , 906
GWK60_H05269 , 1232
GWK60_H05423 , 918
GWK60_H05577 , 750
GWK60_H05599 , 180
GWK60_H05665 , 371
GWK60_H05731 , 141
GWK60_H05753 , 0
GWK60_H05797 , 162
GWK60_H05819 , 0
GWK60_H05863 , 359
GWK60_H05885 , 101
GWK60_H05907 , 0
GWK60_H05951 , 374
GWK60_H05995 , 32
GWK60_H06083 , 144
GWK60_H06105 , 1483
GWK60_H06127 , 324
GWK60_H06149 , 125
GWK60_H06171 , 24
GWK60_H06193 , 1
GWK60_H06215 , 45
GWK60_H06259 , 417
GWK60_H06325 , 0
GWK60_H06347 , 2953
GWK60_H06369 , 586
GWK60_H06391 , 93
GWK60_H06435 , 159
GWK60_H06523 , 728
GWK60_H06545 , 0
GWK60_H06567 , 857
GWK60_H06589 , 12
GWK60_H06611 , 42
GWK60_H06633 , 300
GWK60_H06721 , 391
GWK60_H06743 , 364
GWK60_H06809 , 1
GWK60_H06897 , 623
GWK60_H06919 , 798
GWK60_H07029 , 394
GWK60_H07073 , 0
GWK60_H07293 , 1255
GWK60_H07315 , 42
GWK60_H07337 , 63
GWK60_H07359 , 38
GWK60_H07381 , 535
GWK60_H07535 , 1137
GWK60_H07557 , 93
GWK60_H07579 , 349
GWK60_H07623 , 70
GWK60_H07645 , 546
GWK60_H07711 , 0
GWK60_H07733 , 41
GWK60_H07755 , 366
GWK60_H07843 , 978
GWK60_H07865 , 441
GWK60_H07887 , 0
GWK60_H07931 , 25
GWK60_H07953 , 1349
GWK60_H07975 , 94
GWK60_H08019 , 0
GWK60_H08063 , 213
GWK60_H08085 , 164
GWK60_H08107 , 0
GWK60_H08129 , 20758
GWK60_H08151 , 15725
GWK60_H08217 , 1020
GWK60_H08261 , 0
GWK60_H08327 , 54
GWK60_H08349 , 3376
GWK60_H08393 , 318
GWK60_H08415 , 47
GWK60_H08459 , 3553
GWK60_H08481 , 1691
GWK60_H08525 , 147
GWK60_H08547 , 575
GWK60_H08635 , 0
GWK60_H08657 , 995
GWK60_H08679 , 433
GWK60_H08723 , 0
GWK60_H08745 , 3234
GWK60_H08789 , 1637
GWK60_H08811 , 249
GWK60_H08833 , 740
GWK60_H08855 , 727
GWK60_H08921 , 1583
GWK60_H08965 , 613
GWK60_H08987 , 98
GWK60_H09009 , 58
GWK60_H09031 , 0
GWK60_H09053 , 317
GWK60_H09075 , 647
GWK60_H09097 , 4050
GWK60_H09119 , 32914
GWK60_H09141 , 6417
GWK60_H09185 , 145
GWK60_H09207 , 63
GWK60_H09229 , 2302
GWK60_H09251 , 208
GWK60_H09273 , 308
GWK60_H09317 , 3924
GWK60_H09339 , 2
GWK60_H09361 , 1837
GWK60_H09383 , 70
GWK60_H09427 , 5508
GWK60_H09493 , 231
GWK60_H09559 , 1023
GWK60_H09581 , 1266
GWK60_H09603 , 1663
GWK60_H09647 , 539
GWK60_H09691 , 12
GWK60_H09713 , 2823
GWK60_H09735 , 2357
GWK60_H09757 , 2375
GWK60_H09779 , 0
GWK60_H09823 , 0
GWK60_H09845 , 695
GWK60_H09867 , 1097
GWK60_H09889 , 796
GWK60_H09911 , 684
GWK60_H09933 , 105
GWK60_H09955 , 1939
GWK60_H09977 , 674
GWK60_H09999 , 14501
GWK60_H10021 , 443
GWK60_H10065 , 329
GWK60_H10087 , 1579
GWK60_H10109 , 1298
GWK60_H10131 , 103
GWK60_H10153 , 0
GWK60_H10175 , 1891
GWK60_H10241 , 907
GWK60_H10263 , 108
GWK60_H10285 , 2
GWK60_H10307 , 1250
GWK60_H10329 , 0
GWK60_H10351 , 43
GWK60_H10373 , 1208
GWK60_H10395 , 828
GWK60_H10417 , 376
GWK60_H10439 , 663
GWK60_H10483 , 116
GWK60_H10505 , 283
GWK60_H10527 , 101
GWK60_H10549 , 101
GWK60_H10571 , 0
GWK60_H00187 , 66
GWK60_H00561 , 0
GWK60_H00649 , 0
GWK60_H00737 , 765
GWK60_H00847 , 1
GWK60_H00891 , 0
GWK60_H00913 , 168
GWK60_H01111 , 525
GWK60_H01265 , 0
GWK60_H01397 , 0
GWK60_H01529 , 3
GWK60_H01573 , 12
GWK60_H01595 , 0
GWK60_H01639 , 1232
GWK60_H01683 , 0
GWK60_H01837 , 0
GWK60_H01969 , 0
GWK60_H02079 , 0
GWK60_H02123 , 0
GWK60_H02145 , 1
GWK60_H02167 , 278
GWK60_H02211 , 0
GWK60_H02343 , 1
GWK60_H02695 , 0
GWK60_H02761 , 0
GWK60_H03223 , 0
GWK60_H03443 , 4
GWK60_H03553 , 0
GWK60_H03685 , 0
GWK60_H03707 , 162
GWK60_H03795 , 0
GWK60_H04191 , 0
GWK60_H04213 , 0
GWK60_H04477 , 0
GWK60_H04631 , 0
GWK60_H04719 , 0
GWK60_H04807 , 66
GWK60_H04895 , 442
GWK60_H05093 , 22
GWK60_H05225 , 22
GWK60_H05379 , 0
GWK60_H05445 , 0
GWK60_H05533 , 0
GWK60_H06061 , 0
GWK60_H06237 , 0
GWK60_H06413 , 54
GWK60_H06479 , 0
GWK60_H06765 , 0
GWK60_H06787 , 1403
GWK60_H06875 , 0
GWK60_H06941 , 0
GWK60_H06963 , 11
GWK60_H07007 , 0
GWK60_H07139 , 30
GWK60_H07249 , 21
GWK60_H07271 , 0
GWK60_H07469 , 37
GWK60_H07821 , 86
GWK60_H07997 , 0
GWK60_H08195 , 0
GWK60_H08877 , 0
GWK60_H09295 , 20
GWK60_H09537 , 91
GWK60_H09801 , 188
GWK60_I00055 , 34
GWK60_I00077 , 5
GWK60_I00121 , 0
GWK60_I00165 , 941
GWK60_I00187 , 62
GWK60_I00209 , 96
GWK60_I00275 , 316
GWK60_I00297 , 204
GWK60_I00341 , 2255
GWK60_I00363 , 322
GWK60_I00385 , 59
GWK60_I00407 , 1103
GWK60_I00451 , 77
GWK60_I00495 , 11
GWK60_I00517 , 0
GWK60_I00539 , 192
GWK60_I00605 , 1
GWK60_I00627 , 34
GWK60_I00715 , 132
GWK60_I00781 , 0
GWK60_I00825 , 55
GWK60_I00891 , 0
GWK60_I00935 , 1215
GWK60_I00957 , 102
GWK60_I00979 , 68
GWK60_I01023 , 391
GWK60_I01045 , 0
GWK60_I01067 , 1700
GWK60_I01089 , 0
GWK60_I01111 , 5
GWK60_I01133 , 573
GWK60_I01199 , 0
GWK60_I01221 , 576
GWK60_I01265 , 0
GWK60_I01309 , 4562
GWK60_I01331 , 5321
GWK60_I01375 , 81
GWK60_I01397 , 331
GWK60_I01419 , 2766
GWK60_I01485 , 7203
GWK60_I01507 , 1104
GWK60_I01551 , 1223
GWK60_I01573 , 480
GWK60_I01595 , 309
GWK60_I01639 , 530
GWK60_I01661 , 1
GWK60_I01705 , 380
GWK60_I01771 , 136
GWK60_I01793 , 107
GWK60_I01815 , 812
GWK60_I01837 , 32
GWK60_I01859 , 0
GWK60_I01969 , 0
GWK60_I01991 , 0
GWK60_I02057 , 338
GWK60_I02123 , 133
GWK60_I02233 , 0
GWK60_I02255 , 788
GWK60_I02277 , 0
GWK60_I02321 , 0
GWK60_I02343 , 775
GWK60_I02365 , 101
GWK60_I02387 , 0
GWK60_I02453 , 1085
GWK60_I02475 , 8
GWK60_I02497 , 0
GWK60_I02519 , 8621
GWK60_I02541 , 1556
GWK60_I02563 , 241
GWK60_I02585 , 0
GWK60_I02629 , 2605
GWK60_I02651 , 378
GWK60_I02673 , 5
GWK60_I02695 , 1938
GWK60_I02739 , 5210
GWK60_I02783 , 2105
GWK60_I02805 , 24
GWK60_I02871 , 284
GWK60_I02893 , 87
GWK60_I02915 , 2480
GWK60_I02981 , 2
GWK60_I03025 , 590
GWK60_I03091 , 1133
GWK60_I03179 , 747
GWK60_I03223 , 3764
GWK60_I03245 , 1079
GWK60_I03267 , 226
GWK60_I03311 , 9
GWK60_I03355 , 4017
GWK60_I03377 , 0
GWK60_I03399 , 21334
GWK60_I03421 , 74
GWK60_I03443 , 2428
GWK60_I03465 , 1
GWK60_I03509 , 0
GWK60_I03531 , 3250
GWK60_I03553 , 1370
GWK60_I03575 , 0
GWK60_I03597 , 2486
GWK60_I03619 , 1816
GWK60_I03641 , 6056
GWK60_I03663 , 397
GWK60_I03707 , 2010
GWK60_I03729 , 54
GWK60_I03795 , 2442
GWK60_I03839 , 0
GWK60_I03883 , 0
GWK60_I03905 , 3513
GWK60_I03927 , 806
GWK60_I03993 , 886
GWK60_I04015 , 278
GWK60_I04037 , 1617
GWK60_I04059 , 1044
GWK60_I04081 , 1375
GWK60_I04103 , 9055
GWK60_I04169 , 171
GWK60_I04235 , 835
GWK60_I04279 , 926
GWK60_I04367 , 0
GWK60_I04411 , 196
GWK60_I04433 , 735
GWK60_I04455 , 1307
GWK60_I04499 , 1133
GWK60_I04565 , 1
GWK60_I04587 , 2531
GWK60_I04609 , 1539
GWK60_I04631 , 127
GWK60_I04741 , 281
GWK60_I04763 , 48
GWK60_I04785 , 4935
GWK60_I04807 , 718
GWK60_I04829 , 0
GWK60_I04895 , 0
GWK60_I04939 , 1231
GWK60_I04961 , 417
GWK60_I04983 , 1076
GWK60_I05005 , 1775
GWK60_I05027 , 0
GWK60_I05071 , 0
GWK60_I05093 , 607
GWK60_I05115 , 162
GWK60_I05181 , 0
GWK60_I05225 , 2912
GWK60_I05247 , 1010
GWK60_I05269 , 177
GWK60_I05335 , 231
GWK60_I05379 , 2771
GWK60_I05445 , 0
GWK60_I05467 , 34
GWK60_I05489 , 1805
GWK60_I05511 , 17
GWK60_I05555 , 1021
GWK60_I05599 , 5964
GWK60_I05621 , 708
GWK60_I05643 , 2042
GWK60_I05665 , 3959
GWK60_I05731 , 400
GWK60_I05775 , 349
GWK60_I05797 , 3054
GWK60_I05819 , 0
GWK60_I05863 , 1098
GWK60_I05885 , 491
GWK60_I05907 , 571
GWK60_I05929 , 2707
GWK60_I06017 , 1
GWK60_I06061 , 97
GWK60_I06105 , 0
GWK60_I06149 , 133
GWK60_I06215 , 2620
GWK60_I06237 , 86
GWK60_I06347 , 0
GWK60_I00143 , 0
GWK60_I00253 , 0
GWK60_I00429 , 0
GWK60_I00561 , 0
GWK60_I00671 , 0
GWK60_I00913 , 36
GWK60_I01177 , 1
GWK60_I01243 , 0
GWK60_I01287 , 135
GWK60_I01441 , 0
GWK60_I01463 , 0
GWK60_I01529 , 625
GWK60_I01617 , 0
GWK60_I01683 , 0
GWK60_I01749 , 0
GWK60_I01925 , 0
GWK60_I01947 , 0
GWK60_I02145 , 0
GWK60_I02189 , 0
GWK60_I02299 , 0
GWK60_I02717 , 0
GWK60_I02761 , 0
GWK60_I02937 , 0
GWK60_I03003 , 68
GWK60_I03113 , 0
GWK60_I03157 , 4
GWK60_I03201 , 0
GWK60_I03751 , 0
GWK60_I03773 , 0
GWK60_I03861 , 0
GWK60_I04213 , 0
GWK60_I04477 , 0
GWK60_I04675 , 0
GWK60_I04697 , 0
GWK60_I04917 , 208
GWK60_I05137 , 74
GWK60_I05203 , 0
GWK60_I05291 , 0
GWK60_I05313 , 0
GWK60_I05577 , 0
GWK60_I05951 , 0
GWK60_I06039 , 0
GWK60_I06171 , 56
GWK60_I06193 , 0
GWK60_I06325 , 0
GWK60_I06369 , 0
GWK60_J00011 , 93
GWK60_J00077 , 287
GWK60_J00143 , 2686
GWK60_J00231 , 1
GWK60_J00253 , 470
GWK60_J00385 , 178
GWK60_J00407 , 198
GWK60_J00429 , 668
GWK60_J00451 , 20
GWK60_J00473 , 1034
GWK60_J00539 , 0
GWK60_J00605 , 455
GWK60_J00693 , 514
GWK60_J00715 , 2291
GWK60_J00737 , 1648
GWK60_J00759 , 0
GWK60_J00803 , 35
GWK60_J00891 , 0
GWK60_J00913 , 841
GWK60_J00935 , 0
GWK60_J01067 , 1085
GWK60_J01111 , 1
GWK60_J01133 , 261
GWK60_J01221 , 0
GWK60_J01243 , 1838
GWK60_J01265 , 1
GWK60_J01309 , 780
GWK60_J01331 , 1
GWK60_J01353 , 2915
GWK60_J01397 , 9795
GWK60_J01419 , 397
GWK60_J01441 , 1
GWK60_J01507 , 55
GWK60_J01551 , 1
GWK60_J01573 , 241
GWK60_J01595 , 6849
GWK60_J01639 , 32675
GWK60_J01661 , 2518
GWK60_J01683 , 43
GWK60_J01727 , 5785
GWK60_J01749 , 1019
GWK60_J01793 , 2797
GWK60_J01837 , 1739
GWK60_J01881 , 133
GWK60_J01925 , 3141
GWK60_J01991 , 5321
GWK60_J02013 , 14455
GWK60_J02035 , 3325
GWK60_J02101 , 1629
GWK60_J02123 , 893
GWK60_J02145 , 217
GWK60_J02189 , 1586
GWK60_J02233 , 0
GWK60_J02255 , 0
GWK60_J02321 , 2147
GWK60_J02343 , 3101
GWK60_J02365 , 963
GWK60_J02387 , 2756
GWK60_J02409 , 0
GWK60_J02431 , 0
GWK60_J02475 , 292
GWK60_J02497 , 536
GWK60_J02519 , 323
GWK60_J02541 , 44
GWK60_J02563 , 208
GWK60_J02629 , 930
GWK60_J02673 , 578
GWK60_J02695 , 40
GWK60_J02717 , 3679
GWK60_J02739 , 2411
GWK60_J02761 , 3798
GWK60_J02805 , 147
GWK60_J02827 , 2
GWK60_J02849 , 4495
GWK60_J02871 , 2637
GWK60_J02915 , 1790
GWK60_J02981 , 128
GWK60_J03003 , 2286
GWK60_J03069 , 2
GWK60_J03113 , 2
GWK60_J03135 , 284
GWK60_J03333 , 659
GWK60_J03377 , 752
GWK60_J03421 , 201
GWK60_J03531 , 16
GWK60_J03597 , 406
GWK60_J03619 , 3259
GWK60_J03663 , 0
GWK60_J03685 , 325
GWK60_J03729 , 165
GWK60_J03751 , 448
GWK60_J03773 , 1167
GWK60_J03817 , 0
GWK60_J03839 , 812
GWK60_J03861 , 1209
GWK60_J03905 , 278
GWK60_J03927 , 673
GWK60_J03971 , 125
GWK60_J03993 , 360
GWK60_J04037 , 11
GWK60_J04059 , 15
GWK60_J04081 , 293
GWK60_J04125 , 1014
GWK60_J04169 , 48
GWK60_J04235 , 115
GWK60_J04279 , 150
GWK60_J04301 , 98
GWK60_J04345 , 230
GWK60_J04367 , 2
GWK60_J04389 , 0
GWK60_J04433 , 0
GWK60_J04455 , 1157
GWK60_J04477 , 0
GWK60_J04631 , 1
GWK60_J04675 , 126
GWK60_J04697 , 0
GWK60_J04763 , 4
GWK60_J04785 , 510
GWK60_J04807 , 0
GWK60_J04851 , 136
GWK60_J04873 , 0
GWK60_J04939 , 1924
GWK60_J04961 , 2047
GWK60_J04983 , 0
GWK60_J05049 , 0
GWK60_J05093 , 207
GWK60_J05115 , 3
GWK60_J05181 , 62
GWK60_J05313 , 180
GWK60_J05445 , 332
GWK60_J05533 , 25
GWK60_J05555 , 0
GWK60_J05599 , 23
GWK60_J05621 , 2331
GWK60_J05643 , 0
GWK60_J05665 , 0
GWK60_J05709 , 146
GWK60_J05731 , 43
GWK60_J05753 , 52
GWK60_J05775 , 0
GWK60_J05819 , 351
GWK60_J05841 , 26
GWK60_J05929 , 7
GWK60_J05951 , 1
GWK60_J05995 , 38
GWK60_J06017 , 975
GWK60_J06083 , 2
GWK60_J06127 , 385
GWK60_J06193 , 0
GWK60_J06303 , 310
GWK60_J06347 , 0
GWK60_J06523 , 1
GWK60_J06545 , 2
GWK60_J06567 , 420
GWK60_J06611 , 0
GWK60_J06655 , 76
GWK60_J06721 , 171
GWK60_J06809 , 217
GWK60_J06831 , 817
GWK60_J06853 , 1128
GWK60_J06875 , 291
GWK60_J06897 , 501
GWK60_J06919 , 25
GWK60_J06985 , 194
GWK60_J07117 , 2
GWK60_J07161 , 0
GWK60_J07337 , 298
GWK60_J07359 , 1948
GWK60_J07403 , 374
GWK60_J07469 , 0
GWK60_J07491 , 0
GWK60_J07689 , 9
GWK60_J07733 , 159
GWK60_J07821 , 27
GWK60_J07931 , 3
GWK60_J08019 , 114
GWK60_J08041 , 159
GWK60_J08063 , 253
GWK60_J08107 , 1
GWK60_J08129 , 31
GWK60_J08151 , 622
GWK60_J08173 , 1675
GWK60_J08195 , 1
GWK60_J08217 , 2139
GWK60_J08261 , 0
GWK60_J08283 , 0
GWK60_J08305 , 283
GWK60_J08393 , 0
GWK60_J08415 , 183
GWK60_J08437 , 220
GWK60_J08525 , 76
GWK60_J08547 , 139
GWK60_J08569 , 14
GWK60_J08613 , 0
GWK60_J08635 , 1
GWK60_J08767 , 0
GWK60_J08833 , 47
GWK60_J08855 , 2
GWK60_J08877 , 0
GWK60_J08921 , 140
GWK60_J08943 , 2
GWK60_J08987 , 195
GWK60_J09009 , 2
GWK60_J09031 , 2
GWK60_J09053 , 2
GWK60_J09097 , 250
GWK60_J09141 , 149
GWK60_J09163 , 0
GWK60_J09207 , 50
GWK60_J09317 , 19
GWK60_J09471 , 0
GWK60_J09515 , 1
GWK60_J09537 , 0
GWK60_J09735 , 0
GWK60_J09757 , 31
GWK60_J09779 , 154
GWK60_J09801 , 81
GWK60_J09845 , 0
GWK60_J09889 , 103
GWK60_J09911 , 61
GWK60_J09933 , 51
GWK60_J09999 , 0
GWK60_J10087 , 16
GWK60_J10153 , 79
GWK60_J10175 , 359
GWK60_J10197 , 0
GWK60_J10263 , 1
GWK60_J10285 , 1176
GWK60_J10329 , 131
GWK60_J10351 , 113
GWK60_J10461 , 135
GWK60_J10483 , 35
GWK60_J10505 , 2
GWK60_J10571 , 9
GWK60_J10769 , 15
GWK60_J10791 , 349
GWK60_J10813 , 0
GWK60_J10835 , 299
GWK60_J10967 , 214
GWK60_J11033 , 918
GWK60_J11099 , 484
GWK60_J11165 , 2952
GWK60_J11187 , 406
GWK60_J11341 , 0
GWK60_J11407 , 0
GWK60_J11539 , 1105
GWK60_J11561 , 88
GWK60_J11583 , 0
GWK60_J11605 , 0
GWK60_J11693 , 37
GWK60_J11715 , 104
GWK60_J11737 , 43
GWK60_J00055 , 0
GWK60_J00297 , 7
GWK60_J00363 , 1
GWK60_J00583 , 3
GWK60_J00649 , 0
GWK60_J01045 , 0
GWK60_J01199 , 110
GWK60_J01375 , 118
GWK60_J01463 , 0
GWK60_J01485 , 0
GWK60_J01529 , 48
GWK60_J01771 , 8
GWK60_J01815 , 623
GWK60_J01859 , 39
GWK60_J02057 , 0
GWK60_J02299 , 8
GWK60_J02585 , 151
GWK60_J02959 , 0
GWK60_J03091 , 0
GWK60_J03179 , 0
GWK60_J03201 , 0
GWK60_J03245 , 0
GWK60_J03267 , 0
GWK60_J03355 , 0
GWK60_J03487 , 184
GWK60_J03553 , 15
GWK60_J03641 , 0
GWK60_J03795 , 0
GWK60_J03949 , 0
GWK60_J04103 , 0
GWK60_J04213 , 0
GWK60_J04411 , 0
GWK60_J04609 , 0
GWK60_J04653 , 0
GWK60_J04719 , 0
GWK60_J04741 , 0
GWK60_J04917 , 0
GWK60_J05467 , 0
GWK60_J05577 , 0
GWK60_J05973 , 679
GWK60_J06237 , 235
GWK60_J06259 , 0
GWK60_J06281 , 0
GWK60_J06369 , 64
GWK60_J06391 , 0
GWK60_J06435 , 127
GWK60_J06457 , 259
GWK60_J06743 , 0
GWK60_J07007 , 0
GWK60_J07051 , 0
GWK60_J07205 , 0
GWK60_J07315 , 24
GWK60_J07381 , 0
GWK60_J07711 , 0
GWK60_J08085 , 0
GWK60_J08327 , 18
GWK60_J08503 , 1304
GWK60_J08745 , 0
GWK60_J08965 , 0
GWK60_J09119 , 0
GWK60_J09229 , 1
GWK60_J09339 , 0
GWK60_J09493 , 0
GWK60_J09581 , 0
GWK60_J09823 , 0
GWK60_J09977 , 0
GWK60_J10021 , 0
GWK60_J10131 , 0
GWK60_J10241 , 111
GWK60_J10527 , 0
GWK60_J10615 , 0
GWK60_J10901 , 0
GWK60_J10923 , 0
GWK60_J10989 , 0
GWK60_J11143 , 0
GWK60_J11319 , 433
GWK60_J11517 , 0
GWK60_J11627 , 0
GWK60_K00011 , 0
GWK60_K00077 , 84
GWK60_K00121 , 19
GWK60_K00187 , 613
GWK60_K00209 , 680
GWK60_K00231 , 290
GWK60_K00253 , 49
GWK60_K00297 , 0
GWK60_K00319 , 8
GWK60_K00341 , 9
GWK60_K00429 , 3863
GWK60_K00473 , 0
GWK60_K00517 , 3940
GWK60_K00539 , 278
GWK60_K00561 , 8
GWK60_K00583 , 0
GWK60_K00627 , 946
GWK60_K00649 , 2
GWK60_K00693 , 59
GWK60_K00759 , 175
GWK60_K00781 , 126
GWK60_K00825 , 1193
GWK60_K00979 , 299
GWK60_K01067 , 1820
GWK60_K01199 , 223
GWK60_K01309 , 0
GWK60_K01331 , 0
GWK60_K01375 , 492
GWK60_K01485 , 1
GWK60_K01507 , 613
GWK60_K01573 , 296
GWK60_K01595 , 1229
GWK60_K01617 , 85
GWK60_K01639 , 240
GWK60_K01727 , 0
GWK60_K01749 , 183
GWK60_K01859 , 0
GWK60_K01881 , 982
GWK60_K01947 , 1183
GWK60_K01991 , 1497
GWK60_K02013 , 30
GWK60_K02123 , 677
GWK60_K02145 , 353
GWK60_K02189 , 1980
GWK60_K02211 , 398
GWK60_K02277 , 973
GWK60_K02299 , 26
GWK60_K02321 , 527
GWK60_K02365 , 1873
GWK60_K02409 , 806
GWK60_K02431 , 39
GWK60_K02475 , 21677
GWK60_K02497 , 1423
GWK60_K02519 , 879
GWK60_K02541 , 5098
GWK60_K02563 , 1
GWK60_K02585 , 76
GWK60_K02607 , 25
GWK60_K02629 , 6069
GWK60_K02673 , 2171
GWK60_K02695 , 0
GWK60_K02717 , 634
GWK60_K02739 , 977
GWK60_K02761 , 0
GWK60_K02783 , 3637
GWK60_K02849 , 491
GWK60_K02871 , 2
GWK60_K02915 , 1
GWK60_K02937 , 41
GWK60_K02959 , 3409
GWK60_K03003 , 965
GWK60_K03025 , 714
GWK60_K03047 , 0
GWK60_K03069 , 187
GWK60_K03091 , 754
GWK60_K03135 , 299
GWK60_K03157 , 0
GWK60_K03201 , 0
GWK60_K03223 , 629
GWK60_K03267 , 1107
GWK60_K03289 , 3262
GWK60_K03311 , 462
GWK60_K03377 , 1576
GWK60_K03465 , 312
GWK60_K03509 , 4620
GWK60_K03531 , 532
GWK60_K03553 , 1359
GWK60_K03575 , 227
GWK60_K03619 , 0
GWK60_K03685 , 3068
GWK60_K03707 , 117
GWK60_K03773 , 235
GWK60_K03839 , 345
GWK60_K03883 , 1367
GWK60_K03905 , 3186
GWK60_K04015 , 1738
GWK60_K04037 , 1637
GWK60_K04059 , 349
GWK60_K04081 , 1011
GWK60_K04103 , 433
GWK60_K04125 , 811
GWK60_K04169 , 194
GWK60_K04191 , 0
GWK60_K04213 , 749
GWK60_K04235 , 1331
GWK60_K04257 , 0
GWK60_K04279 , 0
GWK60_K04323 , 64
GWK60_K04367 , 1289
GWK60_K04389 , 1
GWK60_K04411 , 0
GWK60_K04433 , 86
GWK60_K04499 , 2130
GWK60_K04521 , 785
GWK60_K04543 , 9
GWK60_K04587 , 0
GWK60_K04609 , 1125
GWK60_K04653 , 64
GWK60_K04719 , 610
GWK60_K04741 , 0
GWK60_K04785 , 90
GWK60_K04829 , 0
GWK60_K04851 , 30
GWK60_K04939 , 7
GWK60_K05049 , 0
GWK60_K05071 , 43
GWK60_K05093 , 386
GWK60_K05115 , 91
GWK60_K05247 , 0
GWK60_K05269 , 0
GWK60_K05401 , 0
GWK60_K05533 , 866
GWK60_K05577 , 13
GWK60_K05665 , 0
GWK60_K05709 , 3322
GWK60_K05775 , 6
GWK60_K05797 , 36
GWK60_K05863 , 1
GWK60_K05951 , 297
GWK60_K05995 , 251
GWK60_K06083 , 1553
GWK60_K06171 , 28
GWK60_K06281 , 92
GWK60_K06303 , 257
GWK60_K06325 , 8
GWK60_K06369 , 20
GWK60_K06501 , 2629
GWK60_K06567 , 1165
GWK60_K06589 , 1487
GWK60_K06655 , 48
GWK60_K06721 , 45
GWK60_K06743 , 15
GWK60_K06831 , 0
GWK60_K06985 , 0
GWK60_K07029 , 427
GWK60_K07095 , 34
GWK60_K07117 , 359
GWK60_K07139 , 141
GWK60_K07183 , 792
GWK60_K07205 , 262
GWK60_K07293 , 249
GWK60_K07315 , 101
GWK60_K07381 , 0
GWK60_K07403 , 107
GWK60_K07447 , 0
GWK60_K07513 , 1158
GWK60_K07579 , 130
GWK60_K07623 , 8
GWK60_K07689 , 1
GWK60_K07711 , 19
GWK60_K07821 , 0
GWK60_K07843 , 47
GWK60_K07865 , 113
GWK60_K07887 , 277
GWK60_K07909 , 2276
GWK60_K07931 , 974
GWK60_K07975 , 60
GWK60_K07997 , 217
GWK60_K08041 , 2
GWK60_K08063 , 132
GWK60_K08085 , 0
GWK60_K08107 , 358
GWK60_K08129 , 1
GWK60_K08151 , 196
GWK60_K08173 , 0
GWK60_K08261 , 0
GWK60_K08283 , 1480
GWK60_K08349 , 139
GWK60_K08371 , 0
GWK60_K08393 , 5
GWK60_K08437 , 2
GWK60_K08503 , 46
GWK60_K08547 , 188
GWK60_K08591 , 0
GWK60_K08613 , 65
GWK60_K08635 , 227
GWK60_K08657 , 0
GWK60_K08789 , 0
GWK60_K08855 , 68
GWK60_K08877 , 0
GWK60_K08899 , 0
GWK60_K08943 , 2
GWK60_K08965 , 0
GWK60_K09009 , 1016
GWK60_K09075 , 0
GWK60_K09141 , 0
GWK60_K09163 , 77
GWK60_K09185 , 0
GWK60_K09229 , 16
GWK60_K09273 , 95
GWK60_K09295 , 0
GWK60_K09405 , 0
GWK60_K09427 , 62
GWK60_K09449 , 1
GWK60_K09471 , 198
GWK60_K09515 , 89
GWK60_K09581 , 217
GWK60_K09625 , 0
GWK60_K09647 , 78
GWK60_K09669 , 659
GWK60_K09691 , 8
GWK60_K09713 , 0
GWK60_K09735 , 299
GWK60_K09757 , 251
GWK60_K09779 , 0
GWK60_K09801 , 0
GWK60_K09933 , 14
GWK60_K09977 , 1
GWK60_K10043 , 34
GWK60_K10087 , 73
GWK60_K10131 , 92
GWK60_K10175 , 196
GWK60_K10197 , 137
GWK60_K10263 , 162
GWK60_K10285 , 84
GWK60_K10351 , 16
GWK60_K10373 , 652
GWK60_K10395 , 3464
GWK60_K10483 , 27
GWK60_K10505 , 99
GWK60_K10549 , 4467
GWK60_K10615 , 0
GWK60_K10659 , 1879
GWK60_K10703 , 17
GWK60_K10769 , 1
GWK60_K10791 , 0
GWK60_K10813 , 8
GWK60_K10879 , 0
GWK60_K10901 , 18
GWK60_K11055 , 0
GWK60_K11099 , 0
GWK60_K11275 , 0
GWK60_K11627 , 66
GWK60_K11649 , 249
GWK60_K11671 , 335
GWK60_K11715 , 0
GWK60_K11759 , 111
GWK60_K11847 , 200
GWK60_K11913 , 226
GWK60_K12089 , 27
GWK60_K12221 , 21
GWK60_K12287 , 0
GWK60_K12309 , 3107
GWK60_K12485 , 1222
GWK60_K12507 , 64
GWK60_K12551 , 0
GWK60_K12639 , 154
GWK60_K12683 , 0
GWK60_K12705 , 0
GWK60_K12727 , 96
GWK60_K12749 , 698
GWK60_K12771 , 156
GWK60_K00407 , 0
GWK60_K00869 , 0
GWK60_K01001 , 0
GWK60_K01045 , 71
GWK60_K01155 , 14
GWK60_K01265 , 0
GWK60_K01287 , 0
GWK60_K01353 , 0
GWK60_K01529 , 622
GWK60_K01551 , 0
GWK60_K01661 , 0
GWK60_K01793 , 108
GWK60_K01837 , 0
GWK60_K01925 , 0
GWK60_K02035 , 0
GWK60_K02453 , 0
GWK60_K02805 , 1
GWK60_K02827 , 0
GWK60_K02893 , 0
GWK60_K03179 , 0
GWK60_K03333 , 0
GWK60_K03355 , 0
GWK60_K03421 , 0
GWK60_K03443 , 0
GWK60_K03751 , 0
GWK60_K03817 , 0
GWK60_K03971 , 0
GWK60_K03993 , 0
GWK60_K04455 , 0
GWK60_K04983 , 197
GWK60_K05291 , 0
GWK60_K05423 , 0
GWK60_K05555 , 35
GWK60_K05599 , 1
GWK60_K05731 , 0
GWK60_K05885 , 98
GWK60_K05929 , 0
GWK60_K06127 , 56
GWK60_K06391 , 0
GWK60_K06523 , 0
GWK60_K06545 , 0
GWK60_K06677 , 0
GWK60_K06699 , 177
GWK60_K06765 , 0
GWK60_K06919 , 194
GWK60_K07271 , 0
GWK60_K07337 , 776
GWK60_K07359 , 92
GWK60_K07425 , 0
GWK60_K07491 , 166
GWK60_K07601 , 176
GWK60_K07645 , 0
GWK60_K07799 , 0
GWK60_K08305 , 118
GWK60_K08327 , 1
GWK60_K08459 , 1
GWK60_K08481 , 350
GWK60_K08569 , 0
GWK60_K08745 , 84
GWK60_K09031 , 27
GWK60_K09493 , 0
GWK60_K09999 , 1
GWK60_K10065 , 0
GWK60_K10109 , 0
GWK60_K10307 , 0
GWK60_K10329 , 0
GWK60_K10417 , 200
GWK60_K10571 , 0
GWK60_K10637 , 0
GWK60_K10725 , 23
GWK60_K10747 , 0
GWK60_K10923 , 0
GWK60_K11231 , 0
GWK60_K11253 , 0
GWK60_K11363 , 0
GWK60_K11385 , 0
GWK60_K11407 , 52
GWK60_K11451 , 0
GWK60_K11803 , 0
GWK60_K11869 , 0
GWK60_K12133 , 0
GWK60_K12177 , 0
GWK60_K12199 , 0
GWK60_K12265 , 5
GWK60_K12331 , 1
GWK60_K12463 , 135
GWK60_L00011 , 177
GWK60_L00121 , 0
GWK60_L00143 , 76
GWK60_L00209 , 62
GWK60_L00319 , 21
GWK60_L00451 , 0
GWK60_L00473 , 163
GWK60_L00561 , 278
GWK60_L00583 , 1
GWK60_L00627 , 0
GWK60_L00693 , 190
GWK60_L00715 , 12
GWK60_L00737 , 79
GWK60_L00781 , 93
GWK60_L00913 , 5495
GWK60_L00935 , 332
GWK60_L00979 , 577
GWK60_L01001 , 0
GWK60_L01023 , 0
GWK60_L01089 , 904
GWK60_L01111 , 9
GWK60_L01133 , 48
GWK60_L01177 , 1767
GWK60_L01353 , 4
GWK60_L01397 , 0
GWK60_L01463 , 324
GWK60_L01485 , 0
GWK60_L01507 , 1
GWK60_L01573 , 907
GWK60_L01639 , 398
GWK60_L01683 , 0
GWK60_L01705 , 0
GWK60_L01771 , 204
GWK60_L01837 , 0
GWK60_L01881 , 52
GWK60_L01925 , 0
GWK60_L01947 , 1461
GWK60_L02057 , 0
GWK60_L02079 , 0
GWK60_L02211 , 0
GWK60_L02299 , 7008
GWK60_L02321 , 1353
GWK60_L02343 , 0
GWK60_L02409 , 0
GWK60_L02453 , 75
GWK60_L02519 , 0
GWK60_L02585 , 623
GWK60_L02607 , 202
GWK60_L02871 , 15
GWK60_L02915 , 295
GWK60_L02937 , 0
GWK60_L03069 , 532
GWK60_L03201 , 65
GWK60_L03267 , 1041
GWK60_L03289 , 3
GWK60_L03311 , 191
GWK60_L03377 , 307
GWK60_L03553 , 0
GWK60_L03597 , 0
GWK60_L03641 , 132
GWK60_L03707 , 756
GWK60_L03729 , 1
GWK60_L03751 , 859
GWK60_L03949 , 0
GWK60_L04037 , 218
GWK60_L04125 , 156
GWK60_L04257 , 118
GWK60_L04301 , 702
GWK60_L04367 , 51
GWK60_L04521 , 236
GWK60_L04609 , 1
GWK60_L04763 , 7360
GWK60_L04785 , 7
GWK60_L04807 , 778
GWK60_L04829 , 45
GWK60_L04873 , 0
GWK60_L04917 , 91
GWK60_L04961 , 979
GWK60_L04983 , 1537
GWK60_L05049 , 40
GWK60_L05071 , 0
GWK60_L05335 , 28
GWK60_L05357 , 8
GWK60_L05423 , 0
GWK60_L05445 , 32
GWK60_L05489 , 1
GWK60_L05533 , 90
GWK60_L05665 , 0
GWK60_L05709 , 30
GWK60_L05841 , 611
GWK60_L05863 , 15
GWK60_L05929 , 2312
GWK60_L06017 , 66
GWK60_L06061 , 159
GWK60_L06083 , 0
GWK60_L06215 , 38
GWK60_L06237 , 385
GWK60_L06347 , 0
GWK60_L06369 , 0
GWK60_L06413 , 78
GWK60_L06435 , 0
GWK60_L06457 , 305
GWK60_L06479 , 216
GWK60_L06501 , 0
GWK60_L06611 , 1185
GWK60_L06633 , 0
GWK60_L06655 , 137
GWK60_L06677 , 1227
GWK60_L06721 , 0
GWK60_L06919 , 64
GWK60_L06985 , 1379
GWK60_L07007 , 72
GWK60_L07095 , 179
GWK60_L07117 , 91
GWK60_L07161 , 0
GWK60_L07227 , 2456
GWK60_L07337 , 5
GWK60_L07359 , 0
GWK60_L07381 , 202
GWK60_L07425 , 0
GWK60_L07491 , 2
GWK60_L07535 , 968
GWK60_L07579 , 0
GWK60_L07601 , 5
GWK60_L07667 , 1040
GWK60_L07689 , 1677
GWK60_L07711 , 0
GWK60_L07755 , 1
GWK60_L07777 , 6418
GWK60_L07821 , 219
GWK60_L07931 , 0
GWK60_L07997 , 605
GWK60_L08019 , 847
GWK60_L08041 , 0
GWK60_L08107 , 16
GWK60_L08151 , 0
GWK60_L08437 , 2807
GWK60_L08525 , 62
GWK60_L08547 , 3555
GWK60_L08569 , 373
GWK60_L08591 , 521
GWK60_L08723 , 27
GWK60_L08745 , 37
GWK60_L08767 , 878
GWK60_L08811 , 97
GWK60_L08899 , 207
GWK60_L08965 , 214
GWK60_L09097 , 32
GWK60_L09163 , 0
GWK60_L09207 , 1730
GWK60_L09251 , 835
GWK60_L09295 , 0
GWK60_L09339 , 4
GWK60_L09361 , 24
GWK60_L09405 , 0
GWK60_L09449 , 14
GWK60_L09471 , 902
GWK60_L09493 , 210
GWK60_L09515 , 0
GWK60_L09537 , 219
GWK60_L09559 , 645
GWK60_L09581 , 87
GWK60_L09625 , 9
GWK60_L09713 , 0
GWK60_L09779 , 0
GWK60_L09801 , 824
GWK60_L09955 , 1286
GWK60_L10043 , 1218
GWK60_L10109 , 91
GWK60_L10175 , 2
GWK60_L10263 , 443
GWK60_L10285 , 89
GWK60_L10307 , 0
GWK60_L10395 , 52
GWK60_L10417 , 0
GWK60_L10483 , 0
GWK60_L10615 , 2756
GWK60_L10637 , 1788
GWK60_L10659 , 256
GWK60_L10725 , 175
GWK60_L10747 , 61
GWK60_L10769 , 25
GWK60_L10791 , 45
GWK60_L10813 , 178
GWK60_L10945 , 319
GWK60_L10967 , 49
GWK60_L11055 , 43
GWK60_L11077 , 1
GWK60_L11143 , 146
GWK60_L11187 , 99
GWK60_L11231 , 1
GWK60_L11253 , 187
GWK60_L11275 , 6
GWK60_L11319 , 90
GWK60_L11341 , 4352
GWK60_L11385 , 230
GWK60_L11451 , 1
GWK60_L11473 , 2
GWK60_L11561 , 1197
GWK60_L11627 , 927
GWK60_L11649 , 0
GWK60_L11715 , 111
GWK60_L11737 , 280
GWK60_L11759 , 889
GWK60_L11781 , 277
GWK60_L11847 , 3016
GWK60_L11869 , 38
GWK60_L11891 , 65
GWK60_L11935 , 120
GWK60_L11957 , 12676
GWK60_L12023 , 30
GWK60_L12067 , 676
GWK60_L12089 , 2983
GWK60_L12133 , 0
GWK60_L12177 , 0
GWK60_L12221 , 0
GWK60_L12265 , 526
GWK60_L12353 , 402
GWK60_L12397 , 1380
GWK60_L12485 , 99
GWK60_L12507 , 483
GWK60_L12529 , 0
GWK60_L12551 , 0
GWK60_L12573 , 31
GWK60_L12595 , 152
GWK60_L12617 , 0
GWK60_L12639 , 2445
GWK60_L12683 , 1329
GWK60_L12727 , 1344
GWK60_L12793 , 574
GWK60_L12837 , 1183
GWK60_L12859 , 0
GWK60_L12903 , 2040
GWK60_L12925 , 700
GWK60_L12947 , 2493
GWK60_L12969 , 2843
GWK60_L13035 , 683
GWK60_L13057 , 23567
GWK60_L13079 , 20017
GWK60_L13101 , 5579
GWK60_L13123 , 110
GWK60_L13167 , 3793
GWK60_L13189 , 2027
GWK60_L13211 , 271
GWK60_L13255 , 665
GWK60_L13277 , 4174
GWK60_L13299 , 505
GWK60_L13343 , 397
GWK60_L13365 , 211
GWK60_L13387 , 699
GWK60_L13497 , 154
GWK60_L13541 , 49
GWK60_L13563 , 39
GWK60_L13629 , 7
GWK60_L13695 , 565
GWK60_L13739 , 878
GWK60_L13849 , 0
GWK60_L13893 , 29
GWK60_L13915 , 4278
GWK60_L13937 , 22
GWK60_L13959 , 1747
GWK60_L14047 , 280
GWK60_L14069 , 4
GWK60_L14091 , 44576
GWK60_L14135 , 1
GWK60_L14157 , 0
GWK60_L14201 , 664
GWK60_L14289 , 303
GWK60_L14333 , 478
GWK60_L14355 , 13
GWK60_L14487 , 0
GWK60_L14509 , 0
GWK60_L14531 , 0
GWK60_L14553 , 4230
GWK60_L14619 , 0
GWK60_L14663 , 0
GWK60_L14707 , 170
GWK60_L14729 , 0
GWK60_L14751 , 4
GWK60_L14773 , 17253
GWK60_L14839 , 226
GWK60_L14883 , 295
GWK60_L14949 , 371
GWK60_L15015 , 289
GWK60_L15037 , 0
GWK60_L15081 , 0
GWK60_L15103 , 1
GWK60_L15125 , 962
GWK60_L15169 , 0
GWK60_L15279 , 27
GWK60_L15345 , 22
GWK60_L15389 , 0
GWK60_L15411 , 2917
GWK60_L15455 , 136
GWK60_L15543 , 1450
GWK60_L15587 , 17
GWK60_L15697 , 646
GWK60_L15719 , 188
GWK60_L15741 , 741
GWK60_L15785 , 1629
GWK60_L15807 , 260
GWK60_L15851 , 79
GWK60_L15917 , 0
GWK60_L15983 , 198
GWK60_L16005 , 107
GWK60_L16049 , 2
GWK60_L16115 , 1
GWK60_L16181 , 0
GWK60_L16225 , 2
GWK60_L16269 , 1
GWK60_L16291 , 482
GWK60_L16313 , 620
GWK60_L16357 , 90
GWK60_L16379 , 373
GWK60_L16423 , 225
GWK60_L16555 , 1
GWK60_L16577 , 11
GWK60_L16687 , 110
GWK60_L16775 , 100
GWK60_L16797 , 1
GWK60_L16841 , 62
GWK60_L16929 , 168
GWK60_L16951 , 42
GWK60_L16973 , 257
GWK60_L16995 , 45
GWK60_L17061 , 138
GWK60_L17083 , 513
GWK60_L17105 , 0
GWK60_L17193 , 132
GWK60_L17237 , 2498
GWK60_L17259 , 425
GWK60_L17281 , 38
GWK60_L00187 , 410
GWK60_L00297 , 71
GWK60_L00649 , 0
GWK60_L00869 , 192
GWK60_L00957 , 0
GWK60_L01221 , 0
GWK60_L01243 , 0
GWK60_L01309 , 0
GWK60_L01441 , 0
GWK60_L01529 , 0
GWK60_L01793 , 0
GWK60_L01815 , 0
GWK60_L01859 , 0
GWK60_L01903 , 0
GWK60_L01969 , 0
GWK60_L02145 , 0
GWK60_L02277 , 176
GWK60_L02365 , 0
GWK60_L02629 , 0
GWK60_L02651 , 0
GWK60_L02673 , 0
GWK60_L02849 , 23
GWK60_L02893 , 0
GWK60_L02981 , 0
GWK60_L03003 , 0
GWK60_L03223 , 3
GWK60_L03245 , 0
GWK60_L03421 , 0
GWK60_L03443 , 0
GWK60_L03465 , 0
GWK60_L03487 , 0
GWK60_L03839 , 0
GWK60_L03861 , 0
GWK60_L03993 , 0
GWK60_L04169 , 0
GWK60_L04191 , 0
GWK60_L04345 , 0
GWK60_L04411 , 0
GWK60_L04477 , 0
GWK60_L04697 , 0
GWK60_L04719 , 0
GWK60_L04741 , 1
GWK60_L05115 , 1
GWK60_L05181 , 24
GWK60_L05203 , 0
GWK60_L05555 , 0
GWK60_L05599 , 0
GWK60_L05951 , 22
GWK60_L05995 , 0
GWK60_L06149 , 0
GWK60_L06325 , 0
GWK60_L06831 , 0
GWK60_L06853 , 0
GWK60_L06963 , 0
GWK60_L07029 , 0
GWK60_L07315 , 115
GWK60_L07645 , 0
GWK60_L07887 , 0
GWK60_L08085 , 0
GWK60_L08283 , 0
GWK60_L08349 , 0
GWK60_L08415 , 0
GWK60_L08635 , 0
GWK60_L08657 , 175
GWK60_L08679 , 0
GWK60_L08877 , 0
GWK60_L09009 , 0
GWK60_L09119 , 0
GWK60_L09141 , 0
GWK60_L09273 , 0
GWK60_L09427 , 1
GWK60_L09647 , 0
GWK60_L09823 , 0
GWK60_L09889 , 0
GWK60_L09977 , 0
GWK60_L09999 , 0
GWK60_L10087 , 25
GWK60_L10505 , 42
GWK60_L10527 , 232
GWK60_L10571 , 0
GWK60_L10593 , 0
GWK60_L10703 , 0
GWK60_L10835 , 0
GWK60_L11033 , 0
GWK60_L11209 , 0
GWK60_L11297 , 198
GWK60_L11517 , 447
GWK60_L11539 , 0
GWK60_L11583 , 83
GWK60_L11825 , 0
GWK60_L11913 , 0
GWK60_L12111 , 0
GWK60_L12155 , 9
GWK60_L12463 , 0
GWK60_L12661 , 0
GWK60_L12705 , 0
GWK60_L12749 , 0
GWK60_L13233 , 5
GWK60_L13805 , 0
GWK60_L14113 , 0
GWK60_L14179 , 0
GWK60_L14223 , 0
GWK60_L14377 , 1
GWK60_L14399 , 39
GWK60_L14421 , 0
GWK60_L14575 , 0
GWK60_L14817 , 0
GWK60_L14927 , 0
GWK60_L15147 , 0
GWK60_L15257 , 48
GWK60_L15301 , 103
GWK60_L15609 , 0
GWK60_L15675 , 0
GWK60_L16203 , 0
GWK60_L16247 , 0
GWK60_L16511 , 0
GWK60_L16533 , 0
GWK60_L16709 , 0
GWK60_L16819 , 32
GWK60_L17171 , 0
GWK60_M00011 , 0
GWK60_M00077 , 110
GWK60_M00187 , 809
GWK60_M00209 , 1635
GWK60_M00275 , 1839
GWK60_M00363 , 101
GWK60_M00385 , 218
GWK60_M00495 , 265
GWK60_M00517 , 0
GWK60_M00539 , 8
GWK60_M00605 , 50
GWK60_M00671 , 1
GWK60_M00759 , 0
GWK60_M00803 , 168
GWK60_M00825 , 82
GWK60_M00869 , 19
GWK60_M00979 , 572
GWK60_M01155 , 618
GWK60_M01177 , 118
GWK60_M01221 , 534
GWK60_M01243 , 256
GWK60_M01287 , 2
GWK60_M01353 , 2926
GWK60_M01463 , 0
GWK60_M01529 , 0
GWK60_M01595 , 220
GWK60_M01661 , 1072
GWK60_M01727 , 32
GWK60_M01771 , 1
GWK60_M01815 , 384
GWK60_M01837 , 50
GWK60_M01859 , 13
GWK60_M01903 , 0
GWK60_M01947 , 536
GWK60_M01991 , 1
GWK60_M02035 , 16
GWK60_M02101 , 1752
GWK60_M02211 , 79
GWK60_M02299 , 52
GWK60_M02409 , 0
GWK60_M02475 , 0
GWK60_M02497 , 317
GWK60_M02541 , 1184
GWK60_M02739 , 133
GWK60_M03003 , 6
GWK60_M03025 , 110
GWK60_M03047 , 100
GWK60_M03135 , 273
GWK60_M03245 , 0
GWK60_M03289 , 88
GWK60_M03311 , 0
GWK60_M03377 , 907
GWK60_M03553 , 0
GWK60_M03575 , 0
GWK60_M03597 , 26
GWK60_M03619 , 140
GWK60_M03663 , 28
GWK60_M03707 , 57
GWK60_M03729 , 487
GWK60_M03883 , 0
GWK60_M04015 , 542
GWK60_M04037 , 426
GWK60_M04059 , 230
GWK60_M04103 , 0
GWK60_M04125 , 437
GWK60_M04147 , 597
GWK60_M04169 , 40
GWK60_M04213 , 0
GWK60_M04235 , 374
GWK60_M04257 , 0
GWK60_M04279 , 4
GWK60_M04367 , 0
GWK60_M04411 , 225
GWK60_M04521 , 0
GWK60_M04587 , 4
GWK60_M04631 , 103
GWK60_M04675 , 22
GWK60_M04785 , 1
GWK60_M04851 , 1
GWK60_M04873 , 0
GWK60_M04917 , 0
GWK60_M05071 , 274
GWK60_M05115 , 263
GWK60_M05225 , 2
GWK60_M05291 , 0
GWK60_M05379 , 189
GWK60_M05401 , 299
GWK60_M05423 , 258
GWK60_M05445 , 106
GWK60_M05467 , 306
GWK60_M05643 , 0
GWK60_M05665 , 120
GWK60_M05753 , 3943
GWK60_M05863 , 310
GWK60_M05907 , 1
GWK60_M05951 , 0
GWK60_M06105 , 3
GWK60_M06149 , 0
GWK60_M06171 , 47
GWK60_M06237 , 5
GWK60_M06281 , 0
GWK60_M06303 , 587
GWK60_M06325 , 0
GWK60_M06347 , 12
GWK60_M06369 , 0
GWK60_M06413 , 134
GWK60_M06655 , 0
GWK60_M06699 , 0
GWK60_M06743 , 605
GWK60_M06765 , 207
GWK60_M06875 , 78
GWK60_M06897 , 153
GWK60_M06919 , 0
GWK60_M07029 , 147
GWK60_M07139 , 0
GWK60_M07161 , 320
GWK60_M07183 , 0
GWK60_M07271 , 1225
GWK60_M07293 , 955
GWK60_M07315 , 6
GWK60_M07381 , 298
GWK60_M07425 , 543
GWK60_M07469 , 70
GWK60_M07513 , 1
GWK60_M07535 , 17
GWK60_M07557 , 2
GWK60_M07601 , 2071
GWK60_M07623 , 877
GWK60_M07711 , 497
GWK60_M07755 , 101
GWK60_M07799 , 153
GWK60_M07909 , 3004
GWK60_M07975 , 56
GWK60_M08019 , 386
GWK60_M08041 , 332
GWK60_M08107 , 20
GWK60_M08151 , 22
GWK60_M08195 , 399
GWK60_M08305 , 571
GWK60_M08327 , 0
GWK60_M08349 , 133
GWK60_M08371 , 270
GWK60_M08415 , 0
GWK60_M08437 , 1176
GWK60_M08459 , 1232
GWK60_M08481 , 9317
GWK60_M08525 , 6720
GWK60_M08547 , 0
GWK60_M08569 , 389
GWK60_M08613 , 0
GWK60_M08635 , 279
GWK60_M08657 , 2
GWK60_M08701 , 591
GWK60_M08723 , 119
GWK60_M08745 , 899
GWK60_M08767 , 3233
GWK60_M08789 , 272
GWK60_M08811 , 452
GWK60_M08899 , 994
GWK60_M08965 , 814
GWK60_M08987 , 511
GWK60_M09031 , 77
GWK60_M09053 , 12
GWK60_M09141 , 0
GWK60_M09163 , 717
GWK60_M09185 , 43
GWK60_M09207 , 1068
GWK60_M09273 , 41
GWK60_M09317 , 265
GWK60_M09339 , 245
GWK60_M09383 , 1111
GWK60_M09471 , 514
GWK60_M09581 , 562
GWK60_M09603 , 1135
GWK60_M09625 , 520
GWK60_M09647 , 0
GWK60_M09669 , 1
GWK60_M09713 , 652
GWK60_M09757 , 0
GWK60_M09779 , 213
GWK60_M09823 , 126
GWK60_M09955 , 121868
GWK60_M09977 , 1215
GWK60_M10021 , 850
GWK60_M10043 , 148
GWK60_M10109 , 864
GWK60_M10131 , 3773
GWK60_M10175 , 1327
GWK60_M10241 , 146
GWK60_M10263 , 1016
GWK60_M10307 , 6
GWK60_M10373 , 9995
GWK60_M10395 , 847
GWK60_M10417 , 9374
GWK60_M10439 , 2307
GWK60_M10461 , 3292
GWK60_M10505 , 35
GWK60_M10527 , 1767
GWK60_M10549 , 293
GWK60_M10571 , 1211
GWK60_M10637 , 0
GWK60_M10681 , 93
GWK60_M10703 , 274
GWK60_M10725 , 1056
GWK60_M10747 , 12668
GWK60_M10813 , 1935
GWK60_M10835 , 0
GWK60_M10857 , 1322
GWK60_M10923 , 218
GWK60_M10945 , 17
GWK60_M10967 , 717
GWK60_M11077 , 141
GWK60_M11099 , 14
GWK60_M11165 , 2555
GWK60_M11187 , 77
GWK60_M11231 , 18
GWK60_M11253 , 320
GWK60_M11319 , 2806
GWK60_M11341 , 246
GWK60_M11363 , 2071
GWK60_M11385 , 2252
GWK60_M11473 , 97
GWK60_M11561 , 0
GWK60_M11627 , 0
GWK60_M11649 , 1566
GWK60_M11671 , 1472
GWK60_M11715 , 407
GWK60_M11737 , 586
GWK60_M11891 , 624
GWK60_M11935 , 124
GWK60_M12023 , 159
GWK60_M12067 , 0
GWK60_M12133 , 0
GWK60_M12265 , 0
GWK60_M12309 , 1060
GWK60_M12331 , 0
GWK60_M12375 , 929
GWK60_M12397 , 0
GWK60_M12419 , 38
GWK60_M12551 , 1
GWK60_M12595 , 324
GWK60_M12639 , 0
GWK60_M12683 , 55
GWK60_M12727 , 672
GWK60_M12771 , 0
GWK60_M12837 , 3826
GWK60_M12947 , 1
GWK60_M12991 , 602
GWK60_M13013 , 256
GWK60_M13123 , 9
GWK60_M13211 , 1
GWK60_M13255 , 1682
GWK60_M13299 , 682
GWK60_M13343 , 0
GWK60_M13409 , 0
GWK60_M13431 , 200
GWK60_M13475 , 332
GWK60_M13629 , 0
GWK60_M13651 , 1205
GWK60_M13673 , 251
GWK60_M13695 , 29
GWK60_M13739 , 2
GWK60_M13761 , 443
GWK60_M13981 , 98
GWK60_M14003 , 279
GWK60_M14025 , 334
GWK60_M14047 , 13
GWK60_M00121 , 0
GWK60_M00143 , 0
GWK60_M00253 , 793
GWK60_M00407 , 0
GWK60_M00429 , 7
GWK60_M00451 , 0
GWK60_M00473 , 824
GWK60_M00583 , 0
GWK60_M01133 , 2
GWK60_M01397 , 0
GWK60_M01573 , 0
GWK60_M01617 , 1586
GWK60_M01639 , 0
GWK60_M01793 , 0
GWK60_M01881 , 1
GWK60_M01925 , 0
GWK60_M02145 , 0
GWK60_M02233 , 0
GWK60_M02255 , 0
GWK60_M02343 , 0
GWK60_M02365 , 0
GWK60_M02453 , 0
GWK60_M02607 , 0
GWK60_M02761 , 81
GWK60_M02805 , 0
GWK60_M02849 , 0
GWK60_M02893 , 16
GWK60_M02937 , 0
GWK60_M03069 , 0
GWK60_M03091 , 27
GWK60_M03223 , 0
GWK60_M03355 , 0
GWK60_M03465 , 0
GWK60_M03751 , 0
GWK60_M03817 , 0
GWK60_M03861 , 0
GWK60_M04191 , 0
GWK60_M04323 , 0
GWK60_M04345 , 0
GWK60_M04433 , 289
GWK60_M04477 , 0
GWK60_M05049 , 0
GWK60_M05093 , 0
GWK60_M05247 , 0
GWK60_M05511 , 0
GWK60_M05555 , 0
GWK60_M05577 , 0
GWK60_M05775 , 8
GWK60_M05885 , 0
GWK60_M05929 , 62
GWK60_M06479 , 0
GWK60_M06501 , 78
GWK60_M06545 , 129
GWK60_M06589 , 0
GWK60_M06611 , 0
GWK60_M06721 , 0
GWK60_M06985 , 0
GWK60_M07007 , 0
GWK60_M07051 , 58
GWK60_M07117 , 0
GWK60_M07645 , 0
GWK60_M08129 , 0
GWK60_M08239 , 0
GWK60_M08261 , 0
GWK60_M08679 , 0
GWK60_M08877 , 0
GWK60_M09119 , 861
GWK60_M09229 , 1216
GWK60_M09251 , 0
GWK60_M09427 , 2
GWK60_M09449 , 0
GWK60_M09559 , 0
GWK60_M09691 , 0
GWK60_M09867 , 14
GWK60_M09911 , 37
GWK60_M09933 , 0
GWK60_M09999 , 11
GWK60_M10153 , 1
GWK60_M10219 , 0
GWK60_M10285 , 0
GWK60_M10593 , 58
GWK60_M10659 , 0
GWK60_M11121 , 1
GWK60_M11143 , 0
GWK60_M11209 , 0
GWK60_M11275 , 0
GWK60_M11605 , 17
GWK60_M11759 , 0
GWK60_M11979 , 0
GWK60_M12089 , 0
GWK60_M12155 , 0
GWK60_M12199 , 0
GWK60_M12243 , 183
GWK60_M12463 , 0
GWK60_M12485 , 1
GWK60_M12617 , 0
GWK60_M12661 , 0
GWK60_M13079 , 0
GWK60_M13101 , 159
GWK60_M13145 , 231
GWK60_M13167 , 0
GWK60_M13277 , 0
GWK60_M13497 , 0
GWK60_M13541 , 0
GWK60_M13563 , 61
GWK60_M13585 , 9
GWK60_M13717 , 388
GWK60_M13783 , 0
GWK60_M13849 , 49
GWK60_M13871 , 0
GWK60_M13915 , 0
GWK60_M13959 , 0
