GWK60_A00121 , 863
GWK60_A00143 , 2
GWK60_A00209 , 93
GWK60_A00231 , 2938
GWK60_A00253 , 3253
GWK60_A00275 , 9862
GWK60_A00341 , 744
GWK60_A00363 , 2509
GWK60_A00385 , 183
GWK60_A00407 , 18709
GWK60_A00451 , 57943
GWK60_A00473 , 1661
GWK60_A00495 , 621
GWK60_A00517 , 17
GWK60_A00539 , 881
GWK60_A00583 , 6321
GWK60_A00605 , 6183
GWK60_A00627 , 2808
GWK60_A00649 , 20631
GWK60_A00671 , 16209
GWK60_A00715 , 2217
GWK60_A00759 , 552
GWK60_A00781 , 541
GWK60_A00825 , 163
GWK60_A00847 , 1875
GWK60_A00891 , 39147
GWK60_A00935 , 101
GWK60_A00957 , 5638
GWK60_A00979 , 2693
GWK60_A01023 , 2480
GWK60_A01067 , 1
GWK60_A01089 , 6228
GWK60_A01111 , 19345
GWK60_A01133 , 2416
GWK60_A01155 , 2946
GWK60_A01177 , 3075
GWK60_A01199 , 41
GWK60_A01221 , 3605
GWK60_A01243 , 399
GWK60_A01265 , 2867
GWK60_A01309 , 410
GWK60_A01331 , 484
GWK60_A01397 , 35
GWK60_A01419 , 4199
GWK60_A01441 , 42028
GWK60_A01507 , 5993
GWK60_A01595 , 5551
GWK60_A01617 , 4266
GWK60_A01639 , 2477
GWK60_A01661 , 979
GWK60_A01705 , 828
GWK60_A01727 , 100
GWK60_A01859 , 2238
GWK60_A01947 , 1314
GWK60_A01969 , 3
GWK60_A02035 , 1539
GWK60_A02057 , 3144
GWK60_A02079 , 9898
GWK60_A02101 , 431
GWK60_A02123 , 4319
GWK60_A02167 , 577
GWK60_A02233 , 1
GWK60_A02255 , 243
GWK60_A02299 , 15
GWK60_A02321 , 1680
GWK60_A02343 , 594
GWK60_A02365 , 901
GWK60_A02387 , 5640
GWK60_A02431 , 813
GWK60_A02739 , 170
GWK60_A02761 , 93
GWK60_A02849 , 561
GWK60_A02915 , 329
GWK60_A02937 , 10087
GWK60_A02981 , 2469
GWK60_A03025 , 971
GWK60_A03069 , 1547
GWK60_A03091 , 940
GWK60_A03179 , 20863
GWK60_A03223 , 244
GWK60_A03289 , 224
GWK60_A03311 , 8
GWK60_A03355 , 94
GWK60_A03377 , 6830
GWK60_A03421 , 10
GWK60_A03575 , 2058
GWK60_A03619 , 350
GWK60_A03663 , 1252
GWK60_A03707 , 106
GWK60_A03751 , 2
GWK60_A03795 , 223
GWK60_A03971 , 3067
GWK60_A04147 , 1912
GWK60_A04169 , 4688
GWK60_A04191 , 632
GWK60_A04279 , 1
GWK60_A04301 , 258
GWK60_A04323 , 669
GWK60_A04345 , 570
GWK60_A04477 , 75
GWK60_A04543 , 6
GWK60_A04609 , 139
GWK60_A04631 , 84
GWK60_A04675 , 1417
GWK60_A04697 , 1
GWK60_A00187 , 13
GWK60_A00429 , 44
GWK60_A00693 , 33
GWK60_A00803 , 742
GWK60_A00869 , 77
GWK60_A01001 , 30
GWK60_A01045 , 969
GWK60_A01375 , 1400
GWK60_A01463 , 467
GWK60_A01815 , 709
GWK60_A01837 , 6
GWK60_A02277 , 3
GWK60_A02475 , 210
GWK60_A02541 , 391
GWK60_A03201 , 622
GWK60_A03245 , 1199
GWK60_A03465 , 2
GWK60_A03487 , 30
GWK60_A03773 , 469
GWK60_A03839 , 376
GWK60_A03883 , 27
GWK60_A04081 , 2543
GWK60_A04103 , 2084
GWK60_A04125 , 1255
GWK60_A04213 , 935
GWK60_A04235 , 127
GWK60_A04257 , 996
GWK60_A04455 , 19
GWK60_A04499 , 1
GWK60_A04565 , 157
GWK60_B00165 , 8
GWK60_B00253 , 120
GWK60_B00363 , 1666
GWK60_B00429 , 572
GWK60_B00495 , 454
GWK60_B00539 , 19
GWK60_B00583 , 571
GWK60_B00605 , 751
GWK60_B00649 , 533
GWK60_B00737 , 1598
GWK60_B00759 , 1189
GWK60_B00803 , 605
GWK60_B00825 , 466
GWK60_B00847 , 27
GWK60_B00913 , 2977
GWK60_B00935 , 61
GWK60_B00957 , 1
GWK60_B00979 , 1
GWK60_B01001 , 2
GWK60_B01089 , 365
GWK60_B01287 , 346
GWK60_B01397 , 171
GWK60_B01419 , 686
GWK60_B01507 , 4
GWK60_B01529 , 14
GWK60_B01595 , 117
GWK60_B01771 , 133
GWK60_B01815 , 1978
GWK60_B01903 , 916
GWK60_B01991 , 880
GWK60_B02123 , 273
GWK60_B02189 , 641
GWK60_B02255 , 6563
GWK60_B02277 , 996
GWK60_B02321 , 5081
GWK60_B02387 , 129
GWK60_B02409 , 3071
GWK60_B02431 , 3375
GWK60_B02475 , 774
GWK60_B02541 , 116
GWK60_B02585 , 967
GWK60_B02717 , 23448
GWK60_B02739 , 1890
GWK60_B02761 , 559
GWK60_B02783 , 9877
GWK60_B02805 , 134
GWK60_B02827 , 6441
GWK60_B02871 , 10936
GWK60_B02915 , 1985
GWK60_B03003 , 214
GWK60_B03113 , 6
GWK60_B03135 , 487
GWK60_B03157 , 15
GWK60_B03223 , 1091
GWK60_B03245 , 2954
GWK60_B03267 , 1244
GWK60_B03289 , 82
GWK60_B03311 , 737
GWK60_B03333 , 10472
GWK60_B03355 , 13756
GWK60_B03509 , 32658
GWK60_B03531 , 43525
GWK60_B03641 , 41789
GWK60_B03663 , 15418
GWK60_B03685 , 771
GWK60_B03707 , 2503
GWK60_B03729 , 1385
GWK60_B03773 , 2001
GWK60_B03817 , 531
GWK60_B03839 , 1975
GWK60_B03861 , 35
GWK60_B03883 , 2186
GWK60_B03927 , 874
GWK60_B04059 , 1242
GWK60_B04081 , 1916
GWK60_B04103 , 2668
GWK60_B04147 , 1202
GWK60_B04169 , 1867
GWK60_B04191 , 1177
GWK60_B04213 , 1127
GWK60_B04235 , 1654
GWK60_B04279 , 3103
GWK60_B04301 , 517
GWK60_B04323 , 3686
GWK60_B04345 , 1156
GWK60_B04411 , 22957
GWK60_B04433 , 4938
GWK60_B04455 , 3453
GWK60_B04499 , 1432
GWK60_B04521 , 4355
GWK60_B04543 , 2257
GWK60_B04565 , 7879
GWK60_B04587 , 2904
GWK60_B04609 , 9763
GWK60_B04631 , 775
GWK60_B04653 , 2664
GWK60_B04675 , 937
GWK60_B04697 , 1528
GWK60_B04719 , 52
GWK60_B04741 , 4290
GWK60_B04763 , 1159
GWK60_B04785 , 3820
GWK60_B04807 , 1982
GWK60_B04829 , 3006
GWK60_B04895 , 1483
GWK60_B04917 , 45
GWK60_B00385 , 1064
GWK60_B00473 , 127
GWK60_B00627 , 1
GWK60_B00693 , 25
GWK60_B00781 , 454
GWK60_B01243 , 1
GWK60_B01441 , 379
GWK60_B01551 , 5
GWK60_B01661 , 1
GWK60_B01683 , 14
GWK60_B01947 , 194
GWK60_B01969 , 11
GWK60_B02101 , 4
GWK60_B02167 , 215
GWK60_B02233 , 1475
GWK60_B02299 , 1
GWK60_B02497 , 85
GWK60_B02629 , 501
GWK60_B02651 , 117
GWK60_B02695 , 530
GWK60_B02849 , 1483
GWK60_B02937 , 160
GWK60_B03201 , 659
GWK60_B03399 , 351
GWK60_B03443 , 224
GWK60_B03465 , 1205
GWK60_B03949 , 844
GWK60_B03971 , 1527
GWK60_B04015 , 465
GWK60_B04257 , 472
GWK60_C00033 , 253
GWK60_C00055 , 644
GWK60_C00077 , 1248
GWK60_C00143 , 2259
GWK60_C00209 , 3144
GWK60_C00231 , 352
GWK60_C00341 , 1079
GWK60_C00363 , 4393
GWK60_C00429 , 486
GWK60_C00583 , 417
GWK60_C00671 , 493
GWK60_C00693 , 14641
GWK60_C00715 , 67
GWK60_C00759 , 1
GWK60_C00869 , 252
GWK60_C00913 , 2
GWK60_C01089 , 795
GWK60_C01111 , 1363
GWK60_C01177 , 17788
GWK60_C01221 , 636
GWK60_C01265 , 114
GWK60_C01287 , 97
GWK60_C01309 , 1691
GWK60_C01353 , 12
GWK60_C01397 , 461
GWK60_C01419 , 3099
GWK60_C01441 , 479
GWK60_C01463 , 523
GWK60_C01639 , 181
GWK60_C01661 , 523
GWK60_C01771 , 274
GWK60_C01815 , 1095
GWK60_C01837 , 626
GWK60_C01859 , 750
GWK60_C01903 , 1542
GWK60_C01925 , 600
GWK60_C01969 , 9
GWK60_C01991 , 7750
GWK60_C02035 , 4157
GWK60_C02123 , 4537
GWK60_C02167 , 483
GWK60_C02409 , 1135
GWK60_C02453 , 312
GWK60_C02475 , 63
GWK60_C02519 , 1941
GWK60_C02541 , 281
GWK60_C02563 , 1415
GWK60_C02585 , 1289
GWK60_C02695 , 41
GWK60_C02717 , 428
GWK60_C02805 , 6568
GWK60_C02827 , 9573
GWK60_C02849 , 27941
GWK60_C02871 , 1885
GWK60_C02893 , 538
GWK60_C02937 , 854
GWK60_C03003 , 1046
GWK60_C03069 , 1016
GWK60_C03113 , 1536
GWK60_C03201 , 7854
GWK60_C03223 , 3192
GWK60_C03289 , 1366
GWK60_C03311 , 635
GWK60_C03377 , 25317
GWK60_C03399 , 40
GWK60_C03443 , 283
GWK60_C03465 , 871
GWK60_C03487 , 102
GWK60_C03509 , 4488
GWK60_C03531 , 2984
GWK60_C03553 , 3791
GWK60_C03575 , 106
GWK60_C03597 , 1647
GWK60_C03619 , 1133
GWK60_C03641 , 2047
GWK60_C03663 , 904
GWK60_C03685 , 79
GWK60_C03707 , 2090
GWK60_C03729 , 158
GWK60_C03795 , 1847
GWK60_C03861 , 15807
GWK60_C03883 , 6551
GWK60_C03905 , 87
GWK60_C03993 , 2014
GWK60_C04059 , 7335
GWK60_C04103 , 2794
GWK60_C04125 , 5135
GWK60_C04147 , 2887
GWK60_C04191 , 346
GWK60_C04213 , 1702
GWK60_C04257 , 52289
GWK60_C04279 , 30104
GWK60_C04367 , 8549
GWK60_C04389 , 2847
GWK60_C04411 , 4747
GWK60_C04433 , 442
GWK60_C04455 , 1213
GWK60_C04477 , 25558
GWK60_C04499 , 298
GWK60_C04543 , 1098
GWK60_C04565 , 4113
GWK60_C04587 , 5659
GWK60_C04609 , 3327
GWK60_C04631 , 2033
GWK60_C04653 , 1
GWK60_C04675 , 1809
GWK60_C04719 , 2614
GWK60_C04741 , 1371
GWK60_C04807 , 282
GWK60_C04829 , 220
GWK60_C04851 , 2693
GWK60_C04895 , 3460
GWK60_C04917 , 1424
GWK60_C04939 , 2195
GWK60_C04983 , 201
GWK60_C05049 , 1208
GWK60_C05071 , 166
GWK60_C05115 , 272
GWK60_C00253 , 70
GWK60_C00275 , 51
GWK60_C00407 , 195
GWK60_C00451 , 1
GWK60_C00495 , 8578
GWK60_C00539 , 1
GWK60_C00605 , 1973
GWK60_C00627 , 692
GWK60_C00847 , 1314
GWK60_C00935 , 313
GWK60_C00957 , 14
GWK60_C00979 , 551
GWK60_C01045 , 451
GWK60_C01199 , 135
GWK60_C01375 , 782
GWK60_C01705 , 616
GWK60_C02013 , 22
GWK60_C02255 , 38
GWK60_C02277 , 1
GWK60_C02387 , 1722
GWK60_C02431 , 1
GWK60_C02651 , 280
GWK60_C02915 , 229
GWK60_C02959 , 10
GWK60_C03047 , 898
GWK60_C03091 , 12
GWK60_C03135 , 1680
GWK60_C03157 , 1
GWK60_C03179 , 2845
GWK60_C03267 , 80
GWK60_C03355 , 13
GWK60_C03421 , 5
GWK60_C03927 , 833
GWK60_C04081 , 617
GWK60_C04697 , 1556
GWK60_C05005 , 191
GWK60_C05093 , 214
GWK60_D00011 , 1
GWK60_D00055 , 37723
GWK60_D00209 , 715
GWK60_D00253 , 699
GWK60_D00275 , 628
GWK60_D00341 , 79
GWK60_D00407 , 85
GWK60_D00495 , 71
GWK60_D00517 , 486
GWK60_D00561 , 675
GWK60_D00605 , 7584
GWK60_D00693 , 1583
GWK60_D00737 , 2
GWK60_D00781 , 1397
GWK60_D00803 , 1457
GWK60_D00869 , 1
GWK60_D01089 , 577
GWK60_D01111 , 116
GWK60_D01155 , 4974
GWK60_D01199 , 82
GWK60_D01265 , 1121
GWK60_D01287 , 26
GWK60_D01309 , 2302
GWK60_D01331 , 674
GWK60_D01353 , 5766
GWK60_D01441 , 239
GWK60_D01485 , 3919
GWK60_D01639 , 337
GWK60_D01727 , 370
GWK60_D01881 , 1645
GWK60_D01947 , 6238
GWK60_D02013 , 3
GWK60_D02101 , 2142
GWK60_D02211 , 42
GWK60_D02387 , 578
GWK60_D02629 , 3
GWK60_D02717 , 932
GWK60_D02783 , 2
GWK60_D02959 , 56
GWK60_D03047 , 1551
GWK60_D03135 , 673
GWK60_D03201 , 846
GWK60_D03311 , 1241
GWK60_D03355 , 1330
GWK60_D03399 , 1224
GWK60_D03421 , 231
GWK60_D03487 , 673
GWK60_D03971 , 208
GWK60_D04103 , 1
GWK60_D04147 , 4156
GWK60_D04169 , 56
GWK60_D04191 , 1947
GWK60_D04235 , 1687
GWK60_D04323 , 1461
GWK60_D04477 , 1146
GWK60_D04499 , 1
GWK60_D04521 , 18697
GWK60_D04543 , 242
GWK60_D04697 , 867
GWK60_D04719 , 610
GWK60_D04741 , 949
GWK60_D04763 , 627
GWK60_D04807 , 152
GWK60_D04851 , 1757
GWK60_D04873 , 134
GWK60_D04895 , 5526
GWK60_D04917 , 183
GWK60_D04983 , 1293
GWK60_D05247 , 758
GWK60_D05291 , 2695
GWK60_D05313 , 429
GWK60_D05335 , 881
GWK60_D05357 , 1272
GWK60_D05423 , 230
GWK60_D05467 , 3561
GWK60_D05621 , 61
GWK60_D05643 , 880
GWK60_D05709 , 507
GWK60_D05731 , 2759
GWK60_D05753 , 3647
GWK60_D05775 , 550
GWK60_D05797 , 928
GWK60_D05819 , 741
GWK60_D05841 , 3449
GWK60_D05863 , 992
GWK60_D05885 , 52
GWK60_D05907 , 1301
GWK60_D05973 , 1192
GWK60_D05995 , 7665
GWK60_D06017 , 4985
GWK60_D06061 , 14588
GWK60_D06083 , 11346
GWK60_D06127 , 5
GWK60_D06171 , 1625
GWK60_D06215 , 3785
GWK60_D06303 , 503
GWK60_D06325 , 2
GWK60_D06347 , 1453
GWK60_D06391 , 4014
GWK60_D06413 , 1938
GWK60_D06435 , 5
GWK60_D06501 , 1016
GWK60_D06545 , 376
GWK60_D06567 , 12557
GWK60_D06589 , 15103
GWK60_D06655 , 244
GWK60_D06699 , 853
GWK60_D06721 , 6
GWK60_D06765 , 2198
GWK60_D06787 , 2591
GWK60_D06809 , 61
GWK60_D06853 , 414
GWK60_D00385 , 1
GWK60_D00429 , 3
GWK60_D00473 , 49
GWK60_D00649 , 79
GWK60_D00715 , 21
GWK60_D01045 , 146
GWK60_D01067 , 1
GWK60_D01397 , 285
GWK60_D01551 , 56
GWK60_D01815 , 102
GWK60_D01925 , 90
GWK60_D01969 , 418
GWK60_D02277 , 2
GWK60_D02343 , 741
GWK60_D02519 , 24
GWK60_D02651 , 96
GWK60_D02893 , 9
GWK60_D03091 , 467
GWK60_D03377 , 289
GWK60_D03443 , 88
GWK60_D03509 , 75
GWK60_D03531 , 593
GWK60_D03553 , 551
GWK60_D03597 , 7
GWK60_D03619 , 95
GWK60_D03773 , 4
GWK60_D03861 , 969
GWK60_D03949 , 1
GWK60_D04059 , 2047
GWK60_D04257 , 742
GWK60_D04411 , 1
GWK60_D04631 , 7
GWK60_D04675 , 461
GWK60_D04939 , 88
GWK60_D05181 , 16
GWK60_D05269 , 162
GWK60_D05665 , 3
GWK60_D05687 , 45
GWK60_D06039 , 30
GWK60_D06149 , 415
GWK60_D06523 , 157
GWK60_D06611 , 13
GWK60_E00055 , 12
GWK60_E00077 , 264
GWK60_E00187 , 204
GWK60_E00209 , 1
GWK60_E00275 , 1483
GWK60_E00319 , 1
GWK60_E00341 , 485
GWK60_E00407 , 2
GWK60_E00517 , 1
GWK60_E00561 , 24
GWK60_E00583 , 3086
GWK60_E00627 , 2
GWK60_E00649 , 2719
GWK60_E00671 , 3630
GWK60_E00869 , 1002
GWK60_E00957 , 1579
GWK60_E00979 , 5482
GWK60_E01001 , 1601
GWK60_E01045 , 3367
GWK60_E01089 , 6789
GWK60_E01111 , 1989
GWK60_E01177 , 547
GWK60_E01199 , 1900
GWK60_E01243 , 2701
GWK60_E01265 , 1099
GWK60_E01287 , 678
GWK60_E01375 , 1029
GWK60_E01419 , 186
GWK60_E01441 , 6647
GWK60_E01463 , 1612
GWK60_E01485 , 1037
GWK60_E01507 , 1781
GWK60_E01573 , 978
GWK60_E01595 , 1083
GWK60_E01617 , 1
GWK60_E01639 , 2411
GWK60_E01661 , 10
GWK60_E01683 , 93
GWK60_E01705 , 207
GWK60_E01749 , 1284
GWK60_E01793 , 2957
GWK60_E01815 , 924
GWK60_E01837 , 1553
GWK60_E01859 , 46
GWK60_E01881 , 3
GWK60_E01903 , 7041
GWK60_E01925 , 2789
GWK60_E01947 , 176
GWK60_E01969 , 3004
GWK60_E01991 , 4852
GWK60_E02013 , 22074
GWK60_E02035 , 284
GWK60_E02057 , 781
GWK60_E02079 , 5489
GWK60_E02123 , 10249
GWK60_E02189 , 50
GWK60_E02211 , 98
GWK60_E02233 , 771
GWK60_E02277 , 3280
GWK60_E02299 , 8320
GWK60_E02321 , 2151
GWK60_E02343 , 641
GWK60_E02365 , 181
GWK60_E02409 , 1464
GWK60_E02431 , 3426
GWK60_E02475 , 2754
GWK60_E02497 , 135
GWK60_E02519 , 1152
GWK60_E02541 , 3153
GWK60_E02585 , 1096
GWK60_E02629 , 154
GWK60_E02673 , 1962
GWK60_E02695 , 4871
GWK60_E02761 , 2635
GWK60_E02783 , 1245
GWK60_E02805 , 317
GWK60_E02827 , 1693
GWK60_E02871 , 1584
GWK60_E02893 , 1967
GWK60_E02937 , 1984
GWK60_E03003 , 18
GWK60_E03091 , 1978
GWK60_E03157 , 129
GWK60_E03267 , 1347
GWK60_E03355 , 2198
GWK60_E03377 , 613
GWK60_E03399 , 3130
GWK60_E03443 , 2279
GWK60_E03465 , 2242
GWK60_E03509 , 971
GWK60_E03531 , 379
GWK60_E03553 , 201
GWK60_E03597 , 164
GWK60_E03619 , 2603
GWK60_E03707 , 374
GWK60_E03729 , 346
GWK60_E03795 , 190
GWK60_E03817 , 409
GWK60_E03971 , 399
GWK60_E03993 , 1724
GWK60_E04037 , 10719
GWK60_E04059 , 1038
GWK60_E04103 , 2326
GWK60_E04147 , 68
GWK60_E04323 , 3712
GWK60_E04345 , 635
GWK60_E04389 , 657
GWK60_E04411 , 314
GWK60_E04477 , 1722
GWK60_E04499 , 7324
GWK60_E04565 , 1237
GWK60_E04587 , 741
GWK60_E04609 , 17985
GWK60_E04631 , 4
GWK60_E04675 , 34
GWK60_E04697 , 824
GWK60_E04807 , 20
GWK60_E04851 , 1148
GWK60_E04895 , 482
GWK60_E04939 , 1208
GWK60_E04983 , 2276
GWK60_E05115 , 1041
GWK60_E05181 , 635
GWK60_E05203 , 46
GWK60_E05247 , 1145
GWK60_E05269 , 553
GWK60_E05291 , 4421
GWK60_E05313 , 2681
GWK60_E05357 , 218
GWK60_E05555 , 18
GWK60_E05577 , 565
GWK60_E05599 , 2102
GWK60_E05621 , 830
GWK60_E05643 , 1957
GWK60_E05709 , 909
GWK60_E05731 , 1960
GWK60_E05863 , 6158
GWK60_E05885 , 659
GWK60_E06017 , 51
GWK60_E06039 , 3298
GWK60_E06061 , 1002
GWK60_E06105 , 1322
GWK60_E06215 , 738
GWK60_E00165 , 3
GWK60_E00253 , 6
GWK60_E00363 , 566
GWK60_E00781 , 5
GWK60_E00935 , 80
GWK60_E01023 , 1
GWK60_E01067 , 326
GWK60_E01551 , 1
GWK60_E01727 , 1684
GWK60_E02563 , 2816
GWK60_E02607 , 792
GWK60_E02651 , 22
GWK60_E02849 , 1648
GWK60_E02915 , 3562
GWK60_E03025 , 597
GWK60_E03113 , 97
GWK60_E03135 , 172
GWK60_E03179 , 16
GWK60_E03223 , 428
GWK60_E03333 , 588
GWK60_E03421 , 384
GWK60_E03487 , 735
GWK60_E03641 , 180
GWK60_E03685 , 757
GWK60_E03773 , 1
GWK60_E03839 , 1019
GWK60_E03949 , 1
GWK60_E04169 , 1
GWK60_E04367 , 274
GWK60_E04741 , 746
GWK60_E04873 , 1043
GWK60_E05489 , 468
GWK60_E05665 , 1
GWK60_E05753 , 107
GWK60_E05907 , 536
GWK60_F00055 , 60
GWK60_F00121 , 215
GWK60_F00209 , 1778
GWK60_F00275 , 3
GWK60_F00297 , 843
GWK60_F00451 , 1417
GWK60_F00495 , 1970
GWK60_F00517 , 3674
GWK60_F00649 , 4523
GWK60_F00693 , 23
GWK60_F00737 , 43
GWK60_F00803 , 2
GWK60_F00913 , 1365
GWK60_F00979 , 533
GWK60_F01045 , 306
GWK60_F01067 , 2950
GWK60_F01089 , 2642
GWK60_F01111 , 595
GWK60_F01133 , 145
GWK60_F01199 , 5781
GWK60_F01221 , 3293
GWK60_F01243 , 3263
GWK60_F01397 , 198
GWK60_F01419 , 4803
GWK60_F01485 , 630
GWK60_F01507 , 828
GWK60_F01529 , 3019
GWK60_F01573 , 15560
GWK60_F01595 , 1
GWK60_F01617 , 1131
GWK60_F01661 , 379
GWK60_F01727 , 2726
GWK60_F01771 , 5880
GWK60_F01815 , 880
GWK60_F01859 , 5808
GWK60_F01903 , 3200
GWK60_F01925 , 5768
GWK60_F01947 , 861
GWK60_F01969 , 6668
GWK60_F02013 , 1594
GWK60_F02057 , 7172
GWK60_F02079 , 1022
GWK60_F02101 , 9943
GWK60_F02123 , 994
GWK60_F02145 , 8247
GWK60_F02167 , 921
GWK60_F02255 , 1350
GWK60_F02277 , 96
GWK60_F02299 , 1722
GWK60_F02321 , 80
GWK60_F02343 , 809
GWK60_F02365 , 142
GWK60_F02431 , 45938
GWK60_F02475 , 1012
GWK60_F02497 , 31
GWK60_F02519 , 904
GWK60_F02607 , 2425
GWK60_F02673 , 57
GWK60_F02717 , 1245
GWK60_F02739 , 1332
GWK60_F02827 , 935
GWK60_F02871 , 2262
GWK60_F02937 , 1147
GWK60_F03003 , 12591
GWK60_F03047 , 1180
GWK60_F03091 , 48
GWK60_F03113 , 157
GWK60_F03179 , 206
GWK60_F03311 , 1825
GWK60_F03333 , 5498
GWK60_F03377 , 1113
GWK60_F03663 , 510
GWK60_F03707 , 514
GWK60_F03729 , 3003
GWK60_F03773 , 2
GWK60_F03795 , 4093
GWK60_F03839 , 827
GWK60_F03861 , 149
GWK60_F03993 , 20
GWK60_F04125 , 2417
GWK60_F04147 , 1034
GWK60_F04191 , 2055
GWK60_F04213 , 88
GWK60_F04301 , 1995
GWK60_F04367 , 353
GWK60_F04455 , 828
GWK60_F04499 , 2055
GWK60_F04851 , 313
GWK60_F05049 , 3
GWK60_F05203 , 619
GWK60_F05335 , 542
GWK60_F05379 , 274
GWK60_F05401 , 49
GWK60_F05445 , 990
GWK60_F05577 , 489
GWK60_F05753 , 35
GWK60_F05775 , 519
GWK60_F05841 , 1550
GWK60_F05885 , 369
GWK60_F06039 , 255
GWK60_F06149 , 723
GWK60_F06215 , 237
GWK60_F06479 , 1187
GWK60_F06501 , 1002
GWK60_F06523 , 1066
GWK60_F06589 , 18354
GWK60_F06765 , 32
GWK60_F06831 , 98
GWK60_F06853 , 332
GWK60_F07073 , 696
GWK60_F07205 , 2160
GWK60_F07249 , 53
GWK60_F07337 , 287
GWK60_F07359 , 1856
GWK60_F07403 , 1359
GWK60_F07447 , 354
GWK60_F07491 , 359
GWK60_F07601 , 3976
GWK60_F07645 , 661
GWK60_F07865 , 791
GWK60_F08063 , 671
GWK60_F08107 , 252
GWK60_F08173 , 140
GWK60_F08195 , 1484
GWK60_F08305 , 1276
GWK60_F08327 , 82
GWK60_F08349 , 4438
GWK60_F08371 , 180
GWK60_F08393 , 110
GWK60_F08437 , 407
GWK60_F08459 , 257
GWK60_F08525 , 24
GWK60_F08591 , 200
GWK60_F08613 , 442
GWK60_F08635 , 853
GWK60_F08701 , 1
GWK60_F00033 , 1
GWK60_F00077 , 894
GWK60_F00099 , 371
GWK60_F00231 , 754
GWK60_F00473 , 572
GWK60_F00561 , 1
GWK60_F00627 , 539
GWK60_F00715 , 93
GWK60_F00891 , 891
GWK60_F01155 , 354
GWK60_F01331 , 1
GWK60_F01375 , 1256
GWK60_F01551 , 34
GWK60_F01639 , 1
GWK60_F01749 , 2859
GWK60_F02189 , 1469
GWK60_F02233 , 53
GWK60_F02409 , 715
GWK60_F02585 , 146
GWK60_F02761 , 3721
GWK60_F02783 , 1
GWK60_F02805 , 2661
GWK60_F02959 , 312
GWK60_F03069 , 60
GWK60_F03135 , 48
GWK60_F03421 , 1487
GWK60_F03531 , 149
GWK60_F03575 , 24
GWK60_F03641 , 462
GWK60_F03949 , 73
GWK60_F04015 , 21
GWK60_F04235 , 1234
GWK60_F04323 , 1
GWK60_F04389 , 1391
GWK60_F04411 , 489
GWK60_F04631 , 268
GWK60_F04719 , 2626
GWK60_F04763 , 1105
GWK60_F05005 , 393
GWK60_F05027 , 10
GWK60_F05115 , 2
GWK60_F05225 , 21
GWK60_F05423 , 11
GWK60_F05467 , 527
GWK60_F05555 , 536
GWK60_F05621 , 50
GWK60_F05643 , 762
GWK60_F05665 , 156
GWK60_F05819 , 453
GWK60_F06061 , 300
GWK60_F06325 , 40
GWK60_F06347 , 388
GWK60_F06369 , 1
GWK60_F06413 , 2
GWK60_F06611 , 368
GWK60_F06743 , 9
GWK60_F06897 , 110
GWK60_F06919 , 2334
GWK60_F06941 , 263
GWK60_F07051 , 1
GWK60_F07271 , 452
GWK60_F07535 , 3
GWK60_F07557 , 149
GWK60_F07843 , 404
GWK60_F07931 , 67
GWK60_F07975 , 1430
GWK60_F08019 , 328
GWK60_F08217 , 1
GWK60_F08261 , 2099
GWK60_F08547 , 462
GWK60_F08745 , 1
GWK60_G00033 , 1364
GWK60_G00077 , 83
GWK60_G00099 , 5759
GWK60_G00121 , 2990
GWK60_G00165 , 2854
GWK60_G00187 , 10505
GWK60_G00209 , 8688
GWK60_G00231 , 1144
GWK60_G00275 , 758
GWK60_G00297 , 188
GWK60_G00363 , 129
GWK60_G00407 , 5349
GWK60_G00451 , 5864
GWK60_G00495 , 2455
GWK60_G00517 , 1258
GWK60_G00539 , 2038
GWK60_G00561 , 225
GWK60_G00605 , 3
GWK60_G00693 , 5225
GWK60_G00715 , 6069
GWK60_G00759 , 3721
GWK60_G00825 , 596
GWK60_G00869 , 43827
GWK60_G00891 , 616
GWK60_G00913 , 1660
GWK60_G00957 , 1230
GWK60_G01023 , 6228
GWK60_G01045 , 815
GWK60_G01067 , 1211
GWK60_G01089 , 179
GWK60_G01133 , 463
GWK60_G01177 , 443
GWK60_G01243 , 814
GWK60_G01265 , 699
GWK60_G01309 , 69
GWK60_G01331 , 31
GWK60_G01353 , 671
GWK60_G01397 , 11
GWK60_G01419 , 179
GWK60_G01463 , 1931
GWK60_G01485 , 386
GWK60_G01573 , 876
GWK60_G01705 , 2233
GWK60_G01771 , 2828
GWK60_G01793 , 139
GWK60_G01969 , 1980
GWK60_G01991 , 2949
GWK60_G02013 , 5
GWK60_G02057 , 563
GWK60_G02123 , 2450
GWK60_G02145 , 761
GWK60_G02233 , 1268
GWK60_G02343 , 227
GWK60_G02387 , 47
GWK60_G02409 , 1083
GWK60_G02431 , 454
GWK60_G02453 , 235
GWK60_G02475 , 773
GWK60_G02541 , 2944
GWK60_G02563 , 228
GWK60_G02585 , 18477
GWK60_G02607 , 372
GWK60_G02695 , 2235
GWK60_G02805 , 8686
GWK60_G02915 , 1
GWK60_G02937 , 491
GWK60_G03069 , 1365
GWK60_G03135 , 46
GWK60_G03157 , 417
GWK60_G03223 , 2
GWK60_G03289 , 1015
GWK60_G03311 , 3
GWK60_G03421 , 1361
GWK60_G03487 , 2572
GWK60_G03509 , 18
GWK60_G03531 , 474
GWK60_G03641 , 1177
GWK60_G03663 , 425
GWK60_G03751 , 1
GWK60_G03773 , 577
GWK60_G03795 , 606
GWK60_G03817 , 575
GWK60_G03861 , 636
GWK60_G03905 , 864
GWK60_G03971 , 375
GWK60_G04059 , 1
GWK60_G04081 , 418
GWK60_G04103 , 46
GWK60_G04213 , 26
GWK60_G04389 , 260
GWK60_G04455 , 464
GWK60_G04521 , 1793
GWK60_G04565 , 815
GWK60_G04587 , 1777
GWK60_G04675 , 17
GWK60_G04785 , 193
GWK60_G04807 , 689
GWK60_G04961 , 329
GWK60_G05005 , 2
GWK60_G05027 , 108
GWK60_G05071 , 312
GWK60_G05093 , 7752
GWK60_G05225 , 921
GWK60_G05313 , 1116
GWK60_G05335 , 933
GWK60_G05357 , 1769
GWK60_G05379 , 277
GWK60_G05401 , 87
GWK60_G05445 , 2245
GWK60_G05511 , 5232
GWK60_G05731 , 37
GWK60_G05841 , 101
GWK60_G05907 , 181
GWK60_G05973 , 1
GWK60_G06061 , 52
GWK60_G06127 , 176
GWK60_G06193 , 116
GWK60_G06303 , 2089
GWK60_G06369 , 1267
GWK60_G06435 , 7174
GWK60_G06457 , 1313
GWK60_G06853 , 48
GWK60_G06963 , 1036
GWK60_G06985 , 32500
GWK60_G07007 , 1
GWK60_G07095 , 1912
GWK60_G07293 , 751
GWK60_G07315 , 435
GWK60_G07359 , 3649
GWK60_G07381 , 664
GWK60_G07491 , 1
GWK60_G07865 , 308
GWK60_G07975 , 1
GWK60_G08085 , 5
GWK60_G08195 , 837
GWK60_G08305 , 613
GWK60_G08371 , 1
GWK60_G08393 , 498
GWK60_G08415 , 935
GWK60_G08437 , 4465
GWK60_G08459 , 126
GWK60_G08503 , 77
GWK60_G08569 , 44
GWK60_G08701 , 33
GWK60_G08745 , 2689
GWK60_G08855 , 471
GWK60_G08965 , 38
GWK60_G08987 , 26
GWK60_G09009 , 232
GWK60_G09031 , 829
GWK60_G09163 , 1429
GWK60_G09229 , 2077
GWK60_G09273 , 2326
GWK60_G09317 , 1528
GWK60_G09339 , 691
GWK60_G09361 , 7224
GWK60_G09449 , 1589
GWK60_G09471 , 752
GWK60_G09625 , 806
GWK60_G09691 , 2958
GWK60_G00011 , 1
GWK60_G00143 , 1
GWK60_G00319 , 4
GWK60_G00429 , 1436
GWK60_G00473 , 524
GWK60_G00649 , 140
GWK60_G00671 , 213
GWK60_G00935 , 1002
GWK60_G00979 , 277
GWK60_G01111 , 786
GWK60_G01287 , 384
GWK60_G01749 , 360
GWK60_G01837 , 484
GWK60_G02189 , 251
GWK60_G02827 , 70
GWK60_G02849 , 605
GWK60_G03113 , 197
GWK60_G03179 , 282
GWK60_G03355 , 35
GWK60_G03377 , 69
GWK60_G03465 , 1565
GWK60_G03619 , 18
GWK60_G03707 , 1
GWK60_G03729 , 658
GWK60_G03993 , 484
GWK60_G04147 , 740
GWK60_G04235 , 259
GWK60_G04257 , 122
GWK60_G04323 , 12
GWK60_G04411 , 492
GWK60_G04499 , 537
GWK60_G04543 , 782
GWK60_G04609 , 323
GWK60_G04851 , 1
GWK60_G04873 , 5
GWK60_G05115 , 2170
GWK60_G05423 , 355
GWK60_G05533 , 254
GWK60_G05621 , 246
GWK60_G05797 , 156
GWK60_G05929 , 735
GWK60_G06105 , 33
GWK60_G06171 , 96
GWK60_G06215 , 229
GWK60_G06237 , 167
GWK60_G06567 , 161
GWK60_G06589 , 1
GWK60_G06677 , 1
GWK60_G06743 , 289
GWK60_G06831 , 63
GWK60_G06941 , 234
GWK60_G07117 , 22
GWK60_G07139 , 432
GWK60_G07337 , 1356
GWK60_G07403 , 173
GWK60_G07447 , 21
GWK60_G07645 , 1
GWK60_G07733 , 195
GWK60_G07821 , 327
GWK60_G08217 , 1
GWK60_G08239 , 743
GWK60_G08547 , 216
GWK60_G08613 , 561
GWK60_G08657 , 123
GWK60_G08789 , 527
GWK60_G08877 , 3686
GWK60_G09559 , 155
GWK60_G09581 , 382
GWK60_G09713 , 9
GWK60_G09801 , 171
GWK60_G09889 , 710
GWK60_H00055 , 1
GWK60_H00231 , 671
GWK60_H00253 , 684
GWK60_H00341 , 2
GWK60_H00385 , 1
GWK60_H00495 , 7985
GWK60_H00517 , 1466
GWK60_H00539 , 11034
GWK60_H00715 , 431
GWK60_H00737 , 47
GWK60_H00781 , 812
GWK60_H00847 , 901
GWK60_H00913 , 703
GWK60_H00935 , 225
GWK60_H00979 , 209
GWK60_H01023 , 2365
GWK60_H01089 , 129
GWK60_H01111 , 14
GWK60_H01309 , 581
GWK60_H01419 , 63
GWK60_H01507 , 3577
GWK60_H01529 , 422
GWK60_H01617 , 193
GWK60_H01639 , 444
GWK60_H01749 , 3998
GWK60_H01903 , 3630
GWK60_H01925 , 132
GWK60_H02035 , 631
GWK60_H02057 , 2477
GWK60_H02079 , 218
GWK60_H02101 , 1829
GWK60_H02145 , 3785
GWK60_H02167 , 1723
GWK60_H02189 , 1
GWK60_H02321 , 4318
GWK60_H02343 , 280
GWK60_H02365 , 464
GWK60_H02453 , 1407
GWK60_H02475 , 725
GWK60_H02519 , 205
GWK60_H02629 , 294
GWK60_H03113 , 530
GWK60_H03179 , 53
GWK60_H03201 , 1714
GWK60_H03245 , 11859
GWK60_H03377 , 202
GWK60_H03399 , 7
GWK60_H03421 , 829
GWK60_H03531 , 7554
GWK60_H03575 , 780
GWK60_H03641 , 265
GWK60_H03685 , 328
GWK60_H03795 , 1789
GWK60_H03839 , 2115
GWK60_H03861 , 1265
GWK60_H03927 , 620
GWK60_H03949 , 2228
GWK60_H04015 , 130
GWK60_H04037 , 289
GWK60_H04367 , 1595
GWK60_H04433 , 516
GWK60_H04499 , 260
GWK60_H04521 , 1299
GWK60_H04543 , 1
GWK60_H04609 , 1582
GWK60_H04631 , 796
GWK60_H04741 , 45
GWK60_H04763 , 3226
GWK60_H04785 , 115
GWK60_H04807 , 867
GWK60_H04851 , 2350
GWK60_H05027 , 3
GWK60_H05049 , 1546
GWK60_H05137 , 6
GWK60_H05159 , 1186
GWK60_H05247 , 1281
GWK60_H05291 , 1
GWK60_H05423 , 4249
GWK60_H05511 , 183
GWK60_H05599 , 310
GWK60_H05665 , 166
GWK60_H05753 , 342
GWK60_H05775 , 18
GWK60_H05841 , 1
GWK60_H05973 , 180
GWK60_H05995 , 307
GWK60_H06105 , 630
GWK60_H06127 , 767
GWK60_H06171 , 1474
GWK60_H06215 , 1175
GWK60_H06237 , 1705
GWK60_H06259 , 2986
GWK60_H06347 , 3797
GWK60_H06369 , 6349
GWK60_H06391 , 733
GWK60_H06435 , 2199
GWK60_H06457 , 264
GWK60_H06523 , 675
GWK60_H06567 , 4393
GWK60_H06589 , 1
GWK60_H06611 , 2436
GWK60_H06633 , 1341
GWK60_H06721 , 1260
GWK60_H06743 , 1288
GWK60_H06787 , 1571
GWK60_H06809 , 1419
GWK60_H06919 , 182
GWK60_H07029 , 74
GWK60_H07073 , 1
GWK60_H07139 , 2
GWK60_H07271 , 416
GWK60_H07293 , 1
GWK60_H07337 , 106
GWK60_H07359 , 928
GWK60_H07535 , 634
GWK60_H07557 , 3325
GWK60_H07623 , 205
GWK60_H07645 , 50
GWK60_H07733 , 145
GWK60_H07755 , 1402
GWK60_H07821 , 39
GWK60_H07843 , 1246
GWK60_H07865 , 1323
GWK60_H07953 , 1778
GWK60_H07975 , 145
GWK60_H08041 , 1249
GWK60_H08129 , 7580
GWK60_H08151 , 15856
GWK60_H08217 , 2219
GWK60_H08261 , 149
GWK60_H08349 , 2894
GWK60_H08393 , 368
GWK60_H08437 , 1
GWK60_H08459 , 842
GWK60_H08525 , 2240
GWK60_H08547 , 1909
GWK60_H08635 , 681
GWK60_H08657 , 1430
GWK60_H08679 , 2677
GWK60_H08745 , 2325
GWK60_H08789 , 3391
GWK60_H08811 , 6916
GWK60_H08855 , 1506
GWK60_H08899 , 1
GWK60_H08921 , 1430
GWK60_H08965 , 155
GWK60_H09009 , 105
GWK60_H09053 , 3622
GWK60_H09075 , 1109
GWK60_H09097 , 4918
GWK60_H09119 , 38395
GWK60_H09141 , 7421
GWK60_H09185 , 2332
GWK60_H09207 , 1575
GWK60_H09229 , 1251
GWK60_H09251 , 322
GWK60_H09317 , 15719
GWK60_H09361 , 3146
GWK60_H09427 , 5012
GWK60_H09537 , 194
GWK60_H09581 , 4
GWK60_H09603 , 1201
GWK60_H09647 , 36
GWK60_H09691 , 298
GWK60_H09713 , 2278
GWK60_H09735 , 4812
GWK60_H09757 , 2956
GWK60_H09801 , 937
GWK60_H09845 , 415
GWK60_H09867 , 126
GWK60_H09889 , 398
GWK60_H09911 , 1953
GWK60_H09955 , 2565
GWK60_H09977 , 3290
GWK60_H09999 , 14325
GWK60_H10021 , 1923
GWK60_H10065 , 3968
GWK60_H10087 , 2322
GWK60_H10109 , 239
GWK60_H10131 , 1375
GWK60_H10241 , 1661
GWK60_H10263 , 765
GWK60_H10307 , 751
GWK60_H10329 , 678
GWK60_H10373 , 4242
GWK60_H10395 , 1130
GWK60_H10417 , 1108
GWK60_H10439 , 2748
GWK60_H10483 , 147
GWK60_H10505 , 3650
GWK60_H10549 , 1434
GWK60_H10571 , 13
GWK60_H00143 , 189
GWK60_H00165 , 912
GWK60_H00187 , 25
GWK60_H00209 , 147
GWK60_H00297 , 2
GWK60_H00429 , 69
GWK60_H00561 , 461
GWK60_H00583 , 1970
GWK60_H00891 , 1
GWK60_H00957 , 1938
GWK60_H01001 , 68
GWK60_H01595 , 17
GWK60_H02277 , 1
GWK60_H03157 , 642
GWK60_H03355 , 139
GWK60_H03443 , 31
GWK60_H03751 , 415
GWK60_H03905 , 399
GWK60_H03971 , 56
GWK60_H04191 , 158
GWK60_H04279 , 67
GWK60_H04345 , 8
GWK60_H05269 , 782
GWK60_H05335 , 307
GWK60_H05489 , 73
GWK60_H05533 , 1097
GWK60_H05555 , 1
GWK60_H05577 , 219
GWK60_H05863 , 3
GWK60_H06083 , 739
GWK60_H06149 , 353
GWK60_H06303 , 1298
GWK60_H06677 , 31
GWK60_H07315 , 958
GWK60_H07381 , 236
GWK60_H07447 , 23
GWK60_H07579 , 1
GWK60_H07711 , 606
GWK60_H07997 , 32
GWK60_H08063 , 1167
GWK60_H08107 , 1974
GWK60_H08305 , 59
GWK60_H08415 , 214
GWK60_H08723 , 23
GWK60_H08833 , 922
GWK60_H08877 , 559
GWK60_H08987 , 129
GWK60_H09295 , 5
GWK60_H09339 , 37
GWK60_H09405 , 3
GWK60_H09493 , 13
GWK60_H09559 , 511
GWK60_H09779 , 291
GWK60_H10175 , 2142
GWK60_H10527 , 219
GWK60_I00077 , 3
GWK60_I00099 , 40
GWK60_I00165 , 880
GWK60_I00187 , 100
GWK60_I00275 , 1534
GWK60_I00297 , 2142
GWK60_I00319 , 1
GWK60_I00341 , 3549
GWK60_I00363 , 1316
GWK60_I00385 , 152
GWK60_I00407 , 787
GWK60_I00495 , 1233
GWK60_I00539 , 1341
GWK60_I00627 , 78
GWK60_I00715 , 1076
GWK60_I00825 , 1086
GWK60_I00935 , 994
GWK60_I00957 , 25
GWK60_I01023 , 37
GWK60_I01045 , 749
GWK60_I01067 , 1033
GWK60_I01111 , 249
GWK60_I01133 , 3175
GWK60_I01243 , 620
GWK60_I01309 , 10546
GWK60_I01331 , 3919
GWK60_I01375 , 1706
GWK60_I01397 , 1205
GWK60_I01419 , 1556
GWK60_I01485 , 14137
GWK60_I01507 , 8328
GWK60_I01529 , 307
GWK60_I01551 , 1566
GWK60_I01705 , 522
GWK60_I01815 , 687
GWK60_I01903 , 1
GWK60_I02057 , 1003
GWK60_I02079 , 1
GWK60_I02145 , 541
GWK60_I02343 , 1151
GWK60_I02365 , 1863
GWK60_I02387 , 15
GWK60_I02453 , 748
GWK60_I02519 , 5492
GWK60_I02541 , 243
GWK60_I02563 , 903
GWK60_I02585 , 405
GWK60_I02629 , 2360
GWK60_I02695 , 836
GWK60_I02717 , 260
GWK60_I02739 , 3095
GWK60_I02761 , 1067
GWK60_I02783 , 293
GWK60_I02871 , 502
GWK60_I02915 , 2
GWK60_I02981 , 835
GWK60_I03025 , 1565
GWK60_I03091 , 2262
GWK60_I03113 , 199
GWK60_I03157 , 792
GWK60_I03245 , 694
GWK60_I03267 , 2088
GWK60_I03311 , 3232
GWK60_I03355 , 4993
GWK60_I03377 , 716
GWK60_I03399 , 29471
GWK60_I03443 , 1481
GWK60_I03465 , 60
GWK60_I03531 , 3098
GWK60_I03553 , 1706
GWK60_I03575 , 693
GWK60_I03597 , 4395
GWK60_I03619 , 2680
GWK60_I03641 , 12183
GWK60_I03663 , 44
GWK60_I03707 , 1653
GWK60_I03795 , 2636
GWK60_I03905 , 7162
GWK60_I03927 , 2087
GWK60_I03993 , 4294
GWK60_I04015 , 585
GWK60_I04037 , 1259
GWK60_I04081 , 3777
GWK60_I04103 , 4267
GWK60_I04235 , 1729
GWK60_I04301 , 406
GWK60_I04323 , 46
GWK60_I04411 , 570
GWK60_I04455 , 2695
GWK60_I04477 , 264
GWK60_I04499 , 3980
GWK60_I04587 , 2359
GWK60_I04609 , 4046
GWK60_I04631 , 2270
GWK60_I04697 , 665
GWK60_I04741 , 477
GWK60_I04763 , 2
GWK60_I04785 , 8017
GWK60_I04895 , 443
GWK60_I04939 , 424
GWK60_I04983 , 4058
GWK60_I05005 , 1017
GWK60_I05093 , 4174
GWK60_I05115 , 457
GWK60_I05137 , 332
GWK60_I05181 , 929
GWK60_I05225 , 3718
GWK60_I05269 , 2994
GWK60_I05335 , 431
GWK60_I05357 , 3497
GWK60_I05379 , 1136
GWK60_I05423 , 1230
GWK60_I05489 , 771
GWK60_I05555 , 600
GWK60_I05599 , 4287
GWK60_I05643 , 9
GWK60_I05665 , 1823
GWK60_I05731 , 38
GWK60_I05775 , 3087
GWK60_I05797 , 705
GWK60_I05819 , 461
GWK60_I05863 , 679
GWK60_I05907 , 1612
GWK60_I05929 , 2788
GWK60_I05951 , 163
GWK60_I06039 , 2
GWK60_I06171 , 971
GWK60_I06215 , 1504
GWK60_I06259 , 1110
GWK60_I06303 , 519
GWK60_I06325 , 145
GWK60_I06369 , 181
GWK60_I06391 , 260
GWK60_I00055 , 511
GWK60_I00209 , 1791
GWK60_I00429 , 689
GWK60_I01265 , 183
GWK60_I01287 , 1
GWK60_I01441 , 267
GWK60_I01573 , 106
GWK60_I01639 , 1970
GWK60_I01661 , 220
GWK60_I01749 , 1
GWK60_I01947 , 1
GWK60_I02123 , 44
GWK60_I02299 , 396
GWK60_I02497 , 130
GWK60_I02673 , 1
GWK60_I02805 , 117
GWK60_I03003 , 72
GWK60_I03179 , 369
GWK60_I03201 , 1048
GWK60_I03223 , 459
GWK60_I03751 , 359
GWK60_I03817 , 102
GWK60_I04059 , 457
GWK60_I04125 , 11
GWK60_I04279 , 631
GWK60_I04389 , 168
GWK60_I04433 , 164
GWK60_I04719 , 1
GWK60_I04917 , 5
GWK60_I04961 , 154
GWK60_I05203 , 2285
GWK60_I05247 , 180
GWK60_I05291 , 190
GWK60_I05467 , 418
GWK60_I05621 , 2137
GWK60_I05973 , 680
GWK60_I06017 , 84
GWK60_I06061 , 333
GWK60_I06149 , 49
GWK60_I06281 , 6
GWK60_J00077 , 227
GWK60_J00143 , 150
GWK60_J00165 , 521
GWK60_J00231 , 519
GWK60_J00253 , 1
GWK60_J00297 , 787
GWK60_J00363 , 310
GWK60_J00385 , 359
GWK60_J00407 , 344
GWK60_J00429 , 981
GWK60_J00473 , 145
GWK60_J00539 , 1055
GWK60_J00583 , 1
GWK60_J00605 , 656
GWK60_J00649 , 27
GWK60_J00693 , 6801
GWK60_J00715 , 6736
GWK60_J00737 , 16637
GWK60_J00913 , 751
GWK60_J01133 , 32
GWK60_J01199 , 6677
GWK60_J01265 , 278
GWK60_J01287 , 500
GWK60_J01309 , 1135
GWK60_J01331 , 416
GWK60_J01353 , 5257
GWK60_J01375 , 407
GWK60_J01397 , 9932
GWK60_J01419 , 652
GWK60_J01441 , 1008
GWK60_J01463 , 379
GWK60_J01507 , 678
GWK60_J01573 , 943
GWK60_J01595 , 8299
GWK60_J01639 , 48190
GWK60_J01661 , 351
GWK60_J01683 , 686
GWK60_J01727 , 4697
GWK60_J01749 , 830
GWK60_J01793 , 259
GWK60_J01815 , 1669
GWK60_J01837 , 1535
GWK60_J01925 , 2518
GWK60_J01969 , 61
GWK60_J01991 , 10967
GWK60_J02013 , 12530
GWK60_J02035 , 2569
GWK60_J02123 , 585
GWK60_J02145 , 1151
GWK60_J02189 , 2185
GWK60_J02211 , 838
GWK60_J02233 , 204
GWK60_J02277 , 2
GWK60_J02299 , 61
GWK60_J02321 , 1482
GWK60_J02343 , 5902
GWK60_J02365 , 13153
GWK60_J02387 , 8903
GWK60_J02497 , 975
GWK60_J02541 , 722
GWK60_J02563 , 850
GWK60_J02629 , 1915
GWK60_J02673 , 2965
GWK60_J02717 , 7117
GWK60_J02739 , 3578
GWK60_J02761 , 3788
GWK60_J02849 , 8531
GWK60_J02871 , 1423
GWK60_J02893 , 1176
GWK60_J02915 , 1958
GWK60_J03113 , 597
GWK60_J03135 , 277
GWK60_J03245 , 827
GWK60_J03267 , 663
GWK60_J03399 , 547
GWK60_J03421 , 1302
GWK60_J03487 , 133
GWK60_J03619 , 1647
GWK60_J03663 , 827
GWK60_J03685 , 90
GWK60_J03707 , 389
GWK60_J03751 , 926
GWK60_J03773 , 2026
GWK60_J03817 , 20
GWK60_J03839 , 7500
GWK60_J03927 , 245
GWK60_J03949 , 753
GWK60_J03993 , 1477
GWK60_J04015 , 860
GWK60_J04081 , 3032
GWK60_J04103 , 7
GWK60_J04125 , 781
GWK60_J04147 , 82
GWK60_J04169 , 458
GWK60_J04235 , 1
GWK60_J04323 , 588
GWK60_J04345 , 23
GWK60_J04367 , 8
GWK60_J04389 , 2432
GWK60_J04411 , 1
GWK60_J04433 , 990
GWK60_J04455 , 1031
GWK60_J04521 , 17
GWK60_J04675 , 1234
GWK60_J04939 , 780
GWK60_J04961 , 3452
GWK60_J05093 , 4
GWK60_J05115 , 1756
GWK60_J05203 , 2
GWK60_J05379 , 35
GWK60_J05621 , 1574
GWK60_J05643 , 2098
GWK60_J05665 , 221
GWK60_J05709 , 18
GWK60_J05819 , 2359
GWK60_J05841 , 691
GWK60_J05885 , 254
GWK60_J05973 , 26
GWK60_J05995 , 145
GWK60_J06171 , 8
GWK60_J06237 , 7632
GWK60_J06281 , 55
GWK60_J06303 , 524
GWK60_J06347 , 369
GWK60_J06369 , 18
GWK60_J06391 , 12
GWK60_J06435 , 529
GWK60_J06457 , 843
GWK60_J06545 , 1390
GWK60_J06655 , 58
GWK60_J06721 , 228
GWK60_J06743 , 22
GWK60_J06853 , 334
GWK60_J06875 , 736
GWK60_J06919 , 1466
GWK60_J06963 , 1
GWK60_J06985 , 268
GWK60_J07117 , 2796
GWK60_J07337 , 1411
GWK60_J07359 , 3273
GWK60_J07381 , 126
GWK60_J07403 , 1976
GWK60_J07557 , 1566
GWK60_J07689 , 188
GWK60_J07777 , 52
GWK60_J07931 , 718
GWK60_J08019 , 984
GWK60_J08041 , 70
GWK60_J08107 , 575
GWK60_J08173 , 1105
GWK60_J08195 , 2184
GWK60_J08217 , 1441
GWK60_J08283 , 656
GWK60_J08305 , 313
GWK60_J08327 , 1162
GWK60_J08415 , 2007
GWK60_J08437 , 8431
GWK60_J08503 , 1237
GWK60_J08525 , 590
GWK60_J08547 , 1174
GWK60_J08569 , 631
GWK60_J08613 , 388
GWK60_J08679 , 125
GWK60_J08943 , 213
GWK60_J08987 , 3463
GWK60_J09009 , 94
GWK60_J09031 , 985
GWK60_J09053 , 675
GWK60_J09097 , 2872
GWK60_J09119 , 351
GWK60_J09317 , 193
GWK60_J09515 , 6261
GWK60_J09779 , 1566
GWK60_J09801 , 4024
GWK60_J09845 , 50
GWK60_J09889 , 1286
GWK60_J09911 , 105
GWK60_J09977 , 984
GWK60_J10087 , 462
GWK60_J10131 , 2100
GWK60_J10153 , 85
GWK60_J10175 , 788
GWK60_J10241 , 1448
GWK60_J10263 , 383
GWK60_J10285 , 573
GWK60_J10439 , 1078
GWK60_J10483 , 42
GWK60_J10637 , 861
GWK60_J10835 , 566
GWK60_J10967 , 686
GWK60_J11099 , 3391
GWK60_J11165 , 625
GWK60_J11187 , 2972
GWK60_J11319 , 300
GWK60_J11451 , 445
GWK60_J11561 , 148
GWK60_J11627 , 1111
GWK60_J11693 , 834
GWK60_J11715 , 69
GWK60_J11737 , 1464
GWK60_J00055 , 11
GWK60_J00341 , 18
GWK60_J00935 , 2
GWK60_J01023 , 112
GWK60_J01067 , 1507
GWK60_J01089 , 25
GWK60_J01111 , 319
GWK60_J01551 , 19
GWK60_J01859 , 325
GWK60_J01881 , 2480
GWK60_J02101 , 1592
GWK60_J02431 , 4
GWK60_J02519 , 6
GWK60_J03003 , 2262
GWK60_J03069 , 6
GWK60_J03091 , 436
GWK60_J03157 , 101
GWK60_J03201 , 195
GWK60_J03729 , 148
GWK60_J03795 , 5
GWK60_J03861 , 1203
GWK60_J03905 , 16
GWK60_J04059 , 605
GWK60_J04213 , 3
GWK60_J04279 , 696
GWK60_J04697 , 348
GWK60_J04785 , 854
GWK60_J05005 , 4168
GWK60_J05049 , 1
GWK60_J05181 , 458
GWK60_J05357 , 1
GWK60_J05533 , 824
GWK60_J05599 , 1
GWK60_J05731 , 144
GWK60_J05951 , 905
GWK60_J06061 , 600
GWK60_J06127 , 1
GWK60_J06149 , 2788
GWK60_J06193 , 629
GWK60_J06325 , 359
GWK60_J06479 , 4
GWK60_J06831 , 1
GWK60_J06897 , 588
GWK60_J07007 , 5
GWK60_J07095 , 367
GWK60_J07139 , 2
GWK60_J07469 , 163
GWK60_J07535 , 1
GWK60_J08063 , 29
GWK60_J08085 , 11
GWK60_J08239 , 11
GWK60_J08481 , 540
GWK60_J08635 , 91
GWK60_J08833 , 186
GWK60_J08855 , 59
GWK60_J09141 , 42
GWK60_J09537 , 1436
GWK60_J09581 , 109
GWK60_J09603 , 2
GWK60_J09669 , 212
GWK60_J09735 , 1
GWK60_J10307 , 226
GWK60_J10351 , 589
GWK60_J10615 , 1
GWK60_J10681 , 12
GWK60_J10879 , 549
GWK60_J10901 , 1
GWK60_J10945 , 141
GWK60_J11033 , 240
GWK60_J11275 , 2488
GWK60_J11341 , 1224
GWK60_J11429 , 31
GWK60_J11473 , 425
GWK60_J11539 , 1
GWK60_J11649 , 568
GWK60_J11759 , 1
GWK60_K00121 , 234
GWK60_K00165 , 1
GWK60_K00187 , 2492
GWK60_K00209 , 987
GWK60_K00231 , 200
GWK60_K00253 , 176
GWK60_K00385 , 1
GWK60_K00429 , 3969
GWK60_K00473 , 63
GWK60_K00517 , 10037
GWK60_K00539 , 3239
GWK60_K00561 , 178
GWK60_K00627 , 692
GWK60_K00671 , 1
GWK60_K00759 , 2785
GWK60_K00825 , 3391
GWK60_K00869 , 862
GWK60_K00935 , 589
GWK60_K01001 , 10480
GWK60_K01067 , 2049
GWK60_K01331 , 1071
GWK60_K01353 , 5
GWK60_K01507 , 260
GWK60_K01529 , 4619
GWK60_K01573 , 2280
GWK60_K01595 , 3932
GWK60_K01639 , 3369
GWK60_K01837 , 1092
GWK60_K01859 , 157
GWK60_K01881 , 1240
GWK60_K01903 , 371
GWK60_K01947 , 1818
GWK60_K02013 , 1277
GWK60_K02035 , 925
GWK60_K02123 , 1
GWK60_K02189 , 1748
GWK60_K02211 , 724
GWK60_K02255 , 163
GWK60_K02321 , 1225
GWK60_K02365 , 2871
GWK60_K02409 , 349
GWK60_K02431 , 485
GWK60_K02475 , 20913
GWK60_K02497 , 1730
GWK60_K02519 , 4142
GWK60_K02541 , 2054
GWK60_K02563 , 285
GWK60_K02629 , 1411
GWK60_K02673 , 3714
GWK60_K02695 , 1795
GWK60_K02717 , 1477
GWK60_K02739 , 990
GWK60_K02761 , 971
GWK60_K02783 , 1404
GWK60_K02827 , 512
GWK60_K02871 , 1414
GWK60_K02893 , 159
GWK60_K02915 , 2313
GWK60_K02937 , 1050
GWK60_K02959 , 4961
GWK60_K03025 , 342
GWK60_K03069 , 92
GWK60_K03091 , 1076
GWK60_K03135 , 1060
GWK60_K03157 , 150
GWK60_K03223 , 2315
GWK60_K03267 , 1029
GWK60_K03289 , 2861
GWK60_K03311 , 1310
GWK60_K03377 , 497
GWK60_K03465 , 397
GWK60_K03509 , 15631
GWK60_K03531 , 921
GWK60_K03553 , 601
GWK60_K03575 , 3362
GWK60_K03641 , 1093
GWK60_K03685 , 1943
GWK60_K03707 , 139
GWK60_K03751 , 490
GWK60_K03883 , 1575
GWK60_K03905 , 3694
GWK60_K03927 , 72
GWK60_K03971 , 1
GWK60_K04015 , 548
GWK60_K04037 , 1001
GWK60_K04059 , 409
GWK60_K04103 , 6
GWK60_K04213 , 370
GWK60_K04323 , 25
GWK60_K04367 , 284
GWK60_K04411 , 410
GWK60_K04499 , 7657
GWK60_K04521 , 1277
GWK60_K04609 , 2572
GWK60_K04653 , 970
GWK60_K04719 , 5219
GWK60_K04741 , 2322
GWK60_K04983 , 541
GWK60_K05027 , 1438
GWK60_K05071 , 1936
GWK60_K05115 , 1
GWK60_K05247 , 2378
GWK60_K05269 , 1
GWK60_K05423 , 620
GWK60_K05467 , 1296
GWK60_K05533 , 395
GWK60_K05599 , 924
GWK60_K05687 , 1
GWK60_K05709 , 463
GWK60_K05775 , 180
GWK60_K05819 , 146
GWK60_K05863 , 733
GWK60_K05907 , 10
GWK60_K05951 , 305
GWK60_K05995 , 212
GWK60_K06149 , 21
GWK60_K06171 , 1019
GWK60_K06281 , 19
GWK60_K06303 , 291
GWK60_K06325 , 54
GWK60_K06501 , 4127
GWK60_K06567 , 158
GWK60_K06589 , 3421
GWK60_K06611 , 300
GWK60_K06655 , 920
GWK60_K06677 , 377
GWK60_K06699 , 2029
GWK60_K06743 , 4
GWK60_K06985 , 1
GWK60_K07029 , 845
GWK60_K07117 , 296
GWK60_K07161 , 125
GWK60_K07205 , 6
GWK60_K07293 , 1936
GWK60_K07315 , 450
GWK60_K07359 , 1
GWK60_K07381 , 2
GWK60_K07403 , 453
GWK60_K07557 , 524
GWK60_K07601 , 1685
GWK60_K07623 , 2
GWK60_K07689 , 2259
GWK60_K07821 , 587
GWK60_K07843 , 98
GWK60_K07865 , 41
GWK60_K07931 , 1
GWK60_K07975 , 371
GWK60_K07997 , 253
GWK60_K08041 , 6
GWK60_K08085 , 348
GWK60_K08107 , 74
GWK60_K08129 , 627
GWK60_K08173 , 1
GWK60_K08261 , 115
GWK60_K08283 , 653
GWK60_K08305 , 348
GWK60_K08393 , 1102
GWK60_K08437 , 1176
GWK60_K08525 , 1
GWK60_K08547 , 267
GWK60_K08569 , 2507
GWK60_K08613 , 1131
GWK60_K09009 , 497
GWK60_K09031 , 1194
GWK60_K09229 , 176
GWK60_K09251 , 30
GWK60_K09449 , 76
GWK60_K09471 , 3590
GWK60_K09625 , 1435
GWK60_K09691 , 73
GWK60_K09713 , 1545
GWK60_K09735 , 3429
GWK60_K09801 , 43
GWK60_K09933 , 807
GWK60_K10131 , 142
GWK60_K10263 , 3314
GWK60_K10285 , 640
GWK60_K10373 , 408
GWK60_K10395 , 2113
GWK60_K10417 , 17
GWK60_K10505 , 620
GWK60_K10549 , 5089
GWK60_K10571 , 20
GWK60_K10637 , 107
GWK60_K10901 , 1
GWK60_K11055 , 149
GWK60_K11143 , 1544
GWK60_K11231 , 98
GWK60_K11341 , 490
GWK60_K11385 , 1517
GWK60_K11407 , 1213
GWK60_K11451 , 1059
GWK60_K11605 , 1100
GWK60_K11627 , 402
GWK60_K11649 , 4005
GWK60_K11671 , 1136
GWK60_K11715 , 269
GWK60_K11803 , 403
GWK60_K11957 , 922
GWK60_K11979 , 4
GWK60_K12089 , 517
GWK60_K12133 , 25
GWK60_K12265 , 1057
GWK60_K12309 , 561
GWK60_K12507 , 372
GWK60_K12639 , 432
GWK60_K12705 , 584
GWK60_K12727 , 1057
GWK60_K12749 , 1468
GWK60_K12771 , 662
GWK60_K00055 , 192
GWK60_K00077 , 195
GWK60_K00297 , 3
GWK60_K00737 , 3
GWK60_K00781 , 853
GWK60_K00979 , 4
GWK60_K01045 , 64
GWK60_K01133 , 530
GWK60_K01155 , 1
GWK60_K01199 , 31
GWK60_K01375 , 2029
GWK60_K01419 , 207
GWK60_K01463 , 57
GWK60_K01551 , 380
GWK60_K01617 , 2
GWK60_K01705 , 11
GWK60_K01749 , 2568
GWK60_K01815 , 9
GWK60_K01925 , 34
GWK60_K02145 , 2288
GWK60_K02277 , 343
GWK60_K02607 , 380
GWK60_K02805 , 18
GWK60_K02849 , 832
GWK60_K03179 , 119
GWK60_K03201 , 69
GWK60_K03333 , 1
GWK60_K03817 , 1
GWK60_K03839 , 13
GWK60_K04125 , 2103
GWK60_K04169 , 23
GWK60_K04235 , 1819
GWK60_K04389 , 451
GWK60_K04433 , 124
GWK60_K04455 , 693
GWK60_K04543 , 30
GWK60_K04697 , 152
GWK60_K04763 , 167
GWK60_K04829 , 202
GWK60_K04851 , 11
GWK60_K04939 , 268
GWK60_K05049 , 163
GWK60_K05203 , 1370
GWK60_K05225 , 899
GWK60_K05291 , 545
GWK60_K05555 , 460
GWK60_K05621 , 1101
GWK60_K05731 , 219
GWK60_K05753 , 684
GWK60_K06061 , 702
GWK60_K06369 , 125
GWK60_K06633 , 888
GWK60_K06919 , 13
GWK60_K07139 , 90
GWK60_K07183 , 5
GWK60_K07337 , 2137
GWK60_K07491 , 2111
GWK60_K07513 , 463
GWK60_K07909 , 122
GWK60_K08019 , 951
GWK60_K08151 , 326
GWK60_K08349 , 931
GWK60_K08635 , 30
GWK60_K08745 , 128
GWK60_K08789 , 17
GWK60_K08811 , 367
GWK60_K08833 , 3
GWK60_K08855 , 677
GWK60_K08943 , 1060
GWK60_K08965 , 528
GWK60_K09053 , 10
GWK60_K09647 , 218
GWK60_K10043 , 879
GWK60_K10087 , 79
GWK60_K10109 , 1
GWK60_K10197 , 656
GWK60_K10461 , 1
GWK60_K10527 , 156
GWK60_K10725 , 8
GWK60_K10747 , 548
GWK60_K10769 , 123
GWK60_K10791 , 391
GWK60_K10857 , 467
GWK60_K10989 , 199
GWK60_K11187 , 9
GWK60_K11693 , 51
GWK60_K11759 , 144
GWK60_K12023 , 6
GWK60_K12485 , 800
GWK60_K12661 , 720
GWK60_L00011 , 16
GWK60_L00143 , 895
GWK60_L00187 , 1435
GWK60_L00209 , 434
GWK60_L00297 , 2
GWK60_L00319 , 3154
GWK60_L00693 , 1668
GWK60_L00715 , 24
GWK60_L00737 , 3160
GWK60_L00803 , 259
GWK60_L00869 , 608
GWK60_L00913 , 1767
GWK60_L01023 , 807
GWK60_L01111 , 143
GWK60_L01133 , 1
GWK60_L01177 , 1
GWK60_L01199 , 2038
GWK60_L01221 , 12
GWK60_L01287 , 8
GWK60_L01331 , 115
GWK60_L01397 , 124
GWK60_L01441 , 464
GWK60_L01463 , 556
GWK60_L01573 , 48
GWK60_L01639 , 2298
GWK60_L01683 , 5
GWK60_L01771 , 261
GWK60_L01815 , 1382
GWK60_L01881 , 753
GWK60_L02035 , 150
GWK60_L02299 , 10840
GWK60_L02321 , 527
GWK60_L02343 , 1
GWK60_L02453 , 1407
GWK60_L02651 , 7
GWK60_L02673 , 496
GWK60_L02849 , 56
GWK60_L02871 , 17
GWK60_L02893 , 408
GWK60_L02937 , 1277
GWK60_L02981 , 337
GWK60_L03069 , 424
GWK60_L03245 , 479
GWK60_L03377 , 1
GWK60_L03465 , 803
GWK60_L03839 , 892
GWK60_L03971 , 292
GWK60_L03993 , 1336
GWK60_L04081 , 161
GWK60_L04125 , 124
GWK60_L04213 , 651
GWK60_L04257 , 635
GWK60_L04301 , 699
GWK60_L04411 , 108
GWK60_L04543 , 425
GWK60_L04565 , 1
GWK60_L04587 , 42
GWK60_L04697 , 1164
GWK60_L04741 , 120
GWK60_L04763 , 3706
GWK60_L04785 , 1
GWK60_L04807 , 1075
GWK60_L04917 , 1305
GWK60_L04961 , 4270
GWK60_L05049 , 307
GWK60_L05071 , 794
GWK60_L05093 , 708
GWK60_L05137 , 571
GWK60_L05159 , 43
GWK60_L05181 , 49
GWK60_L05401 , 802
GWK60_L05445 , 38
GWK60_L05489 , 843
GWK60_L05621 , 63
GWK60_L05709 , 1
GWK60_L05841 , 276
GWK60_L05929 , 554
GWK60_L06061 , 209
GWK60_L06237 , 374
GWK60_L06347 , 952
GWK60_L06369 , 597
GWK60_L06413 , 257
GWK60_L06457 , 253
GWK60_L06655 , 2221
GWK60_L06985 , 4172
GWK60_L07117 , 601
GWK60_L07227 , 2964
GWK60_L07381 , 242
GWK60_L07403 , 440
GWK60_L07425 , 412
GWK60_L07491 , 2204
GWK60_L07535 , 890
GWK60_L07601 , 623
GWK60_L07667 , 1490
GWK60_L07689 , 2216
GWK60_L07777 , 1699
GWK60_L07997 , 653
GWK60_L08019 , 2886
GWK60_L08327 , 1
GWK60_L08349 , 972
GWK60_L08393 , 15
GWK60_L08415 , 746
GWK60_L08437 , 6483
GWK60_L08547 , 7847
GWK60_L08569 , 6
GWK60_L08591 , 403
GWK60_L08723 , 84
GWK60_L08745 , 579
GWK60_L08767 , 2682
GWK60_L08789 , 1
GWK60_L08811 , 807
GWK60_L08899 , 222
GWK60_L08987 , 131
GWK60_L09031 , 2
GWK60_L09075 , 1
GWK60_L09251 , 3048
GWK60_L09273 , 1494
GWK60_L09427 , 1481
GWK60_L09449 , 1
GWK60_L09471 , 2372
GWK60_L09537 , 3311
GWK60_L09625 , 338
GWK60_L09647 , 1046
GWK60_L09823 , 580
GWK60_L09955 , 3173
GWK60_L09977 , 956
GWK60_L10087 , 775
GWK60_L10285 , 41
GWK60_L10395 , 859
GWK60_L10417 , 56
GWK60_L10505 , 1777
GWK60_L10615 , 11436
GWK60_L10637 , 2713
GWK60_L10725 , 102
GWK60_L10747 , 387
GWK60_L10769 , 1
GWK60_L10791 , 1048
GWK60_L10813 , 34
GWK60_L10835 , 2743
GWK60_L10967 , 510
GWK60_L11187 , 381
GWK60_L11231 , 13
GWK60_L11253 , 396
GWK60_L11275 , 9
GWK60_L11297 , 1001
GWK60_L11341 , 16670
GWK60_L11473 , 853
GWK60_L11539 , 477
GWK60_L11561 , 1191
GWK60_L11627 , 175
GWK60_L11715 , 57
GWK60_L11737 , 177
GWK60_L11759 , 563
GWK60_L11847 , 5016
GWK60_L11869 , 1338
GWK60_L11891 , 2704
GWK60_L11913 , 733
GWK60_L11935 , 49
GWK60_L11957 , 13153
GWK60_L12067 , 1454
GWK60_L12089 , 4914
GWK60_L12111 , 92
GWK60_L12133 , 333
GWK60_L12221 , 159
GWK60_L12265 , 134
GWK60_L12331 , 1
GWK60_L12353 , 38
GWK60_L12397 , 1530
GWK60_L12595 , 326
GWK60_L12639 , 5486
GWK60_L12661 , 136
GWK60_L12683 , 1122
GWK60_L12705 , 268
GWK60_L12727 , 1503
GWK60_L12771 , 5
GWK60_L12793 , 288
GWK60_L12837 , 3212
GWK60_L12903 , 2689
GWK60_L12947 , 2410
GWK60_L12969 , 5784
GWK60_L13035 , 803
GWK60_L13057 , 22547
GWK60_L13079 , 21187
GWK60_L13101 , 12629
GWK60_L13167 , 1757
GWK60_L13189 , 3102
GWK60_L13211 , 2198
GWK60_L13233 , 414
GWK60_L13255 , 2619
GWK60_L13277 , 3167
GWK60_L13299 , 4124
GWK60_L13343 , 1004
GWK60_L13387 , 213
GWK60_L13409 , 26
GWK60_L13497 , 3345
GWK60_L13541 , 463
GWK60_L13695 , 626
GWK60_L13739 , 407
GWK60_L13915 , 6238
GWK60_L13959 , 3005
GWK60_L14047 , 590
GWK60_L14091 , 37236
GWK60_L14135 , 22
GWK60_L14157 , 596
GWK60_L14201 , 1646
GWK60_L14289 , 332
GWK60_L14311 , 51
GWK60_L14333 , 747
GWK60_L14355 , 84
GWK60_L14377 , 522
GWK60_L14421 , 1147
GWK60_L14443 , 2012
GWK60_L14553 , 1815
GWK60_L14619 , 585
GWK60_L14663 , 5
GWK60_L14707 , 16
GWK60_L14773 , 23032
GWK60_L14817 , 2085
GWK60_L14883 , 412
GWK60_L14927 , 750
GWK60_L15015 , 144
GWK60_L15059 , 1411
GWK60_L15125 , 2316
GWK60_L15213 , 59
GWK60_L15257 , 1
GWK60_L15411 , 1558
GWK60_L15455 , 2129
GWK60_L15543 , 912
GWK60_L15697 , 103
GWK60_L15741 , 91
GWK60_L15785 , 58
GWK60_L15807 , 1
GWK60_L15851 , 19
GWK60_L15873 , 2
GWK60_L15939 , 39
GWK60_L15983 , 842
GWK60_L16005 , 3960
GWK60_L16247 , 1595
GWK60_L16313 , 620
GWK60_L16423 , 2320
GWK60_L16511 , 1
GWK60_L16687 , 1615
GWK60_L16753 , 475
GWK60_L16775 , 946
GWK60_L16841 , 431
GWK60_L16929 , 196
GWK60_L17193 , 542
GWK60_L17237 , 1509
GWK60_L17281 , 32
GWK60_L00055 , 859
GWK60_L00077 , 22
GWK60_L00363 , 334
GWK60_L00429 , 582
GWK60_L00473 , 62
GWK60_L00825 , 605
GWK60_L00979 , 32
GWK60_L01485 , 1113
GWK60_L01859 , 511
GWK60_L01925 , 101
GWK60_L01947 , 217
GWK60_L01969 , 15
GWK60_L02057 , 1
GWK60_L02101 , 261
GWK60_L02211 , 7
GWK60_L02365 , 2
GWK60_L02519 , 1
GWK60_L03223 , 18
GWK60_L03509 , 863
GWK60_L03597 , 115
GWK60_L03641 , 5
GWK60_L04037 , 369
GWK60_L04983 , 103
GWK60_L05533 , 68
GWK60_L05797 , 840
GWK60_L05951 , 1647
GWK60_L06303 , 112
GWK60_L06611 , 137
GWK60_L06677 , 3796
GWK60_L06743 , 1714
GWK60_L06919 , 53
GWK60_L07007 , 914
GWK60_L07095 , 310
GWK60_L07161 , 7
GWK60_L07579 , 60
GWK60_L07799 , 1
GWK60_L07887 , 82
GWK60_L08041 , 203
GWK60_L08085 , 1
GWK60_L08129 , 367
GWK60_L08305 , 191
GWK60_L08613 , 508
GWK60_L08635 , 205
GWK60_L08657 , 115
GWK60_L08943 , 1
GWK60_L09009 , 1425
GWK60_L09119 , 2506
GWK60_L09207 , 124
GWK60_L09339 , 698
GWK60_L09559 , 28
GWK60_L09581 , 6
GWK60_L09713 , 1497
GWK60_L09801 , 6
GWK60_L09999 , 5
GWK60_L10175 , 11
GWK60_L10197 , 403
GWK60_L10307 , 753
GWK60_L10527 , 566
GWK60_L10571 , 1
GWK60_L10659 , 5
GWK60_L10681 , 30
GWK60_L10945 , 1188
GWK60_L11055 , 254
GWK60_L11121 , 1
GWK60_L11209 , 140
GWK60_L11319 , 1
GWK60_L11385 , 156
GWK60_L11517 , 121
GWK60_L12023 , 2337
GWK60_L12155 , 412
GWK60_L12287 , 4
GWK60_L12485 , 98
GWK60_L12617 , 25
GWK60_L12815 , 974
GWK60_L12925 , 93
GWK60_L13013 , 828
GWK60_L13321 , 41
GWK60_L13365 , 9
GWK60_L13805 , 121
GWK60_L13893 , 1139
GWK60_L13937 , 604
GWK60_L14179 , 276
GWK60_L14223 , 1
GWK60_L14465 , 14
GWK60_L14839 , 39
GWK60_L15103 , 122
GWK60_L15279 , 44
GWK60_L15301 , 209
GWK60_L15345 , 1421
GWK60_L15521 , 1643
GWK60_L15653 , 1
GWK60_L16027 , 166
GWK60_L16071 , 612
GWK60_L16225 , 1
GWK60_L16291 , 1985
GWK60_L16357 , 1173
GWK60_L16379 , 1
GWK60_L16555 , 977
GWK60_L16819 , 1608
GWK60_L16995 , 172
GWK60_L17149 , 18
GWK60_L17215 , 210
GWK60_L17259 , 754
GWK60_L17303 , 232
GWK60_M00055 , 495
GWK60_M00077 , 1144
GWK60_M00143 , 87
GWK60_M00209 , 1441
GWK60_M00253 , 1060
GWK60_M00275 , 2731
GWK60_M00385 , 267
GWK60_M00429 , 275
GWK60_M00473 , 720
GWK60_M00671 , 883
GWK60_M00759 , 1059
GWK60_M00803 , 5448
GWK60_M01023 , 18
GWK60_M01067 , 1939
GWK60_M01133 , 1402
GWK60_M01155 , 596
GWK60_M01287 , 215
GWK60_M01463 , 188
GWK60_M01551 , 1643
GWK60_M01595 , 1754
GWK60_M01617 , 1862
GWK60_M01727 , 1389
GWK60_M01793 , 536
GWK60_M01815 , 422
GWK60_M01859 , 27
GWK60_M01881 , 26
GWK60_M01947 , 786
GWK60_M02035 , 14
GWK60_M02101 , 1335
GWK60_M02211 , 307
GWK60_M02233 , 82
GWK60_M02255 , 71
GWK60_M02343 , 1644
GWK60_M02497 , 353
GWK60_M02541 , 1947
GWK60_M02607 , 269
GWK60_M02651 , 819
GWK60_M02739 , 15
GWK60_M02761 , 795
GWK60_M02805 , 557
GWK60_M02849 , 15
GWK60_M03091 , 47
GWK60_M03289 , 1801
GWK60_M03311 , 3
GWK60_M03355 , 178
GWK60_M03443 , 861
GWK60_M03531 , 617
GWK60_M03597 , 1
GWK60_M03619 , 42
GWK60_M03663 , 1929
GWK60_M03729 , 100
GWK60_M03751 , 313
GWK60_M04059 , 479
GWK60_M04125 , 10820
GWK60_M04147 , 158
GWK60_M04213 , 181
GWK60_M04235 , 505
GWK60_M04279 , 610
GWK60_M04323 , 155
GWK60_M04345 , 1
GWK60_M04411 , 1
GWK60_M04631 , 17
GWK60_M04741 , 567
GWK60_M04829 , 381
GWK60_M04851 , 851
GWK60_M04917 , 1487
GWK60_M05071 , 12
GWK60_M05115 , 840
GWK60_M05335 , 103
GWK60_M05379 , 1178
GWK60_M05401 , 292
GWK60_M05445 , 213
GWK60_M05643 , 614
GWK60_M05665 , 206
GWK60_M05753 , 4259
GWK60_M05775 , 406
GWK60_M05863 , 250
GWK60_M05929 , 548
GWK60_M06039 , 1
GWK60_M06105 , 315
GWK60_M06127 , 618
GWK60_M06149 , 1248
GWK60_M06171 , 1059
GWK60_M06237 , 1514
GWK60_M06259 , 9
GWK60_M06303 , 245
GWK60_M06325 , 1
GWK60_M06369 , 1
GWK60_M06391 , 67
GWK60_M06545 , 524
GWK60_M06611 , 351
GWK60_M06655 , 1498
GWK60_M06743 , 1
GWK60_M07007 , 389
GWK60_M07029 , 3686
GWK60_M07271 , 1115
GWK60_M07293 , 2737
GWK60_M07315 , 886
GWK60_M07359 , 390
GWK60_M07381 , 321
GWK60_M07425 , 724
GWK60_M07557 , 1
GWK60_M07601 , 742
GWK60_M07623 , 2518
GWK60_M07711 , 180
GWK60_M07799 , 547
GWK60_M07909 , 11108
GWK60_M08019 , 1489
GWK60_M08041 , 2527
GWK60_M08107 , 44
GWK60_M08129 , 222
GWK60_M08151 , 10
GWK60_M08261 , 942
GWK60_M08327 , 259
GWK60_M08371 , 1370
GWK60_M08437 , 2122
GWK60_M08459 , 3439
GWK60_M08481 , 9369
GWK60_M08525 , 5686
GWK60_M08613 , 1167
GWK60_M08679 , 89
GWK60_M08701 , 376
GWK60_M08723 , 1829
GWK60_M08745 , 199
GWK60_M08767 , 4953
GWK60_M08789 , 1343
GWK60_M08811 , 1165
GWK60_M08855 , 2086
GWK60_M08965 , 41
GWK60_M09031 , 88
GWK60_M09053 , 1433
GWK60_M09185 , 614
GWK60_M09207 , 3537
GWK60_M09251 , 1068
GWK60_M09273 , 2227
GWK60_M09383 , 511
GWK60_M09471 , 618
GWK60_M09515 , 139
GWK60_M09603 , 779
GWK60_M09625 , 1003
GWK60_M09647 , 1768
GWK60_M09669 , 31
GWK60_M09713 , 1421
GWK60_M09757 , 12
GWK60_M09779 , 3237
GWK60_M09823 , 175
GWK60_M09955 , 56015
GWK60_M09977 , 1094
GWK60_M09999 , 749
GWK60_M10021 , 2139
GWK60_M10109 , 617
GWK60_M10131 , 1888
GWK60_M10175 , 2575
GWK60_M10241 , 2086
GWK60_M10263 , 1201
GWK60_M10285 , 1
GWK60_M10307 , 1
GWK60_M10373 , 14135
GWK60_M10395 , 4595
GWK60_M10417 , 10229
GWK60_M10439 , 2609
GWK60_M10461 , 1254
GWK60_M10505 , 3808
GWK60_M10527 , 4938
GWK60_M10571 , 3359
GWK60_M10659 , 358
GWK60_M10725 , 1090
GWK60_M10747 , 11334
GWK60_M10769 , 1474
GWK60_M10813 , 3193
GWK60_M10835 , 452
GWK60_M10857 , 2333
GWK60_M10901 , 80
GWK60_M10945 , 929
GWK60_M11033 , 148
GWK60_M11077 , 122
GWK60_M11099 , 985
GWK60_M11165 , 4948
GWK60_M11209 , 26
GWK60_M11231 , 646
GWK60_M11253 , 1002
GWK60_M11275 , 115
GWK60_M11319 , 7884
GWK60_M11341 , 484
GWK60_M11363 , 2670
GWK60_M11385 , 10552
GWK60_M11583 , 717
GWK60_M11605 , 8
GWK60_M11627 , 282
GWK60_M11671 , 1507
GWK60_M11737 , 2481
GWK60_M11869 , 19
GWK60_M11891 , 2084
GWK60_M11935 , 5271
GWK60_M12023 , 1617
GWK60_M12067 , 30
GWK60_M12309 , 1650
GWK60_M12331 , 3347
GWK60_M12375 , 8689
GWK60_M12397 , 726
GWK60_M12485 , 1
GWK60_M12595 , 624
GWK60_M12617 , 2312
GWK60_M12661 , 1124
GWK60_M12727 , 535
GWK60_M12749 , 458
GWK60_M12793 , 816
GWK60_M12837 , 1802
GWK60_M12859 , 1386
GWK60_M12881 , 119
GWK60_M13013 , 112
GWK60_M13101 , 36
GWK60_M13123 , 616
GWK60_M13211 , 339
GWK60_M13255 , 3667
GWK60_M13629 , 375
GWK60_M13651 , 1169
GWK60_M13739 , 153
GWK60_M13761 , 859
GWK60_M13849 , 2332
GWK60_M13915 , 1860
GWK60_M14003 , 2119
GWK60_M14025 , 1264
GWK60_M00187 , 13
GWK60_M00231 , 1
GWK60_M00319 , 58
GWK60_M00451 , 162
GWK60_M00495 , 507
GWK60_M00539 , 130
GWK60_M00913 , 18
GWK60_M00979 , 279
GWK60_M01045 , 569
GWK60_M01177 , 541
GWK60_M01243 , 73
GWK60_M01353 , 157
GWK60_M01485 , 551
GWK60_M01573 , 32
GWK60_M01639 , 26
GWK60_M01661 , 8
GWK60_M01837 , 2
GWK60_M01903 , 881
GWK60_M02365 , 67
GWK60_M02453 , 121
GWK60_M02695 , 2
GWK60_M02981 , 669
GWK60_M03003 , 666
GWK60_M03025 , 61
GWK60_M03113 , 1432
GWK60_M03135 , 838
GWK60_M03223 , 19
GWK60_M03465 , 2351
GWK60_M03817 , 117
GWK60_M03861 , 22
GWK60_M04015 , 429
GWK60_M04037 , 1
GWK60_M04675 , 35
GWK60_M04763 , 219
GWK60_M04873 , 1
GWK60_M05247 , 2
GWK60_M05313 , 481
GWK60_M05577 , 59
GWK60_M05885 , 890
GWK60_M06281 , 1540
GWK60_M06721 , 11
GWK60_M06787 , 284
GWK60_M06875 , 617
GWK60_M06897 , 62
GWK60_M07117 , 29
GWK60_M07513 , 1075
GWK60_M08063 , 996
GWK60_M08195 , 163
GWK60_M08217 , 877
GWK60_M08503 , 37
GWK60_M08635 , 445
GWK60_M08657 , 221
GWK60_M08877 , 3
GWK60_M08899 , 88
GWK60_M08987 , 115
GWK60_M09075 , 96
GWK60_M09119 , 2
GWK60_M09229 , 199
GWK60_M09427 , 351
GWK60_M09559 , 1732
GWK60_M09581 , 70
GWK60_M10681 , 2
GWK60_M10703 , 89
GWK60_M10967 , 1268
GWK60_M11055 , 1
GWK60_M11121 , 244
GWK60_M11143 , 151
GWK60_M11187 , 1
GWK60_M11429 , 1188
GWK60_M11473 , 84
GWK60_M11649 , 1758
GWK60_M11715 , 639
GWK60_M11847 , 1
GWK60_M11979 , 74
GWK60_M12243 , 251
GWK60_M12683 , 76
GWK60_M13035 , 618
GWK60_M13079 , 54
GWK60_M13277 , 1
GWK60_M13475 , 794
GWK60_M13695 , 2
GWK60_M13717 , 1
GWK60_M13783 , 509
GWK60_M13959 , 1
GWK60_M13981 , 487
