Bin index,yH298-H2O2-treated-facs-pool2,yH298-H2O2-treated-facs-pool2 rank
CP048230.1-0,2,1214
CP048230.1-1,2,1215
CP048230.1-2,0,1240
CP048230.1-3,28,532
CP048230.1-4,35,405
CP048230.1-5,74,107
CP048230.1-6,73,111
CP048230.1-7,148,17
CP048230.1-8,58,180
CP048230.1-9,148,18
CP048230.1-10,51,218
CP048230.1-11,11,1018
CP048230.1-12,121,32
CP048230.1-13,50,232
CP048230.1-14,110,40
CP048230.1-15,41,332
CP048230.1-16,39,359
CP048230.1-17,43,304
CP048230.1-18,107,43
CP048230.1-19,44,293
CP048230.1-20,42,317
CP048230.1-21,13,955
CP048230.1-22,2,1216
CP048230.1-23,44,294
CP048230.1-24,15,905
CP048230.1-25,47,260
CP048230.1-26,60,165
CP048230.1-27,44,295
CP048230.1-28,16,872
CP048230.1-29,21,725
CP048230.1-30,3,1197
CP048230.1-31,12,988
CP048230.1-32,31,485
CP048230.1-33,35,406
CP048230.1-34,44,296
CP048230.1-35,43,305
CP048230.1-36,17,844
CP048230.1-37,35,407
CP048230.1-38,21,726
CP048230.1-39,13,956
CP048230.1-40,19,784
CP048230.1-41,33,447
CP048230.1-42,14,930
CP048230.1-43,37,385
CP048230.1-44,63,144
CP048230.1-45,22,689
CP048230.1-46,24,634
CP048230.1-47,30,499
CP048230.1-48,34,424
CP048230.1-49,5,1156
CP048230.1-50,3,1198
CP048231.1-0,0,1241
CP048231.1-1,21,727
CP048231.1-2,23,657
CP048231.1-3,47,261
CP048231.1-4,41,333
CP048231.1-5,41,334
CP048231.1-6,28,533
CP048231.1-7,51,219
CP048231.1-8,34,425
CP048231.1-9,74,108
CP048231.1-10,23,658
CP048231.1-11,23,659
CP048231.1-12,5,1157
CP048231.1-13,20,759
CP048231.1-14,23,660
CP048231.1-15,17,845
CP048231.1-16,13,957
CP048231.1-17,18,810
CP048231.1-18,17,846
CP048231.1-19,18,811
CP048231.1-20,18,812
CP048231.1-21,10,1042
CP048231.1-22,28,534
CP048231.1-23,68,126
CP048231.1-24,29,511
CP048231.1-25,40,343
CP048231.1-26,39,360
CP048231.1-27,66,132
CP048231.1-28,95,52
CP048231.1-29,118,35
CP048231.1-30,76,102
CP048231.1-31,20,760
CP048231.1-32,15,906
CP048231.1-33,12,989
CP048231.1-34,47,262
CP048231.1-35,152,14
CP048231.1-36,21,728
CP048231.1-37,108,42
CP048231.1-38,160,9
CP048231.1-39,34,426
CP048231.1-40,45,286
CP048231.1-41,90,58
CP048231.1-42,76,103
CP048231.1-43,58,181
CP048231.1-44,157,11
CP048231.1-45,121,33
CP048231.1-46,71,113
CP048231.1-47,167,8
CP048231.1-48,127,27
CP048231.1-49,12,990
CP048231.1-50,0,1242
CP048231.1-51,3,1199
CP048232.1-0,0,1243
CP048232.1-1,9,1063
CP048232.1-2,22,690
CP048232.1-3,31,486
CP048232.1-4,29,512
CP048232.1-5,37,386
CP048232.1-6,24,635
CP048232.1-7,31,487
CP048232.1-8,22,691
CP048232.1-9,8,1088
CP048232.1-10,32,467
CP048232.1-11,19,785
CP048232.1-12,9,1064
CP048232.1-13,16,873
CP048232.1-14,22,692
CP048232.1-15,23,661
CP048232.1-16,54,199
CP048232.1-17,12,991
CP048232.1-18,48,251
CP048232.1-19,40,344
CP048232.1-20,15,907
CP048232.1-21,23,662
CP048232.1-22,22,693
CP048232.1-23,58,182
CP048232.1-24,77,98
CP048232.1-25,12,992
CP048232.1-26,28,535
CP048232.1-27,43,306
CP048232.1-28,62,154
CP048232.1-29,28,536
CP048232.1-30,27,560
CP048232.1-31,69,122
CP048232.1-32,46,275
CP048232.1-33,27,561
CP048232.1-34,51,220
CP048232.1-35,52,207
CP048232.1-36,78,95
CP048232.1-37,91,54
CP048232.1-38,83,73
CP048232.1-39,98,49
CP048232.1-40,134,23
CP048232.1-41,103,46
CP048232.1-42,118,36
CP048232.1-43,228,2
CP048232.1-44,91,55
CP048232.1-45,128,26
CP048232.1-46,56,190
CP048232.1-47,87,62
CP048232.1-48,48,252
CP048232.1-49,22,694
CP048232.1-50,49,238
CP048232.1-51,23,663
CP048232.1-52,24,636
CP048232.1-53,2,1217
CP048232.1-54,1,1227
CP048233.1-0,0,1244
CP048233.1-1,18,813
CP048233.1-2,84,71
CP048233.1-3,30,500
CP048233.1-4,14,931
CP048233.1-5,41,335
CP048233.1-6,32,468
CP048233.1-7,29,513
CP048233.1-8,42,318
CP048233.1-9,71,114
CP048233.1-10,52,208
CP048233.1-11,5,1158
CP048233.1-12,39,361
CP048233.1-13,28,537
CP048233.1-14,17,847
CP048233.1-15,7,1113
CP048233.1-16,34,427
CP048233.1-17,8,1089
CP048233.1-18,54,200
CP048233.1-19,11,1019
CP048233.1-20,13,958
CP048233.1-21,16,874
CP048233.1-22,11,1020
CP048233.1-23,7,1114
CP048233.1-24,46,276
CP048233.1-25,14,932
CP048233.1-26,14,933
CP048233.1-27,11,1021
CP048233.1-28,5,1159
CP048233.1-29,13,959
CP048233.1-30,27,562
CP048233.1-31,18,814
CP048233.1-32,3,1200
CP048233.1-33,15,908
CP048233.1-34,14,934
CP048233.1-35,9,1065
CP048233.1-36,10,1043
CP048233.1-37,12,993
CP048233.1-38,24,637
CP048233.1-39,21,729
CP048233.1-40,29,514
CP048233.1-41,14,935
CP048233.1-42,33,448
CP048233.1-43,16,875
CP048233.1-44,28,538
CP048233.1-45,21,730
CP048233.1-46,19,786
CP048233.1-47,35,408
CP048233.1-48,14,936
CP048233.1-49,58,183
CP048233.1-50,28,539
CP048233.1-51,28,540
CP048233.1-52,13,960
CP048233.1-53,89,59
CP048233.1-54,74,109
CP048233.1-55,121,34
CP048233.1-56,50,233
CP048233.1-57,81,81
CP048233.1-58,77,99
CP048233.1-59,78,96
CP048233.1-60,113,37
CP048233.1-61,63,145
CP048233.1-62,63,146
CP048233.1-63,42,319
CP048233.1-64,159,10
CP048233.1-65,35,409
CP048233.1-66,96,50
CP048233.1-67,30,501
CP048233.1-68,80,86
CP048233.1-69,4,1172
CP048233.1-70,2,1218
CP048234.1-0,0,1245
CP048234.1-1,7,1115
CP048234.1-2,1,1228
CP048234.1-3,1,1229
CP048234.1-4,6,1135
CP048234.1-5,14,937
CP048234.1-6,19,787
CP048234.1-7,19,788
CP048234.1-8,17,848
CP048234.1-9,23,664
CP048234.1-10,16,876
CP048234.1-11,18,815
CP048234.1-12,61,157
CP048234.1-13,53,204
CP048234.1-14,48,253
CP048234.1-15,31,488
CP048234.1-16,20,761
CP048234.1-17,15,909
CP048234.1-18,18,816
CP048234.1-19,63,147
CP048234.1-20,78,97
CP048234.1-21,49,239
CP048234.1-22,70,117
CP048234.1-23,156,12
CP048234.1-24,52,209
CP048234.1-25,79,91
CP048234.1-26,104,45
CP048234.1-27,52,210
CP048234.1-28,56,191
CP048234.1-29,47,263
CP048234.1-30,65,137
CP048234.1-31,109,41
CP048234.1-32,58,184
CP048234.1-33,50,234
CP048234.1-34,14,938
CP048234.1-35,18,817
CP048234.1-36,60,166
CP048234.1-37,40,345
CP048234.1-38,28,541
CP048234.1-39,64,141
CP048234.1-40,21,731
CP048234.1-41,25,606
CP048234.1-42,21,732
CP048234.1-43,67,131
CP048234.1-44,83,74
CP048234.1-45,24,638
CP048234.1-46,54,201
CP048234.1-47,28,542
CP048234.1-48,26,581
CP048234.1-49,61,158
CP048234.1-50,46,277
CP048234.1-51,13,961
CP048234.1-52,42,320
CP048234.1-53,24,639
CP048234.1-54,7,1116
CP048234.1-55,13,962
CP048234.1-56,34,428
CP048234.1-57,52,211
CP048234.1-58,37,387
CP048234.1-59,21,733
CP048234.1-60,10,1044
CP048234.1-61,39,362
CP048234.1-62,68,127
CP048234.1-63,22,695
CP048234.1-64,34,429
CP048234.1-65,23,665
CP048234.1-66,40,346
CP048234.1-67,21,734
CP048234.1-68,3,1201
CP048235.1-0,2,1219
CP048235.1-1,1,1230
CP048235.1-2,3,1202
CP048235.1-3,39,363
CP048235.1-4,59,173
CP048235.1-5,69,123
CP048235.1-6,10,1045
CP048235.1-7,41,336
CP048235.1-8,88,61
CP048235.1-9,32,469
CP048235.1-10,33,449
CP048235.1-11,17,849
CP048235.1-12,35,410
CP048235.1-13,22,696
CP048235.1-14,81,82
CP048235.1-15,43,307
CP048235.1-16,144,20
CP048235.1-17,16,877
CP048235.1-18,71,115
CP048235.1-19,70,118
CP048235.1-20,86,64
CP048235.1-21,21,735
CP048235.1-22,32,470
CP048235.1-23,85,67
CP048235.1-24,183,6
CP048235.1-25,80,87
CP048235.1-26,33,450
CP048235.1-27,83,75
CP048235.1-28,22,697
CP048235.1-29,40,347
CP048235.1-30,76,104
CP048235.1-31,33,451
CP048235.1-32,14,939
CP048235.1-33,25,607
CP048235.1-34,47,264
CP048235.1-35,41,337
CP048235.1-36,18,818
CP048235.1-37,52,212
CP048235.1-38,7,1117
CP048235.1-39,16,878
CP048235.1-40,18,819
CP048235.1-41,14,940
CP048235.1-42,49,240
CP048235.1-43,91,56
CP048235.1-44,4,1173
CP048235.1-45,17,850
CP048235.1-46,39,364
CP048235.1-47,57,189
CP048235.1-48,42,321
CP048235.1-49,21,736
CP048235.1-50,51,221
CP048235.1-51,23,666
CP048235.1-52,6,1136
CP048235.1-53,40,348
CP048235.1-54,14,941
CP048235.1-55,42,322
CP048235.1-56,15,910
CP048235.1-57,12,994
CP048235.1-58,12,995
CP048235.1-59,12,996
CP048235.1-60,27,563
CP048235.1-61,33,452
CP048235.1-62,44,297
CP048235.1-63,28,543
CP048235.1-64,25,608
CP048235.1-65,4,1174
CP048235.1-66,16,879
CP048235.1-67,10,1046
CP048235.1-68,17,851
CP048235.1-69,34,430
CP048235.1-70,52,213
CP048235.1-71,14,942
CP048235.1-72,7,1118
CP048235.1-73,18,820
CP048235.1-74,33,453
CP048235.1-75,66,133
CP048235.1-76,16,880
CP048235.1-77,13,963
CP048235.1-78,9,1066
CP048235.1-79,19,789
CP048235.1-80,27,564
CP048235.1-81,24,640
CP048235.1-82,17,852
CP048235.1-83,25,609
CP048235.1-84,16,881
CP048235.1-85,16,882
CP048235.1-86,25,610
CP048235.1-87,7,1119
CP048235.1-88,59,174
CP048235.1-89,19,790
CP048235.1-90,45,287
CP048235.1-91,32,471
CP048235.1-92,29,515
CP048235.1-93,1,1231
CP048236.1-0,3,1203
CP048236.1-1,0,1246
CP048236.1-2,4,1175
CP048236.1-3,80,88
CP048236.1-4,80,89
CP048236.1-5,139,22
CP048236.1-6,29,516
CP048236.1-7,50,235
CP048236.1-8,111,39
CP048236.1-9,86,65
CP048236.1-10,26,582
CP048236.1-11,96,51
CP048236.1-12,82,80
CP048236.1-13,71,116
CP048236.1-14,39,365
CP048236.1-15,38,375
CP048236.1-16,43,308
CP048236.1-17,30,502
CP048236.1-18,8,1090
CP048236.1-19,51,222
CP048236.1-20,56,192
CP048236.1-21,11,1022
CP048236.1-22,16,883
CP048236.1-23,46,278
CP048236.1-24,10,1047
CP048236.1-25,19,791
CP048236.1-26,41,338
CP048236.1-27,46,279
CP048236.1-28,60,167
CP048236.1-29,37,388
CP048236.1-30,9,1067
CP048236.1-31,34,431
CP048236.1-32,13,964
CP048236.1-33,26,583
CP048236.1-34,2,1220
CP048236.1-35,11,1023
CP048236.1-36,34,432
CP048236.1-37,18,821
CP048236.1-38,24,641
CP048236.1-39,61,159
CP048236.1-40,9,1068
CP048236.1-41,18,822
CP048236.1-42,21,737
CP048236.1-43,19,792
CP048236.1-44,35,411
CP048236.1-45,9,1069
CP048236.1-46,15,911
CP048236.1-47,51,223
CP048236.1-48,8,1091
CP048236.1-49,14,943
CP048236.1-50,10,1048
CP048236.1-51,49,241
CP048236.1-52,21,738
CP048236.1-53,28,544
CP048236.1-54,22,698
CP048236.1-55,34,433
CP048236.1-56,24,642
CP048236.1-57,43,309
CP048236.1-58,36,398
CP048236.1-59,28,545
CP048236.1-60,31,489
CP048236.1-61,6,1137
CP048236.1-62,13,965
CP048236.1-63,35,412
CP048236.1-64,46,280
CP048236.1-65,6,1138
CP048236.1-66,25,611
CP048236.1-67,16,884
CP048236.1-68,8,1092
CP048236.1-69,9,1070
CP048236.1-70,70,119
CP048236.1-71,23,667
CP048236.1-72,15,912
CP048236.1-73,27,565
CP048236.1-74,23,668
CP048236.1-75,6,1139
CP048236.1-76,9,1071
CP048236.1-77,27,566
CP048236.1-78,11,1024
CP048236.1-79,19,793
CP048236.1-80,5,1160
CP048236.1-81,19,794
CP048236.1-82,27,567
CP048236.1-83,25,612
CP048236.1-84,40,349
CP048236.1-85,6,1140
CP048236.1-86,21,739
CP048236.1-87,49,242
CP048236.1-88,26,584
CP048236.1-89,27,568
CP048236.1-90,11,1025
CP048236.1-91,30,503
CP048236.1-92,36,399
CP048236.1-93,60,168
CP048236.1-94,18,823
CP048236.1-95,15,913
CP048236.1-96,22,699
CP048236.1-97,6,1141
CP048236.1-98,38,376
CP048236.1-99,8,1093
CP048236.1-100,4,1176
CP048237.1-0,0,1247
CP048237.1-1,0,1248
CP048237.1-2,22,700
CP048237.1-3,35,413
CP048237.1-4,34,434
CP048237.1-5,16,885
CP048237.1-6,5,1161
CP048237.1-7,61,160
CP048237.1-8,23,669
CP048237.1-9,12,997
CP048237.1-10,16,886
CP048237.1-11,18,824
CP048237.1-12,7,1120
CP048237.1-13,19,795
CP048237.1-14,27,569
CP048237.1-15,7,1121
CP048237.1-16,12,998
CP048237.1-17,21,740
CP048237.1-18,18,825
CP048237.1-19,24,643
CP048237.1-20,16,887
CP048237.1-21,20,762
CP048237.1-22,24,644
CP048237.1-23,23,670
CP048237.1-24,48,254
CP048237.1-25,28,546
CP048237.1-26,7,1122
CP048237.1-27,8,1094
CP048237.1-28,21,741
CP048237.1-29,6,1142
CP048237.1-30,8,1095
CP048237.1-31,6,1143
CP048237.1-32,24,645
CP048237.1-33,16,888
CP048237.1-34,34,435
CP048237.1-35,21,742
CP048237.1-36,21,743
CP048237.1-37,11,1026
CP048237.1-38,39,366
CP048237.1-39,51,224
CP048237.1-40,52,214
CP048237.1-41,9,1072
CP048237.1-42,20,763
CP048237.1-43,16,889
CP048237.1-44,22,701
CP048237.1-45,8,1096
CP048237.1-46,40,350
CP048237.1-47,12,999
CP048237.1-48,35,414
CP048237.1-49,29,517
CP048237.1-50,1,1232
CP048237.1-51,43,310
CP048237.1-52,11,1027
CP048237.1-53,14,944
CP048237.1-54,49,243
CP048237.1-55,26,585
CP048237.1-56,4,1177
CP048237.1-57,35,415
CP048237.1-58,13,966
CP048237.1-59,5,1162
CP048237.1-60,39,367
CP048237.1-61,51,225
CP048237.1-62,22,702
CP048237.1-63,17,853
CP048237.1-64,43,311
CP048237.1-65,29,518
CP048237.1-66,21,744
CP048237.1-67,24,646
CP048237.1-68,17,854
CP048237.1-69,22,703
CP048237.1-70,21,745
CP048237.1-71,21,746
CP048237.1-72,3,1204
CP048237.1-73,77,100
CP048237.1-74,40,351
CP048237.1-75,46,281
CP048237.1-76,21,747
CP048237.1-77,6,1144
CP048237.1-78,26,586
CP048237.1-79,26,587
CP048237.1-80,33,454
CP048237.1-81,69,124
CP048237.1-82,75,106
CP048237.1-83,48,255
CP048237.1-84,15,914
CP048237.1-85,54,202
CP048237.1-86,81,83
CP048237.1-87,66,134
CP048237.1-88,51,226
CP048237.1-89,28,547
CP048237.1-90,51,227
CP048237.1-91,103,47
CP048237.1-92,74,110
CP048237.1-93,42,323
CP048237.1-94,37,389
CP048237.1-95,134,24
CP048237.1-96,28,548
CP048237.1-97,244,1
CP048237.1-98,103,48
CP048237.1-99,208,3
CP048237.1-100,44,298
CP048237.1-101,34,436
CP048237.1-102,38,377
CP048237.1-103,35,416
CP048237.1-104,20,764
CP048237.1-105,13,967
CP048238.1-0,2,1221
CP048238.1-1,0,1249
CP048238.1-2,27,570
CP048238.1-3,15,915
CP048238.1-4,68,128
CP048238.1-5,24,647
CP048238.1-6,55,196
CP048238.1-7,39,368
CP048238.1-8,32,472
CP048238.1-9,8,1097
CP048238.1-10,28,549
CP048238.1-11,38,378
CP048238.1-12,32,473
CP048238.1-13,27,571
CP048238.1-14,22,704
CP048238.1-15,49,244
CP048238.1-16,40,352
CP048238.1-17,72,112
CP048238.1-18,52,215
CP048238.1-19,54,203
CP048238.1-20,34,437
CP048238.1-21,9,1073
CP048238.1-22,14,945
CP048238.1-23,11,1028
CP048238.1-24,13,968
CP048238.1-25,38,379
CP048238.1-26,25,613
CP048238.1-27,58,185
CP048238.1-28,31,490
CP048238.1-29,59,175
CP048238.1-30,5,1163
CP048238.1-31,59,176
CP048238.1-32,47,265
CP048238.1-33,42,324
CP048238.1-34,29,519
CP048238.1-35,86,66
CP048238.1-36,59,177
CP048238.1-37,40,353
CP048238.1-38,45,288
CP048238.1-39,152,15
CP048238.1-40,113,38
CP048238.1-41,32,474
CP048238.1-42,20,765
CP048238.1-43,48,256
CP048238.1-44,182,7
CP048238.1-45,56,193
CP048238.1-46,15,916
CP048238.1-47,39,369
CP048238.1-48,65,138
CP048238.1-49,37,390
CP048238.1-50,32,475
CP048238.1-51,44,299
CP048238.1-52,23,671
CP048238.1-53,39,370
CP048238.1-54,48,257
CP048238.1-55,60,169
CP048238.1-56,40,354
CP048238.1-57,43,312
CP048238.1-58,0,1250
CP048238.1-59,8,1098
CP048238.1-60,41,339
CP048238.1-61,0,1251
CP048238.1-62,17,855
CP048238.1-63,8,1099
CP048238.1-64,13,969
CP048238.1-65,1,1233
CP048238.1-66,18,826
CP048238.1-67,24,648
CP048238.1-68,83,76
CP048238.1-69,21,748
CP048238.1-70,76,105
CP048238.1-71,63,148
CP048238.1-72,25,614
CP048238.1-73,22,705
CP048238.1-74,0,1252
CP048238.1-75,2,1222
CP048239.1-0,3,1205
CP048239.1-1,0,1253
CP048239.1-2,13,970
CP048239.1-3,56,194
CP048239.1-4,30,504
CP048239.1-5,50,236
CP048239.1-6,60,170
CP048239.1-7,12,1000
CP048239.1-8,33,455
CP048239.1-9,7,1123
CP048239.1-10,51,228
CP048239.1-11,15,917
CP048239.1-12,16,890
CP048239.1-13,15,918
CP048239.1-14,26,588
CP048239.1-15,51,229
CP048239.1-16,25,615
CP048239.1-17,122,31
CP048239.1-18,79,92
CP048239.1-19,25,616
CP048239.1-20,51,230
CP048239.1-21,31,491
CP048239.1-22,81,84
CP048239.1-23,188,5
CP048239.1-24,125,30
CP048239.1-25,49,245
CP048239.1-26,30,505
CP048239.1-27,95,53
CP048239.1-28,65,139
CP048239.1-29,53,205
CP048239.1-30,70,120
CP048239.1-31,62,155
CP048239.1-32,22,706
CP048239.1-33,40,355
CP048239.1-34,22,707
CP048239.1-35,31,492
CP048239.1-36,25,617
CP048239.1-37,5,1164
CP048239.1-38,26,589
CP048239.1-39,29,520
CP048239.1-40,42,325
CP048239.1-41,52,216
CP048239.1-42,42,326
CP048239.1-43,18,827
CP048239.1-44,37,391
CP048239.1-45,8,1100
CP048239.1-46,11,1029
CP048239.1-47,8,1101
CP048239.1-48,28,550
CP048239.1-49,15,919
CP048239.1-50,11,1030
CP048239.1-51,13,971
CP048239.1-52,0,1254
CP048239.1-53,5,1165
CP048239.1-54,8,1102
CP048239.1-55,17,856
CP048239.1-56,7,1124
CP048239.1-57,4,1178
CP048239.1-58,1,1234
CP048239.1-59,28,551
CP048239.1-60,38,380
CP048239.1-61,37,392
CP048239.1-62,23,672
CP048239.1-63,7,1125
CP048239.1-64,22,708
CP048239.1-65,47,266
CP048239.1-66,16,891
CP048239.1-67,22,709
CP048239.1-68,21,749
CP048239.1-69,11,1031
CP048239.1-70,14,946
CP048239.1-71,30,506
CP048239.1-72,53,206
CP048239.1-73,34,438
CP048239.1-74,15,920
CP048239.1-75,16,892
CP048239.1-76,25,618
CP048239.1-77,17,857
CP048239.1-78,9,1074
CP048239.1-79,14,947
CP048239.1-80,9,1075
CP048239.1-81,10,1049
CP048239.1-82,6,1145
CP048239.1-83,12,1001
CP048239.1-84,22,710
CP048239.1-85,3,1206
CP048239.1-86,44,300
CP048239.1-87,34,439
CP048239.1-88,32,476
CP048239.1-89,11,1032
CP048239.1-90,15,921
CP048239.1-91,13,972
CP048239.1-92,9,1076
CP048239.1-93,10,1050
CP048239.1-94,22,711
CP048239.1-95,39,371
CP048239.1-96,20,766
CP048239.1-97,4,1179
CP048239.1-98,8,1103
CP048239.1-99,26,590
CP048239.1-100,22,712
CP048239.1-101,22,713
CP048239.1-102,22,714
CP048239.1-103,18,828
CP048239.1-104,17,858
CP048239.1-105,14,948
CP048239.1-106,25,619
CP048239.1-107,4,1180
CP048239.1-108,12,1002
CP048239.1-109,7,1126
CP048239.1-110,9,1077
CP048239.1-111,14,949
CP048239.1-112,27,572
CP048239.1-113,20,767
CP048239.1-114,17,859
CP048239.1-115,15,922
CP048239.1-116,23,673
CP048239.1-117,35,417
CP048239.1-118,28,552
CP048239.1-119,37,393
CP048239.1-120,11,1033
CP048239.1-121,10,1051
CP048239.1-122,0,1255
CP048239.1-123,0,1256
CP048239.1-124,2,1223
CP048240.1-0,3,1207
CP048240.1-1,0,1257
CP048240.1-2,36,400
CP048240.1-3,66,135
CP048240.1-4,32,477
CP048240.1-5,6,1146
CP048240.1-6,33,456
CP048240.1-7,58,186
CP048240.1-8,16,893
CP048240.1-9,24,649
CP048240.1-10,10,1052
CP048240.1-11,26,591
CP048240.1-12,16,894
CP048240.1-13,13,973
CP048240.1-14,63,149
CP048240.1-15,26,592
CP048240.1-16,34,440
CP048240.1-17,38,381
CP048240.1-18,63,150
CP048240.1-19,61,161
CP048240.1-20,29,521
CP048240.1-21,33,457
CP048240.1-22,40,356
CP048240.1-23,38,382
CP048240.1-24,89,60
CP048240.1-25,151,16
CP048240.1-26,144,21
CP048240.1-27,145,19
CP048240.1-28,105,44
CP048240.1-29,133,25
CP048240.1-30,45,289
CP048240.1-31,49,246
CP048240.1-32,47,267
CP048240.1-33,31,493
CP048240.1-34,69,125
CP048240.1-35,11,1034
CP048240.1-36,21,750
CP048240.1-37,45,290
CP048240.1-38,41,340
CP048240.1-39,51,231
CP048240.1-40,85,68
CP048240.1-41,48,258
CP048240.1-42,29,522
CP048240.1-43,31,494
CP048240.1-44,15,923
CP048240.1-45,46,282
CP048240.1-46,25,620
CP048240.1-47,22,715
CP048240.1-48,25,621
CP048240.1-49,12,1003
CP048240.1-50,33,458
CP048240.1-51,23,674
CP048240.1-52,16,895
CP048240.1-53,20,768
CP048240.1-54,8,1104
CP048240.1-55,10,1053
CP048240.1-56,49,247
CP048240.1-57,47,268
CP048240.1-58,29,523
CP048240.1-59,20,769
CP048240.1-60,27,573
CP048240.1-61,47,269
CP048240.1-62,12,1004
CP048240.1-63,16,896
CP048240.1-64,2,1224
CP048240.1-65,28,553
CP048240.1-66,7,1127
CP048240.1-67,20,770
CP048240.1-68,19,796
CP048240.1-69,16,897
CP048240.1-70,5,1166
CP048240.1-71,31,495
CP048240.1-72,63,151
CP048240.1-73,43,313
CP048240.1-74,44,301
CP048240.1-75,12,1005
CP048240.1-76,32,478
CP048240.1-77,45,291
CP048240.1-78,15,924
CP048240.1-79,4,1181
CP048240.1-80,12,1006
CP048240.1-81,25,622
CP048240.1-82,21,751
CP048240.1-83,4,1182
CP048240.1-84,24,650
CP048240.1-85,20,771
CP048240.1-86,17,860
CP048240.1-87,32,479
CP048240.1-88,64,142
CP048240.1-89,23,675
CP048240.1-90,12,1007
CP048240.1-91,26,593
CP048240.1-92,4,1183
CP048240.1-93,24,651
CP048240.1-94,3,1208
CP048240.1-95,19,797
CP048240.1-96,1,1235
CP048240.1-97,18,829
CP048240.1-98,20,772
CP048240.1-99,29,524
CP048240.1-100,18,830
CP048240.1-101,2,1225
CP048240.1-102,8,1105
CP048240.1-103,20,773
CP048240.1-104,28,554
CP048240.1-105,12,1008
CP048240.1-106,59,178
CP048240.1-107,39,372
CP048240.1-108,4,1184
CP048240.1-109,9,1078
CP048240.1-110,15,925
CP048240.1-111,26,594
CP048240.1-112,27,574
CP048240.1-113,19,798
CP048240.1-114,3,1209
CP048240.1-115,45,292
CP048240.1-116,11,1035
CP048240.1-117,26,595
CP048240.1-118,35,418
CP048240.1-119,20,774
CP048240.1-120,27,575
CP048240.1-121,8,1106
CP048240.1-122,17,861
CP048240.1-123,18,831
CP048240.1-124,18,832
CP048240.1-125,13,974
CP048240.1-126,42,327
CP048240.1-127,42,328
CP048240.1-128,23,676
CP048240.1-129,37,394
CP048240.1-130,9,1079
CP048241.1-0,4,1185
CP048241.1-1,4,1186
CP048241.1-2,23,677
CP048241.1-3,25,623
CP048241.1-4,33,459
CP048241.1-5,22,716
CP048241.1-6,24,652
CP048241.1-7,46,283
CP048241.1-8,2,1226
CP048241.1-9,47,270
CP048241.1-10,16,898
CP048241.1-11,61,162
CP048241.1-12,10,1054
CP048241.1-13,7,1128
CP048241.1-14,20,775
CP048241.1-15,23,678
CP048241.1-16,13,975
CP048241.1-17,13,976
CP048241.1-18,49,248
CP048241.1-19,4,1187
CP048241.1-20,4,1188
CP048241.1-21,11,1036
CP048241.1-22,58,187
CP048241.1-23,12,1009
CP048241.1-24,6,1147
CP048241.1-25,7,1129
CP048241.1-26,6,1148
CP048241.1-27,21,752
CP048241.1-28,12,1010
CP048241.1-29,26,596
CP048241.1-30,6,1149
CP048241.1-31,3,1210
CP048241.1-32,5,1167
CP048241.1-33,26,597
CP048241.1-34,12,1011
CP048241.1-35,59,179
CP048241.1-36,25,624
CP048241.1-37,29,525
CP048241.1-38,38,383
CP048241.1-39,20,776
CP048241.1-40,35,419
CP048241.1-41,4,1189
CP048241.1-42,18,833
CP048241.1-43,12,1012
CP048241.1-44,27,576
CP048241.1-45,32,480
CP048241.1-46,30,507
CP048241.1-47,35,420
CP048241.1-48,44,302
CP048241.1-49,36,401
CP048241.1-50,43,314
CP048241.1-51,16,899
CP048241.1-52,10,1055
CP048241.1-53,4,1190
CP048241.1-54,42,329
CP048241.1-55,16,900
CP048241.1-56,20,777
CP048241.1-57,25,625
CP048241.1-58,23,679
CP048241.1-59,13,977
CP048241.1-60,13,978
CP048241.1-61,39,373
CP048241.1-62,19,799
CP048241.1-63,16,901
CP048241.1-64,23,680
CP048241.1-65,24,653
CP048241.1-66,40,357
CP048241.1-67,29,526
CP048241.1-68,41,341
CP048241.1-69,48,259
CP048241.1-70,10,1056
CP048241.1-71,9,1080
CP048241.1-72,17,862
CP048241.1-73,9,1081
CP048241.1-74,25,626
CP048241.1-75,22,717
CP048241.1-76,32,481
CP048241.1-77,12,1013
CP048241.1-78,49,249
CP048241.1-79,52,217
CP048241.1-80,4,1191
CP048241.1-81,20,778
CP048241.1-82,12,1014
CP048241.1-83,32,482
CP048241.1-84,26,598
CP048241.1-85,37,395
CP048241.1-86,33,460
CP048241.1-87,14,950
CP048241.1-88,25,627
CP048241.1-89,43,315
CP048241.1-90,27,577
CP048241.1-91,61,163
CP048241.1-92,68,129
CP048241.1-93,35,421
CP048241.1-94,42,330
CP048241.1-95,22,718
CP048241.1-96,5,1168
CP048241.1-97,19,800
CP048241.1-98,70,121
CP048241.1-99,18,834
CP048241.1-100,30,508
CP048241.1-101,18,835
CP048241.1-102,36,402
CP048241.1-103,49,250
CP048241.1-104,10,1057
CP048241.1-105,19,801
CP048241.1-106,24,654
CP048241.1-107,20,779
CP048241.1-108,26,599
CP048241.1-109,12,1015
CP048241.1-110,33,461
CP048241.1-111,15,926
CP048241.1-112,17,863
CP048241.1-113,11,1037
CP048241.1-114,13,979
CP048241.1-115,47,271
CP048241.1-116,26,600
CP048241.1-117,64,143
CP048241.1-118,22,719
CP048241.1-119,40,358
CP048241.1-120,23,681
CP048241.1-121,8,1107
CP048241.1-122,5,1169
CP048241.1-123,46,284
CP048241.1-124,87,63
CP048241.1-125,55,197
CP048241.1-126,42,331
CP048241.1-127,34,441
CP048241.1-128,44,303
CP048241.1-129,13,980
CP048241.1-130,22,720
CP048241.1-131,24,655
CP048241.1-132,83,77
CP048241.1-133,28,555
CP048241.1-134,81,85
CP048241.1-135,153,13
CP048241.1-136,83,78
CP048241.1-137,84,72
CP048241.1-138,127,28
CP048241.1-139,79,93
CP048241.1-140,17,864
CP048241.1-141,31,496
CP048241.1-142,12,1016
CP048241.1-143,62,156
CP048241.1-144,8,1108
CP048241.1-145,65,140
CP048241.1-146,47,272
CP048241.1-147,85,69
CP048241.1-148,58,188
CP048241.1-149,91,57
CP048241.1-150,19,802
CP048241.1-151,30,509
CP048241.1-152,25,628
CP048241.1-153,28,556
CP048241.1-154,50,237
CP048241.1-155,19,803
CP048241.1-156,33,462
CP048241.1-157,27,578
CP048241.1-158,4,1192
CP048241.1-159,17,865
CP048241.1-160,28,557
CP048241.1-161,18,836
CP048241.1-162,26,601
CP048241.1-163,9,1082
CP048241.1-164,6,1150
CP048241.1-165,7,1130
CP048241.1-166,6,1151
CP048241.1-167,25,629
CP048241.1-168,21,753
CP048241.1-169,6,1152
CP048241.1-170,1,1236
CP048241.1-171,22,721
CP048241.1-172,29,527
CP048241.1-173,20,780
CP048241.1-174,14,951
CP048241.1-175,14,952
CP048241.1-176,25,630
CP048241.1-177,8,1109
CP048241.1-178,17,866
CP048241.1-179,18,837
CP048241.1-180,4,1193
CP048241.1-181,0,1258
CP048241.1-182,1,1237
CP048241.1-183,3,1211
CP048241.1-184,1,1238
CP048242.1-0,3,1212
CP048242.1-1,0,1259
CP048242.1-2,13,981
CP048242.1-3,33,463
CP048242.1-4,27,579
CP048242.1-5,31,497
CP048242.1-6,34,442
CP048242.1-7,33,464
CP048242.1-8,8,1110
CP048242.1-9,32,483
CP048242.1-10,18,838
CP048242.1-11,10,1058
CP048242.1-12,10,1059
CP048242.1-13,20,781
CP048242.1-14,10,1060
CP048242.1-15,15,927
CP048242.1-16,26,602
CP048242.1-17,15,928
CP048242.1-18,19,804
CP048242.1-19,18,839
CP048242.1-20,20,782
CP048242.1-21,23,682
CP048242.1-22,16,902
CP048242.1-23,38,384
CP048242.1-24,9,1083
CP048242.1-25,9,1084
CP048242.1-26,29,528
CP048242.1-27,26,603
CP048242.1-28,13,982
CP048242.1-29,27,580
CP048242.1-30,13,983
CP048242.1-31,37,396
CP048242.1-32,14,953
CP048242.1-33,41,342
CP048242.1-34,6,1153
CP048242.1-35,5,1170
CP048242.1-36,10,1061
CP048242.1-37,17,867
CP048242.1-38,33,465
CP048242.1-39,19,805
CP048242.1-40,17,868
CP048242.1-41,18,840
CP048242.1-42,3,1213
CP048242.1-43,4,1194
CP048242.1-44,18,841
CP048242.1-45,11,1038
CP048242.1-46,23,683
CP048242.1-47,19,806
CP048242.1-48,8,1111
CP048242.1-49,7,1131
CP048242.1-50,13,984
CP048242.1-51,11,1039
CP048242.1-52,11,1040
CP048242.1-53,37,397
CP048242.1-54,24,656
CP048242.1-55,9,1085
CP048242.1-56,13,985
CP048242.1-57,8,1112
CP048242.1-58,23,684
CP048242.1-59,11,1041
CP048242.1-60,30,510
CP048242.1-61,20,783
CP048242.1-62,23,685
CP048242.1-63,36,403
CP048242.1-64,7,1132
CP048242.1-65,23,686
CP048242.1-66,47,273
CP048242.1-67,16,903
CP048242.1-68,21,754
CP048242.1-69,17,869
CP048242.1-70,22,722
CP048242.1-71,13,986
CP048242.1-72,9,1086
CP048242.1-73,18,842
CP048242.1-74,29,529
CP048242.1-75,63,152
CP048242.1-76,17,870
CP048242.1-77,34,443
CP048242.1-78,29,530
CP048242.1-79,14,954
CP048242.1-80,43,316
CP048242.1-81,15,929
CP048242.1-82,17,871
CP048242.1-83,6,1154
CP048242.1-84,19,807
CP048242.1-85,61,164
CP048242.1-86,85,70
CP048242.1-87,21,755
CP048242.1-88,60,171
CP048242.1-89,26,604
CP048242.1-90,25,631
CP048242.1-91,18,843
CP048242.1-92,1,1239
CP048242.1-93,23,687
CP048242.1-94,21,756
CP048242.1-95,35,422
CP048242.1-96,19,808
CP048242.1-97,34,444
CP048242.1-98,33,466
CP048242.1-99,56,195
CP048242.1-100,68,130
CP048242.1-101,63,153
CP048242.1-102,29,531
CP048242.1-103,77,101
CP048242.1-104,46,285
CP048242.1-105,195,4
CP048242.1-106,34,445
CP048242.1-107,39,374
CP048242.1-108,66,136
CP048242.1-109,79,94
CP048242.1-110,47,274
CP048242.1-111,32,484
CP048242.1-112,25,632
CP048242.1-113,36,404
CP048242.1-114,7,1133
CP048242.1-115,5,1171
CP048242.1-116,9,1087
CP048242.1-117,126,29
CP048242.1-118,22,723
CP048242.1-119,16,904
CP048242.1-120,83,79
CP048242.1-121,31,498
CP048242.1-122,35,423
CP048242.1-123,6,1155
CP048242.1-124,60,172
CP048242.1-125,28,558
CP048242.1-126,25,633
CP048242.1-127,26,605
CP048242.1-128,19,809
CP048242.1-129,10,1062
CP048242.1-130,80,90
CP048242.1-131,55,198
CP048242.1-132,21,757
CP048242.1-133,4,1195
CP048242.1-134,28,559
CP048242.1-135,22,724
CP048242.1-136,21,758
CP048242.1-137,13,987
CP048242.1-138,12,1017
CP048242.1-139,34,446
CP048242.1-140,23,688
CP048242.1-141,7,1134
CP048242.1-142,4,1196
