Bin index,yH298-parent-pool2_normalized,yH298-parent-pool2_normalized rank
CP048230.1-0,3,1219
CP048230.1-1,0,1251
CP048230.1-2,3,1220
CP048230.1-3,57,529
CP048230.1-4,57,530
CP048230.1-5,126,127
CP048230.1-6,165,62
CP048230.1-7,249,18
CP048230.1-8,118,151
CP048230.1-9,245,20
CP048230.1-10,92,258
CP048230.1-11,34,851
CP048230.1-12,227,29
CP048230.1-13,92,259
CP048230.1-14,213,34
CP048230.1-15,96,239
CP048230.1-16,58,520
CP048230.1-17,79,338
CP048230.1-18,190,43
CP048230.1-19,102,205
CP048230.1-20,99,217
CP048230.1-21,19,1076
CP048230.1-22,9,1180
CP048230.1-23,84,311
CP048230.1-24,22,1029
CP048230.1-25,99,218
CP048230.1-26,109,180
CP048230.1-27,75,372
CP048230.1-28,47,664
CP048230.1-29,23,1016
CP048230.1-30,3,1221
CP048230.1-31,21,1043
CP048230.1-32,63,470
CP048230.1-33,73,391
CP048230.1-34,84,312
CP048230.1-35,81,327
CP048230.1-36,28,937
CP048230.1-37,90,273
CP048230.1-38,45,691
CP048230.1-39,37,807
CP048230.1-40,40,760
CP048230.1-41,69,421
CP048230.1-42,48,646
CP048230.1-43,75,373
CP048230.1-44,105,194
CP048230.1-45,46,678
CP048230.1-46,61,492
CP048230.1-47,72,405
CP048230.1-48,72,406
CP048230.1-49,2,1227
CP048230.1-50,1,1237
CP048231.1-0,0,1252
CP048231.1-1,50,624
CP048231.1-2,46,679
CP048231.1-3,67,438
CP048231.1-4,78,349
CP048231.1-5,86,290
CP048231.1-6,66,444
CP048231.1-7,92,260
CP048231.1-8,44,704
CP048231.1-9,160,66
CP048231.1-10,49,637
CP048231.1-11,44,705
CP048231.1-12,21,1044
CP048231.1-13,21,1045
CP048231.1-14,39,783
CP048231.1-15,36,821
CP048231.1-16,24,1002
CP048231.1-17,34,852
CP048231.1-18,41,747
CP048231.1-19,43,719
CP048231.1-20,36,822
CP048231.1-21,11,1165
CP048231.1-22,63,471
CP048231.1-23,154,75
CP048231.1-24,58,521
CP048231.1-25,92,261
CP048231.1-26,78,350
CP048231.1-27,118,152
CP048231.1-28,140,102
CP048231.1-29,206,37
CP048231.1-30,152,77
CP048231.1-31,59,510
CP048231.1-32,46,680
CP048231.1-33,43,720
CP048231.1-34,82,324
CP048231.1-35,220,31
CP048231.1-36,56,541
CP048231.1-37,158,71
CP048231.1-38,286,12
CP048231.1-39,101,207
CP048231.1-40,74,381
CP048231.1-41,138,106
CP048231.1-42,159,69
CP048231.1-43,135,110
CP048231.1-44,292,10
CP048231.1-45,245,21
CP048231.1-46,192,42
CP048231.1-47,255,16
CP048231.1-48,239,26
CP048231.1-49,20,1060
CP048231.1-50,0,1253
CP048231.1-51,8,1187
CP048232.1-0,2,1228
CP048232.1-1,22,1030
CP048232.1-2,40,761
CP048232.1-3,62,483
CP048232.1-4,46,681
CP048232.1-5,69,422
CP048232.1-6,57,531
CP048232.1-7,53,587
CP048232.1-8,56,542
CP048232.1-9,19,1077
CP048232.1-10,56,543
CP048232.1-11,44,706
CP048232.1-12,26,968
CP048232.1-13,33,860
CP048232.1-14,42,733
CP048232.1-15,41,748
CP048232.1-16,120,147
CP048232.1-17,26,969
CP048232.1-18,99,219
CP048232.1-19,61,493
CP048232.1-20,20,1061
CP048232.1-21,51,610
CP048232.1-22,36,823
CP048232.1-23,102,206
CP048232.1-24,156,72
CP048232.1-25,30,908
CP048232.1-26,40,762
CP048232.1-27,77,359
CP048232.1-28,80,334
CP048232.1-29,52,602
CP048232.1-30,47,665
CP048232.1-31,131,118
CP048232.1-32,90,274
CP048232.1-33,57,532
CP048232.1-34,113,162
CP048232.1-35,65,452
CP048232.1-36,151,78
CP048232.1-37,174,53
CP048232.1-38,143,94
CP048232.1-39,187,47
CP048232.1-40,241,23
CP048232.1-41,253,17
CP048232.1-42,224,30
CP048232.1-43,359,2
CP048232.1-44,208,36
CP048232.1-45,205,38
CP048232.1-46,90,275
CP048232.1-47,189,44
CP048232.1-48,83,320
CP048232.1-49,63,472
CP048232.1-50,86,291
CP048232.1-51,39,784
CP048232.1-52,44,707
CP048232.1-53,23,1017
CP048232.1-54,0,1254
CP048232.1-55,1,1238
CP048233.1-0,1,1239
CP048233.1-1,26,970
CP048233.1-2,104,199
CP048233.1-3,48,647
CP048233.1-4,16,1116
CP048233.1-5,87,287
CP048233.1-6,52,603
CP048233.1-7,67,439
CP048233.1-8,87,288
CP048233.1-9,156,73
CP048233.1-10,127,125
CP048233.1-11,9,1181
CP048233.1-12,73,392
CP048233.1-13,56,544
CP048233.1-14,49,638
CP048233.1-15,18,1089
CP048233.1-16,53,588
CP048233.1-17,10,1172
CP048233.1-18,109,181
CP048233.1-19,40,763
CP048233.1-20,19,1078
CP048233.1-21,36,824
CP048233.1-22,18,1090
CP048233.1-23,16,1117
CP048233.1-24,79,339
CP048233.1-25,24,1003
CP048233.1-26,25,990
CP048233.1-27,20,1062
CP048233.1-28,2,1229
CP048233.1-29,18,1091
CP048233.1-30,42,734
CP048233.1-31,24,1004
CP048233.1-32,7,1195
CP048233.1-33,35,839
CP048233.1-34,19,1079
CP048233.1-35,35,840
CP048233.1-36,21,1046
CP048233.1-37,22,1031
CP048233.1-38,56,545
CP048233.1-39,55,559
CP048233.1-40,43,721
CP048233.1-41,21,1047
CP048233.1-42,58,522
CP048233.1-43,51,611
CP048233.1-44,62,484
CP048233.1-45,47,666
CP048233.1-46,39,785
CP048233.1-47,79,340
CP048233.1-48,36,825
CP048233.1-49,106,191
CP048233.1-50,73,393
CP048233.1-51,52,604
CP048233.1-52,33,861
CP048233.1-53,133,114
CP048233.1-54,112,167
CP048233.1-55,170,56
CP048233.1-56,92,262
CP048233.1-57,150,81
CP048233.1-58,126,128
CP048233.1-59,151,79
CP048233.1-60,217,32
CP048233.1-61,110,176
CP048233.1-62,121,143
CP048233.1-63,99,220
CP048233.1-64,240,25
CP048233.1-65,59,511
CP048233.1-66,165,63
CP048233.1-67,73,394
CP048233.1-68,137,108
CP048233.1-69,6,1207
CP048233.1-70,3,1222
CP048234.1-0,1,1240
CP048234.1-1,12,1156
CP048234.1-2,0,1255
CP048234.1-3,1,1241
CP048234.1-4,30,909
CP048234.1-5,33,862
CP048234.1-6,29,920
CP048234.1-7,29,921
CP048234.1-8,44,708
CP048234.1-9,41,749
CP048234.1-10,28,938
CP048234.1-11,35,841
CP048234.1-12,103,203
CP048234.1-13,88,284
CP048234.1-14,91,267
CP048234.1-15,51,612
CP048234.1-16,37,808
CP048234.1-17,50,625
CP048234.1-18,38,800
CP048234.1-19,105,195
CP048234.1-20,129,122
CP048234.1-21,98,224
CP048234.1-22,140,103
CP048234.1-23,335,5
CP048234.1-24,143,95
CP048234.1-25,166,61
CP048234.1-26,203,39
CP048234.1-27,121,144
CP048234.1-28,111,171
CP048234.1-29,115,159
CP048234.1-30,141,97
CP048234.1-31,169,57
CP048234.1-32,108,184
CP048234.1-33,95,246
CP048234.1-34,23,1018
CP048234.1-35,33,863
CP048234.1-36,144,92
CP048234.1-37,83,321
CP048234.1-38,61,494
CP048234.1-39,127,126
CP048234.1-40,33,864
CP048234.1-41,69,423
CP048234.1-42,46,682
CP048234.1-43,109,182
CP048234.1-44,146,87
CP048234.1-45,59,512
CP048234.1-46,91,268
CP048234.1-47,78,351
CP048234.1-48,42,735
CP048234.1-49,122,140
CP048234.1-50,97,230
CP048234.1-51,15,1127
CP048234.1-52,75,374
CP048234.1-53,48,648
CP048234.1-54,13,1148
CP048234.1-55,34,853
CP048234.1-56,75,375
CP048234.1-57,113,163
CP048234.1-58,91,269
CP048234.1-59,47,667
CP048234.1-60,19,1080
CP048234.1-61,75,376
CP048234.1-62,135,111
CP048234.1-63,68,427
CP048234.1-64,76,366
CP048234.1-65,57,533
CP048234.1-66,78,352
CP048234.1-67,29,922
CP048234.1-68,7,1196
CP048234.1-69,0,1256
CP048234.1-70,2,1230
CP048235.1-0,6,1208
CP048235.1-1,0,1257
CP048235.1-2,7,1197
CP048235.1-3,79,341
CP048235.1-4,115,160
CP048235.1-5,151,80
CP048235.1-6,10,1173
CP048235.1-7,96,240
CP048235.1-8,148,83
CP048235.1-9,50,626
CP048235.1-10,68,428
CP048235.1-11,42,736
CP048235.1-12,46,683
CP048235.1-13,51,613
CP048235.1-14,180,51
CP048235.1-15,86,292
CP048235.1-16,242,22
CP048235.1-17,30,910
CP048235.1-18,108,185
CP048235.1-19,126,129
CP048235.1-20,146,88
CP048235.1-21,45,692
CP048235.1-22,68,429
CP048235.1-23,148,84
CP048235.1-24,342,4
CP048235.1-25,169,58
CP048235.1-26,84,313
CP048235.1-27,133,115
CP048235.1-28,50,627
CP048235.1-29,63,473
CP048235.1-30,147,86
CP048235.1-31,48,649
CP048235.1-32,37,809
CP048235.1-33,58,523
CP048235.1-34,92,263
CP048235.1-35,75,377
CP048235.1-36,37,810
CP048235.1-37,112,168
CP048235.1-38,17,1103
CP048235.1-39,30,911
CP048235.1-40,36,826
CP048235.1-41,54,571
CP048235.1-42,74,382
CP048235.1-43,160,67
CP048235.1-44,10,1174
CP048235.1-45,37,811
CP048235.1-46,76,367
CP048235.1-47,118,153
CP048235.1-48,85,301
CP048235.1-49,39,786
CP048235.1-50,84,314
CP048235.1-51,48,650
CP048235.1-52,15,1128
CP048235.1-53,100,215
CP048235.1-54,22,1032
CP048235.1-55,80,335
CP048235.1-56,22,1033
CP048235.1-57,28,939
CP048235.1-58,32,878
CP048235.1-59,18,1092
CP048235.1-60,62,485
CP048235.1-61,85,302
CP048235.1-62,60,502
CP048235.1-63,58,524
CP048235.1-64,40,764
CP048235.1-65,6,1209
CP048235.1-66,22,1034
CP048235.1-67,18,1093
CP048235.1-68,35,842
CP048235.1-69,77,360
CP048235.1-70,89,282
CP048235.1-71,27,955
CP048235.1-72,30,912
CP048235.1-73,45,693
CP048235.1-74,69,424
CP048235.1-75,117,154
CP048235.1-76,35,843
CP048235.1-77,32,879
CP048235.1-78,17,1104
CP048235.1-79,33,865
CP048235.1-80,60,503
CP048235.1-81,65,453
CP048235.1-82,47,668
CP048235.1-83,41,750
CP048235.1-84,28,940
CP048235.1-85,18,1094
CP048235.1-86,79,342
CP048235.1-87,27,956
CP048235.1-88,99,221
CP048235.1-89,48,651
CP048235.1-90,101,208
CP048235.1-91,57,534
CP048235.1-92,39,787
CP048235.1-93,8,1188
CP048236.1-0,6,1210
CP048236.1-1,0,1258
CP048236.1-2,10,1175
CP048236.1-3,124,132
CP048236.1-4,164,64
CP048236.1-5,284,14
CP048236.1-6,53,589
CP048236.1-7,103,204
CP048236.1-8,197,41
CP048236.1-9,184,48
CP048236.1-10,52,605
CP048236.1-11,173,54
CP048236.1-12,160,68
CP048236.1-13,124,133
CP048236.1-14,78,353
CP048236.1-15,86,293
CP048236.1-16,121,145
CP048236.1-17,54,572
CP048236.1-18,17,1105
CP048236.1-19,82,325
CP048236.1-20,116,157
CP048236.1-21,22,1035
CP048236.1-22,31,899
CP048236.1-23,77,361
CP048236.1-24,28,941
CP048236.1-25,41,751
CP048236.1-26,70,415
CP048236.1-27,86,294
CP048236.1-28,113,164
CP048236.1-29,61,495
CP048236.1-30,14,1136
CP048236.1-31,65,454
CP048236.1-32,33,866
CP048236.1-33,54,573
CP048236.1-34,9,1182
CP048236.1-35,41,752
CP048236.1-36,66,445
CP048236.1-37,36,827
CP048236.1-38,45,694
CP048236.1-39,101,209
CP048236.1-40,20,1063
CP048236.1-41,20,1064
CP048236.1-42,56,546
CP048236.1-43,31,900
CP048236.1-44,58,525
CP048236.1-45,13,1149
CP048236.1-46,30,913
CP048236.1-47,90,276
CP048236.1-48,21,1048
CP048236.1-49,26,971
CP048236.1-50,32,880
CP048236.1-51,97,231
CP048236.1-52,34,854
CP048236.1-53,54,574
CP048236.1-54,36,828
CP048236.1-55,68,430
CP048236.1-56,45,695
CP048236.1-57,92,264
CP048236.1-58,52,606
CP048236.1-59,60,504
CP048236.1-60,60,505
CP048236.1-61,8,1189
CP048236.1-62,36,829
CP048236.1-63,84,315
CP048236.1-64,88,285
CP048236.1-65,26,972
CP048236.1-66,53,590
CP048236.1-67,37,812
CP048236.1-68,20,1065
CP048236.1-69,26,973
CP048236.1-70,113,165
CP048236.1-71,38,801
CP048236.1-72,24,1005
CP048236.1-73,64,462
CP048236.1-74,45,696
CP048236.1-75,15,1129
CP048236.1-76,15,1130
CP048236.1-77,64,463
CP048236.1-78,36,830
CP048236.1-79,39,788
CP048236.1-80,7,1198
CP048236.1-81,27,957
CP048236.1-82,67,440
CP048236.1-83,45,697
CP048236.1-84,55,560
CP048236.1-85,3,1223
CP048236.1-86,54,575
CP048236.1-87,77,362
CP048236.1-88,40,765
CP048236.1-89,55,561
CP048236.1-90,27,958
CP048236.1-91,49,639
CP048236.1-92,73,395
CP048236.1-93,92,265
CP048236.1-94,39,789
CP048236.1-95,17,1106
CP048236.1-96,73,396
CP048236.1-97,8,1190
CP048236.1-98,81,328
CP048236.1-99,12,1157
CP048236.1-100,7,1199
CP048237.1-0,1,1242
CP048237.1-1,0,1259
CP048237.1-2,51,614
CP048237.1-3,57,535
CP048237.1-4,66,446
CP048237.1-5,36,831
CP048237.1-6,15,1131
CP048237.1-7,106,192
CP048237.1-8,51,615
CP048237.1-9,22,1036
CP048237.1-10,25,991
CP048237.1-11,32,881
CP048237.1-12,28,942
CP048237.1-13,40,766
CP048237.1-14,40,767
CP048237.1-15,14,1137
CP048237.1-16,19,1081
CP048237.1-17,32,882
CP048237.1-18,52,607
CP048237.1-19,64,464
CP048237.1-20,38,802
CP048237.1-21,39,790
CP048237.1-22,45,698
CP048237.1-23,39,791
CP048237.1-24,85,303
CP048237.1-25,42,737
CP048237.1-26,13,1150
CP048237.1-27,16,1118
CP048237.1-28,46,684
CP048237.1-29,21,1049
CP048237.1-30,8,1191
CP048237.1-31,18,1095
CP048237.1-32,63,474
CP048237.1-33,30,914
CP048237.1-34,64,465
CP048237.1-35,48,652
CP048237.1-36,42,738
CP048237.1-37,20,1066
CP048237.1-38,93,253
CP048237.1-39,78,354
CP048237.1-40,97,232
CP048237.1-41,16,1119
CP048237.1-42,32,883
CP048237.1-43,29,923
CP048237.1-44,48,653
CP048237.1-45,11,1166
CP048237.1-46,51,616
CP048237.1-47,35,844
CP048237.1-48,86,295
CP048237.1-49,40,768
CP048237.1-50,3,1224
CP048237.1-51,99,222
CP048237.1-52,30,915
CP048237.1-53,42,739
CP048237.1-54,98,225
CP048237.1-55,47,669
CP048237.1-56,10,1176
CP048237.1-57,73,397
CP048237.1-58,26,974
CP048237.1-59,4,1217
CP048237.1-60,71,410
CP048237.1-61,82,326
CP048237.1-62,29,924
CP048237.1-63,44,709
CP048237.1-64,86,296
CP048237.1-65,54,576
CP048237.1-66,46,685
CP048237.1-67,52,608
CP048237.1-68,48,654
CP048237.1-69,43,722
CP048237.1-70,36,832
CP048237.1-71,37,813
CP048237.1-72,18,1096
CP048237.1-73,144,93
CP048237.1-74,62,486
CP048237.1-75,74,383
CP048237.1-76,29,925
CP048237.1-77,18,1097
CP048237.1-78,53,591
CP048237.1-79,51,617
CP048237.1-80,37,814
CP048237.1-81,107,187
CP048237.1-82,133,116
CP048237.1-83,98,226
CP048237.1-84,40,769
CP048237.1-85,123,136
CP048237.1-86,148,85
CP048237.1-87,119,150
CP048237.1-88,96,241
CP048237.1-89,50,628
CP048237.1-90,109,183
CP048237.1-91,217,33
CP048237.1-92,131,119
CP048237.1-93,73,398
CP048237.1-94,64,466
CP048237.1-95,246,19
CP048237.1-96,98,227
CP048237.1-97,388,1
CP048237.1-98,183,49
CP048237.1-99,355,3
CP048237.1-100,97,233
CP048237.1-101,73,399
CP048237.1-102,74,384
CP048237.1-103,64,467
CP048237.1-104,86,297
CP048237.1-105,40,770
CP048238.1-0,10,1177
CP048238.1-1,1,1243
CP048238.1-2,58,526
CP048238.1-3,40,771
CP048238.1-4,111,172
CP048238.1-5,56,547
CP048238.1-6,123,137
CP048238.1-7,81,329
CP048238.1-8,81,330
CP048238.1-9,26,975
CP048238.1-10,50,629
CP048238.1-11,63,475
CP048238.1-12,72,407
CP048238.1-13,56,548
CP048238.1-14,40,772
CP048238.1-15,122,141
CP048238.1-16,65,455
CP048238.1-17,123,138
CP048238.1-18,97,234
CP048238.1-19,86,298
CP048238.1-20,54,577
CP048238.1-21,28,943
CP048238.1-22,42,740
CP048238.1-23,21,1050
CP048238.1-24,31,901
CP048238.1-25,51,618
CP048238.1-26,57,536
CP048238.1-27,133,117
CP048238.1-28,79,343
CP048238.1-29,145,90
CP048238.1-30,16,1120
CP048238.1-31,134,113
CP048238.1-32,96,242
CP048238.1-33,93,254
CP048238.1-34,39,792
CP048238.1-35,176,52
CP048238.1-36,121,146
CP048238.1-37,98,228
CP048238.1-38,93,255
CP048238.1-39,285,13
CP048238.1-40,173,55
CP048238.1-41,55,562
CP048238.1-42,55,563
CP048238.1-43,105,196
CP048238.1-44,308,8
CP048238.1-45,117,155
CP048238.1-46,37,815
CP048238.1-47,80,336
CP048238.1-48,113,166
CP048238.1-49,57,537
CP048238.1-50,49,640
CP048238.1-51,81,331
CP048238.1-52,37,816
CP048238.1-53,93,256
CP048238.1-54,106,193
CP048238.1-55,95,247
CP048238.1-56,63,476
CP048238.1-57,71,411
CP048238.1-58,0,1260
CP048238.1-59,33,867
CP048238.1-60,95,248
CP048238.1-61,2,1231
CP048238.1-62,26,976
CP048238.1-63,7,1200
CP048238.1-64,20,1067
CP048238.1-65,6,1211
CP048238.1-66,32,884
CP048238.1-67,59,513
CP048238.1-68,124,134
CP048238.1-69,26,977
CP048238.1-70,123,139
CP048238.1-71,110,177
CP048238.1-72,47,670
CP048238.1-73,45,699
CP048238.1-74,0,1261
CP048238.1-75,1,1244
CP048239.1-0,4,1218
CP048239.1-1,0,1262
CP048239.1-2,24,1006
CP048239.1-3,108,186
CP048239.1-4,50,630
CP048239.1-5,110,178
CP048239.1-6,105,197
CP048239.1-7,14,1138
CP048239.1-8,66,447
CP048239.1-9,12,1158
CP048239.1-10,96,243
CP048239.1-11,21,1051
CP048239.1-12,47,671
CP048239.1-13,32,885
CP048239.1-14,43,723
CP048239.1-15,117,156
CP048239.1-16,96,244
CP048239.1-17,189,45
CP048239.1-18,141,98
CP048239.1-19,56,549
CP048239.1-20,85,304
CP048239.1-21,62,487
CP048239.1-22,145,91
CP048239.1-23,334,6
CP048239.1-24,229,28
CP048239.1-25,92,266
CP048239.1-26,63,477
CP048239.1-27,189,46
CP048239.1-28,141,99
CP048239.1-29,97,235
CP048239.1-30,120,148
CP048239.1-31,101,210
CP048239.1-32,27,959
CP048239.1-33,94,250
CP048239.1-34,44,710
CP048239.1-35,55,564
CP048239.1-36,44,711
CP048239.1-37,16,1121
CP048239.1-38,62,488
CP048239.1-39,65,456
CP048239.1-40,78,355
CP048239.1-41,87,289
CP048239.1-42,65,457
CP048239.1-43,22,1037
CP048239.1-44,56,550
CP048239.1-45,25,992
CP048239.1-46,22,1038
CP048239.1-47,12,1159
CP048239.1-48,34,855
CP048239.1-49,33,868
CP048239.1-50,24,1007
CP048239.1-51,26,978
CP048239.1-52,1,1245
CP048239.1-53,20,1068
CP048239.1-54,24,1008
CP048239.1-55,53,592
CP048239.1-56,11,1167
CP048239.1-57,17,1107
CP048239.1-58,12,1160
CP048239.1-59,48,655
CP048239.1-60,66,448
CP048239.1-61,74,385
CP048239.1-62,46,686
CP048239.1-63,5,1215
CP048239.1-64,43,724
CP048239.1-65,73,400
CP048239.1-66,32,886
CP048239.1-67,27,960
CP048239.1-68,45,700
CP048239.1-69,17,1108
CP048239.1-70,28,944
CP048239.1-71,41,753
CP048239.1-72,83,322
CP048239.1-73,74,386
CP048239.1-74,28,945
CP048239.1-75,36,833
CP048239.1-76,61,496
CP048239.1-77,39,793
CP048239.1-78,21,1052
CP048239.1-79,25,993
CP048239.1-80,20,1069
CP048239.1-81,27,961
CP048239.1-82,8,1192
CP048239.1-83,22,1039
CP048239.1-84,48,656
CP048239.1-85,7,1201
CP048239.1-86,70,416
CP048239.1-87,61,497
CP048239.1-88,32,887
CP048239.1-89,29,926
CP048239.1-90,38,803
CP048239.1-91,26,979
CP048239.1-92,20,1070
CP048239.1-93,26,980
CP048239.1-94,56,551
CP048239.1-95,84,316
CP048239.1-96,35,845
CP048239.1-97,9,1183
CP048239.1-98,23,1019
CP048239.1-99,40,773
CP048239.1-100,56,552
CP048239.1-101,71,412
CP048239.1-102,27,962
CP048239.1-103,40,774
CP048239.1-104,20,1071
CP048239.1-105,47,672
CP048239.1-106,56,553
CP048239.1-107,14,1139
CP048239.1-108,20,1072
CP048239.1-109,23,1020
CP048239.1-110,26,981
CP048239.1-111,32,888
CP048239.1-112,58,527
CP048239.1-113,40,775
CP048239.1-114,30,916
CP048239.1-115,29,927
CP048239.1-116,33,869
CP048239.1-117,48,657
CP048239.1-118,67,441
CP048239.1-119,70,417
CP048239.1-120,26,982
CP048239.1-121,14,1140
CP048239.1-122,2,1232
CP048239.1-123,0,1263
CP048239.1-124,3,1225
CP048240.1-0,1,1246
CP048240.1-1,2,1233
CP048240.1-2,62,489
CP048240.1-3,104,200
CP048240.1-4,59,514
CP048240.1-5,10,1178
CP048240.1-6,75,378
CP048240.1-7,107,188
CP048240.1-8,54,578
CP048240.1-9,51,619
CP048240.1-10,24,1009
CP048240.1-11,59,515
CP048240.1-12,39,794
CP048240.1-13,27,963
CP048240.1-14,96,245
CP048240.1-15,63,478
CP048240.1-16,59,516
CP048240.1-17,60,506
CP048240.1-18,111,173
CP048240.1-19,116,158
CP048240.1-20,75,379
CP048240.1-21,59,517
CP048240.1-22,76,368
CP048240.1-23,101,211
CP048240.1-24,155,74
CP048240.1-25,287,11
CP048240.1-26,239,27
CP048240.1-27,294,9
CP048240.1-28,182,50
CP048240.1-29,199,40
CP048240.1-30,90,277
CP048240.1-31,97,236
CP048240.1-32,85,305
CP048240.1-33,78,356
CP048240.1-34,146,89
CP048240.1-35,18,1098
CP048240.1-36,46,687
CP048240.1-37,100,216
CP048240.1-38,91,270
CP048240.1-39,98,229
CP048240.1-40,159,70
CP048240.1-41,78,357
CP048240.1-42,59,518
CP048240.1-43,47,673
CP048240.1-44,63,479
CP048240.1-45,85,306
CP048240.1-46,56,554
CP048240.1-47,58,528
CP048240.1-48,72,408
CP048240.1-49,32,889
CP048240.1-50,61,498
CP048240.1-51,48,658
CP048240.1-52,43,725
CP048240.1-53,63,480
CP048240.1-54,6,1212
CP048240.1-55,28,946
CP048240.1-56,105,198
CP048240.1-57,88,286
CP048240.1-58,70,418
CP048240.1-59,40,776
CP048240.1-60,54,579
CP048240.1-61,74,387
CP048240.1-62,19,1082
CP048240.1-63,35,846
CP048240.1-64,35,847
CP048240.1-65,44,712
CP048240.1-66,21,1053
CP048240.1-67,44,713
CP048240.1-68,28,947
CP048240.1-69,40,777
CP048240.1-70,15,1132
CP048240.1-71,63,481
CP048240.1-72,154,76
CP048240.1-73,79,344
CP048240.1-74,72,409
CP048240.1-75,23,1021
CP048240.1-76,54,580
CP048240.1-77,94,251
CP048240.1-78,34,856
CP048240.1-79,16,1122
CP048240.1-80,22,1040
CP048240.1-81,36,834
CP048240.1-82,24,1010
CP048240.1-83,14,1141
CP048240.1-84,55,565
CP048240.1-85,23,1022
CP048240.1-86,49,641
CP048240.1-87,65,458
CP048240.1-88,131,120
CP048240.1-89,51,620
CP048240.1-90,16,1123
CP048240.1-91,63,482
CP048240.1-92,18,1099
CP048240.1-93,71,413
CP048240.1-94,19,1083
CP048240.1-95,36,835
CP048240.1-96,17,1109
CP048240.1-97,41,754
CP048240.1-98,25,994
CP048240.1-99,40,778
CP048240.1-100,20,1073
CP048240.1-101,11,1168
CP048240.1-102,18,1100
CP048240.1-103,33,870
CP048240.1-104,55,566
CP048240.1-105,39,795
CP048240.1-106,79,345
CP048240.1-107,79,346
CP048240.1-108,3,1226
CP048240.1-109,30,917
CP048240.1-110,26,983
CP048240.1-111,84,317
CP048240.1-112,50,631
CP048240.1-113,29,928
CP048240.1-114,15,1133
CP048240.1-115,73,401
CP048240.1-116,29,929
CP048240.1-117,77,363
CP048240.1-118,64,468
CP048240.1-119,26,984
CP048240.1-120,53,593
CP048240.1-121,30,918
CP048240.1-122,36,836
CP048240.1-123,32,890
CP048240.1-124,31,902
CP048240.1-125,27,964
CP048240.1-126,101,212
CP048240.1-127,77,364
CP048240.1-128,34,857
CP048240.1-129,68,431
CP048240.1-130,6,1213
CP048241.1-0,13,1151
CP048241.1-1,22,1041
CP048241.1-2,95,249
CP048241.1-3,48,659
CP048241.1-4,65,459
CP048241.1-5,73,402
CP048241.1-6,24,1011
CP048241.1-7,110,179
CP048241.1-8,14,1142
CP048241.1-9,101,213
CP048241.1-10,29,930
CP048241.1-11,107,189
CP048241.1-12,19,1084
CP048241.1-13,17,1110
CP048241.1-14,28,948
CP048241.1-15,46,688
CP048241.1-16,26,985
CP048241.1-17,17,1111
CP048241.1-18,94,252
CP048241.1-19,8,1193
CP048241.1-20,5,1216
CP048241.1-21,14,1143
CP048241.1-22,124,135
CP048241.1-23,10,1179
CP048241.1-24,25,995
CP048241.1-25,23,1023
CP048241.1-26,11,1169
CP048241.1-27,41,755
CP048241.1-28,21,1054
CP048241.1-29,43,726
CP048241.1-30,15,1134
CP048241.1-31,7,1202
CP048241.1-32,16,1124
CP048241.1-33,39,796
CP048241.1-34,26,986
CP048241.1-35,111,174
CP048241.1-36,44,714
CP048241.1-37,54,581
CP048241.1-38,70,419
CP048241.1-39,42,741
CP048241.1-40,50,632
CP048241.1-41,12,1161
CP048241.1-42,41,756
CP048241.1-43,33,871
CP048241.1-44,49,642
CP048241.1-45,61,499
CP048241.1-46,85,307
CP048241.1-47,99,223
CP048241.1-48,55,567
CP048241.1-49,76,369
CP048241.1-50,76,370
CP048241.1-51,48,660
CP048241.1-52,25,996
CP048241.1-53,6,1214
CP048241.1-54,54,582
CP048241.1-55,47,674
CP048241.1-56,33,872
CP048241.1-57,74,388
CP048241.1-58,54,583
CP048241.1-59,29,931
CP048241.1-60,29,932
CP048241.1-61,69,425
CP048241.1-62,32,891
CP048241.1-63,31,903
CP048241.1-64,51,621
CP048241.1-65,55,568
CP048241.1-66,75,380
CP048241.1-67,62,490
CP048241.1-68,86,299
CP048241.1-69,85,308
CP048241.1-70,31,904
CP048241.1-71,24,1012
CP048241.1-72,39,797
CP048241.1-73,33,873
CP048241.1-74,61,500
CP048241.1-75,53,594
CP048241.1-76,54,584
CP048241.1-77,28,949
CP048241.1-78,90,278
CP048241.1-79,111,175
CP048241.1-80,9,1184
CP048241.1-81,37,817
CP048241.1-82,25,997
CP048241.1-83,61,501
CP048241.1-84,59,519
CP048241.1-85,86,300
CP048241.1-86,49,643
CP048241.1-87,28,950
CP048241.1-88,50,633
CP048241.1-89,83,323
CP048241.1-90,44,715
CP048241.1-91,112,169
CP048241.1-92,120,149
CP048241.1-93,76,371
CP048241.1-94,90,279
CP048241.1-95,53,595
CP048241.1-96,7,1203
CP048241.1-97,26,987
CP048241.1-98,141,100
CP048241.1-99,43,727
CP048241.1-100,51,622
CP048241.1-101,21,1055
CP048241.1-102,67,442
CP048241.1-103,85,309
CP048241.1-104,26,988
CP048241.1-105,33,874
CP048241.1-106,47,675
CP048241.1-107,27,965
CP048241.1-108,66,449
CP048241.1-109,31,905
CP048241.1-110,69,426
CP048241.1-111,38,804
CP048241.1-112,23,1024
CP048241.1-113,14,1144
CP048241.1-114,20,1074
CP048241.1-115,90,280
CP048241.1-116,104,201
CP048241.1-117,112,170
CP048241.1-118,46,689
CP048241.1-119,81,332
CP048241.1-120,56,555
CP048241.1-121,31,906
CP048241.1-122,23,1025
CP048241.1-123,81,333
CP048241.1-124,142,96
CP048241.1-125,101,214
CP048241.1-126,68,432
CP048241.1-127,67,443
CP048241.1-128,74,389
CP048241.1-129,35,848
CP048241.1-130,45,701
CP048241.1-131,53,596
CP048241.1-132,122,142
CP048241.1-133,57,538
CP048241.1-134,149,82
CP048241.1-135,257,15
CP048241.1-136,169,59
CP048241.1-137,137,109
CP048241.1-138,241,24
CP048241.1-139,169,60
CP048241.1-140,40,779
CP048241.1-141,56,556
CP048241.1-142,22,1042
CP048241.1-143,114,161
CP048241.1-144,1,1247
CP048241.1-145,89,283
CP048241.1-146,85,310
CP048241.1-147,129,123
CP048241.1-148,91,271
CP048241.1-149,135,112
CP048241.1-150,53,597
CP048241.1-151,68,433
CP048241.1-152,48,661
CP048241.1-153,50,634
CP048241.1-154,138,107
CP048241.1-155,28,951
CP048241.1-156,54,585
CP048241.1-157,45,702
CP048241.1-158,12,1162
CP048241.1-159,32,892
CP048241.1-160,45,703
CP048241.1-161,43,728
CP048241.1-162,33,875
CP048241.1-163,19,1085
CP048241.1-164,28,952
CP048241.1-165,19,1086
CP048241.1-166,16,1125
CP048241.1-167,41,757
CP048241.1-168,32,893
CP048241.1-169,12,1163
CP048241.1-170,1,1248
CP048241.1-171,43,729
CP048241.1-172,57,539
CP048241.1-173,37,818
CP048241.1-174,14,1145
CP048241.1-175,21,1056
CP048241.1-176,43,730
CP048241.1-177,21,1057
CP048241.1-178,24,1013
CP048241.1-179,37,819
CP048241.1-180,25,998
CP048241.1-181,7,1204
CP048241.1-182,2,1234
CP048241.1-183,30,919
CP048241.1-184,11,1170
CP048242.1-0,1,1249
CP048242.1-1,2,1235
CP048242.1-2,28,953
CP048242.1-3,80,337
CP048242.1-4,35,849
CP048242.1-5,65,460
CP048242.1-6,48,662
CP048242.1-7,65,461
CP048242.1-8,14,1146
CP048242.1-9,39,798
CP048242.1-10,56,557
CP048242.1-11,18,1101
CP048242.1-12,21,1058
CP048242.1-13,48,663
CP048242.1-14,15,1135
CP048242.1-15,17,1112
CP048242.1-16,51,623
CP048242.1-17,31,907
CP048242.1-18,42,742
CP048242.1-19,41,758
CP048242.1-20,32,894
CP048242.1-21,39,799
CP048242.1-22,44,716
CP048242.1-23,93,257
CP048242.1-24,25,999
CP048242.1-25,18,1102
CP048242.1-26,68,434
CP048242.1-27,37,820
CP048242.1-28,33,876
CP048242.1-29,56,558
CP048242.1-30,36,837
CP048242.1-31,68,435
CP048242.1-32,28,954
CP048242.1-33,77,365
CP048242.1-34,13,1152
CP048242.1-35,23,1026
CP048242.1-36,27,966
CP048242.1-37,42,743
CP048242.1-38,64,469
CP048242.1-39,53,598
CP048242.1-40,40,780
CP048242.1-41,42,744
CP048242.1-42,2,1236
CP048242.1-43,23,1027
CP048242.1-44,32,895
CP048242.1-45,12,1164
CP048242.1-46,42,745
CP048242.1-47,19,1087
CP048242.1-48,38,805
CP048242.1-49,9,1185
CP048242.1-50,24,1014
CP048242.1-51,19,1088
CP048242.1-52,17,1113
CP048242.1-53,71,414
CP048242.1-54,46,690
CP048242.1-55,26,989
CP048242.1-56,20,1075
CP048242.1-57,13,1153
CP048242.1-58,49,644
CP048242.1-59,13,1154
CP048242.1-60,53,599
CP048242.1-61,49,645
CP048242.1-62,50,635
CP048242.1-63,50,636
CP048242.1-64,25,1000
CP048242.1-65,42,746
CP048242.1-66,91,272
CP048242.1-67,36,838
CP048242.1-68,44,717
CP048242.1-69,34,858
CP048242.1-70,35,850
CP048242.1-71,17,1114
CP048242.1-72,21,1059
CP048242.1-73,25,1001
CP048242.1-74,73,403
CP048242.1-75,125,130
CP048242.1-76,38,806
CP048242.1-77,68,436
CP048242.1-78,47,676
CP048242.1-79,24,1015
CP048242.1-80,78,358
CP048242.1-81,33,877
CP048242.1-82,32,896
CP048242.1-83,8,1194
CP048242.1-84,32,897
CP048242.1-85,131,121
CP048242.1-86,163,65
CP048242.1-87,55,569
CP048242.1-88,139,105
CP048242.1-89,66,450
CP048242.1-90,29,933
CP048242.1-91,60,507
CP048242.1-92,14,1147
CP048242.1-93,44,718
CP048242.1-94,34,859
CP048242.1-95,60,508
CP048242.1-96,41,759
CP048242.1-97,74,390
CP048242.1-98,40,781
CP048242.1-99,90,281
CP048242.1-100,104,202
CP048242.1-101,129,124
CP048242.1-102,62,491
CP048242.1-103,141,101
CP048242.1-104,79,347
CP048242.1-105,311,7
CP048242.1-106,73,404
CP048242.1-107,84,318
CP048242.1-108,66,451
CP048242.1-109,140,104
CP048242.1-110,84,319
CP048242.1-111,60,509
CP048242.1-112,52,609
CP048242.1-113,79,348
CP048242.1-114,13,1155
CP048242.1-115,11,1171
CP048242.1-116,27,967
CP048242.1-117,209,35
CP048242.1-118,47,677
CP048242.1-119,29,934
CP048242.1-120,125,131
CP048242.1-121,68,437
CP048242.1-122,43,731
CP048242.1-123,16,1126
CP048242.1-124,107,190
CP048242.1-125,57,540
CP048242.1-126,29,935
CP048242.1-127,53,600
CP048242.1-128,55,570
CP048242.1-129,23,1028
CP048242.1-130,97,237
CP048242.1-131,97,238
CP048242.1-132,40,782
CP048242.1-133,7,1205
CP048242.1-134,70,420
CP048242.1-135,32,898
CP048242.1-136,53,601
CP048242.1-137,17,1115
CP048242.1-138,29,936
CP048242.1-139,54,586
CP048242.1-140,43,732
CP048242.1-141,9,1186
CP048242.1-142,7,1206
CP048242.1-143,0,1264
CP048242.1-144,0,1265
CP048242.1-145,0,1266
CP048242.1-146,0,1267
CP048242.1-147,0,1268
CP048242.1-148,1,1250
