GWK60_A00121 , 1059
GWK60_A00143 , 411
GWK60_A00165 , 20
GWK60_A00209 , 1618
GWK60_A00231 , 2136
GWK60_A00253 , 6478
GWK60_A00275 , 9107
GWK60_A00341 , 3068
GWK60_A00363 , 2152
GWK60_A00385 , 214
GWK60_A00407 , 14747
GWK60_A00429 , 633
GWK60_A00451 , 52703
GWK60_A00473 , 2704
GWK60_A00495 , 1328
GWK60_A00517 , 388
GWK60_A00539 , 1604
GWK60_A00561 , 1779
GWK60_A00583 , 7890
GWK60_A00605 , 5087
GWK60_A00627 , 2656
GWK60_A00649 , 23830
GWK60_A00671 , 23081
GWK60_A00715 , 113
GWK60_A00759 , 1637
GWK60_A00781 , 302
GWK60_A00803 , 1694
GWK60_A00847 , 7177
GWK60_A00869 , 354
GWK60_A00891 , 51275
GWK60_A00913 , 14
GWK60_A00935 , 3412
GWK60_A00957 , 2699
GWK60_A00979 , 3839
GWK60_A01023 , 3122
GWK60_A01045 , 156
GWK60_A01067 , 600
GWK60_A01089 , 9163
GWK60_A01111 , 29800
GWK60_A01133 , 3293
GWK60_A01155 , 2989
GWK60_A01177 , 5787
GWK60_A01199 , 1668
GWK60_A01221 , 3550
GWK60_A01243 , 166
GWK60_A01265 , 2477
GWK60_A01309 , 1079
GWK60_A01331 , 75
GWK60_A01397 , 372
GWK60_A01419 , 3445
GWK60_A01441 , 24905
GWK60_A01463 , 342
GWK60_A01507 , 7315
GWK60_A01529 , 816
GWK60_A01573 , 245
GWK60_A01595 , 4622
GWK60_A01617 , 2886
GWK60_A01639 , 1656
GWK60_A01661 , 1697
GWK60_A01683 , 123
GWK60_A01705 , 1391
GWK60_A01793 , 309
GWK60_A01815 , 312
GWK60_A01859 , 13
GWK60_A01969 , 2077
GWK60_A01991 , 304
GWK60_A02035 , 1367
GWK60_A02057 , 2500
GWK60_A02079 , 10590
GWK60_A02101 , 277
GWK60_A02123 , 3735
GWK60_A02145 , 9
GWK60_A02167 , 265
GWK60_A02211 , 583
GWK60_A02233 , 593
GWK60_A02255 , 133
GWK60_A02277 , 3135
GWK60_A02299 , 519
GWK60_A02321 , 1174
GWK60_A02343 , 668
GWK60_A02365 , 459
GWK60_A02387 , 4373
GWK60_A02453 , 1
GWK60_A02475 , 20
GWK60_A02519 , 896
GWK60_A02673 , 545
GWK60_A02695 , 111
GWK60_A02805 , 146
GWK60_A02849 , 460
GWK60_A02915 , 4359
GWK60_A02937 , 8333
GWK60_A02981 , 100
GWK60_A03025 , 1903
GWK60_A03069 , 4674
GWK60_A03091 , 3148
GWK60_A03157 , 13
GWK60_A03179 , 21621
GWK60_A03201 , 952
GWK60_A03245 , 103
GWK60_A03289 , 411
GWK60_A03311 , 18
GWK60_A03377 , 8566
GWK60_A03421 , 117
GWK60_A03575 , 1312
GWK60_A03597 , 223
GWK60_A03619 , 5920
GWK60_A03663 , 23
GWK60_A03685 , 437
GWK60_A03751 , 737
GWK60_A03773 , 1388
GWK60_A03795 , 2583
GWK60_A03817 , 329
GWK60_A03971 , 2293
GWK60_A04037 , 252
GWK60_A04059 , 967
GWK60_A04125 , 1366
GWK60_A04147 , 1424
GWK60_A04169 , 7
GWK60_A04191 , 1144
GWK60_A04279 , 661
GWK60_A04301 , 1026
GWK60_A04367 , 563
GWK60_A04389 , 643
GWK60_A04477 , 75
GWK60_A04499 , 527
GWK60_A04543 , 133
GWK60_A04631 , 462
GWK60_A04675 , 2131
GWK60_A04697 , 1
GWK60_A00055 , 125
GWK60_A00077 , 36
GWK60_A00099 , 6
GWK60_A01001 , 2792
GWK60_A01375 , 282
GWK60_A01485 , 308
GWK60_A01837 , 32
GWK60_A01947 , 76
GWK60_A02629 , 1
GWK60_A02651 , 351
GWK60_A02739 , 183
GWK60_A03223 , 197
GWK60_A03355 , 1782
GWK60_A03487 , 45
GWK60_A03553 , 5
GWK60_A03729 , 1
GWK60_A03839 , 1038
GWK60_A03883 , 321
GWK60_A03949 , 457
GWK60_A04081 , 1267
GWK60_A04103 , 1
GWK60_A04213 , 1753
GWK60_A04257 , 934
GWK60_A04323 , 1091
GWK60_A04345 , 816
GWK60_A04455 , 39
GWK60_A04565 , 1
GWK60_B00121 , 1
GWK60_B00143 , 34
GWK60_B00165 , 213
GWK60_B00231 , 2
GWK60_B00297 , 192
GWK60_B00363 , 2851
GWK60_B00385 , 150
GWK60_B00495 , 41
GWK60_B00561 , 274
GWK60_B00605 , 642
GWK60_B00649 , 894
GWK60_B00737 , 1229
GWK60_B00759 , 178
GWK60_B00781 , 1
GWK60_B00803 , 1085
GWK60_B00847 , 608
GWK60_B00869 , 500
GWK60_B00891 , 275
GWK60_B00913 , 4983
GWK60_B00935 , 1325
GWK60_B00979 , 296
GWK60_B01089 , 1661
GWK60_B01111 , 57
GWK60_B01155 , 145
GWK60_B01177 , 281
GWK60_B01287 , 103
GWK60_B01331 , 307
GWK60_B01397 , 96
GWK60_B01419 , 1819
GWK60_B01485 , 8
GWK60_B01507 , 1770
GWK60_B01529 , 708
GWK60_B01551 , 328
GWK60_B01595 , 889
GWK60_B01683 , 374
GWK60_B01771 , 755
GWK60_B01815 , 5230
GWK60_B01859 , 84
GWK60_B01881 , 729
GWK60_B01903 , 440
GWK60_B01925 , 1089
GWK60_B01991 , 305
GWK60_B02057 , 154
GWK60_B02145 , 777
GWK60_B02167 , 1460
GWK60_B02189 , 1767
GWK60_B02211 , 57
GWK60_B02255 , 592
GWK60_B02277 , 2591
GWK60_B02321 , 16989
GWK60_B02409 , 1982
GWK60_B02431 , 4019
GWK60_B02475 , 2487
GWK60_B02497 , 233
GWK60_B02585 , 2790
GWK60_B02607 , 575
GWK60_B02629 , 1892
GWK60_B02717 , 19872
GWK60_B02739 , 1606
GWK60_B02761 , 671
GWK60_B02783 , 8149
GWK60_B02805 , 909
GWK60_B02827 , 13598
GWK60_B02849 , 330
GWK60_B02871 , 9521
GWK60_B02915 , 2930
GWK60_B02937 , 589
GWK60_B02959 , 247
GWK60_B02981 , 194
GWK60_B03003 , 498
GWK60_B03091 , 268
GWK60_B03113 , 1095
GWK60_B03135 , 1759
GWK60_B03157 , 81
GWK60_B03201 , 811
GWK60_B03223 , 2490
GWK60_B03245 , 3398
GWK60_B03267 , 711
GWK60_B03311 , 89
GWK60_B03333 , 6834
GWK60_B03355 , 15298
GWK60_B03443 , 2578
GWK60_B03465 , 2631
GWK60_B03487 , 15
GWK60_B03509 , 24696
GWK60_B03531 , 37777
GWK60_B03641 , 40326
GWK60_B03663 , 13544
GWK60_B03685 , 1083
GWK60_B03707 , 2570
GWK60_B03729 , 1807
GWK60_B03773 , 415
GWK60_B03795 , 451
GWK60_B03817 , 245
GWK60_B03839 , 1350
GWK60_B03883 , 3019
GWK60_B03927 , 675
GWK60_B03971 , 2916
GWK60_B04015 , 262
GWK60_B04059 , 2977
GWK60_B04081 , 1468
GWK60_B04103 , 1939
GWK60_B04125 , 690
GWK60_B04147 , 1139
GWK60_B04169 , 2067
GWK60_B04191 , 4982
GWK60_B04213 , 3004
GWK60_B04235 , 2741
GWK60_B04257 , 3835
GWK60_B04279 , 1932
GWK60_B04301 , 213
GWK60_B04323 , 2929
GWK60_B04345 , 3758
GWK60_B04411 , 21687
GWK60_B04433 , 4200
GWK60_B04455 , 6689
GWK60_B04499 , 7065
GWK60_B04521 , 7517
GWK60_B04543 , 4103
GWK60_B04565 , 6923
GWK60_B04587 , 2224
GWK60_B04609 , 9747
GWK60_B04631 , 7412
GWK60_B04653 , 4158
GWK60_B04675 , 1689
GWK60_B04697 , 5310
GWK60_B04719 , 1505
GWK60_B04741 , 1941
GWK60_B04763 , 801
GWK60_B04785 , 1484
GWK60_B04807 , 2128
GWK60_B04829 , 3206
GWK60_B04851 , 1745
GWK60_B04895 , 4277
GWK60_B04917 , 1266
GWK60_B00253 , 98
GWK60_B00275 , 59
GWK60_B00473 , 3
GWK60_B00583 , 60
GWK60_B00627 , 197
GWK60_B00957 , 251
GWK60_B01001 , 477
GWK60_B01243 , 732
GWK60_B01441 , 58
GWK60_B01837 , 611
GWK60_B02233 , 1830
GWK60_B02387 , 196
GWK60_B02651 , 553
GWK60_B03025 , 375
GWK60_B03289 , 33
GWK60_B03399 , 413
GWK60_B03575 , 224
GWK60_B03949 , 85
GWK60_C00055 , 627
GWK60_C00077 , 583
GWK60_C00143 , 809
GWK60_C00209 , 2515
GWK60_C00231 , 319
GWK60_C00341 , 2845
GWK60_C00363 , 5191
GWK60_C00385 , 430
GWK60_C00429 , 471
GWK60_C00451 , 299
GWK60_C00495 , 276
GWK60_C00605 , 994
GWK60_C00627 , 1407
GWK60_C00671 , 2597
GWK60_C00693 , 10684
GWK60_C00715 , 955
GWK60_C00759 , 2226
GWK60_C00869 , 3833
GWK60_C00891 , 91
GWK60_C00935 , 599
GWK60_C00957 , 107
GWK60_C01001 , 154
GWK60_C01045 , 551
GWK60_C01111 , 998
GWK60_C01177 , 6535
GWK60_C01265 , 219
GWK60_C01287 , 981
GWK60_C01309 , 593
GWK60_C01353 , 362
GWK60_C01375 , 1262
GWK60_C01397 , 1027
GWK60_C01419 , 4234
GWK60_C01441 , 1235
GWK60_C01463 , 3711
GWK60_C01573 , 127
GWK60_C01595 , 732
GWK60_C01617 , 137
GWK60_C01639 , 300
GWK60_C01771 , 5012
GWK60_C01793 , 72
GWK60_C01815 , 601
GWK60_C01837 , 314
GWK60_C01859 , 1621
GWK60_C01881 , 51
GWK60_C01903 , 511
GWK60_C01925 , 782
GWK60_C01969 , 397
GWK60_C01991 , 8432
GWK60_C02013 , 744
GWK60_C02035 , 805
GWK60_C02123 , 9486
GWK60_C02167 , 498
GWK60_C02211 , 10
GWK60_C02365 , 130
GWK60_C02387 , 1993
GWK60_C02409 , 75
GWK60_C02431 , 1835
GWK60_C02453 , 823
GWK60_C02475 , 52
GWK60_C02519 , 1264
GWK60_C02541 , 1157
GWK60_C02563 , 1203
GWK60_C02585 , 3598
GWK60_C02695 , 356
GWK60_C02717 , 2091
GWK60_C02805 , 6600
GWK60_C02827 , 4020
GWK60_C02849 , 21370
GWK60_C02871 , 3468
GWK60_C02893 , 1293
GWK60_C02937 , 349
GWK60_C03003 , 1180
GWK60_C03025 , 1124
GWK60_C03047 , 1638
GWK60_C03091 , 645
GWK60_C03113 , 942
GWK60_C03157 , 1274
GWK60_C03179 , 3393
GWK60_C03201 , 4761
GWK60_C03223 , 1035
GWK60_C03267 , 1138
GWK60_C03289 , 241
GWK60_C03311 , 930
GWK60_C03355 , 1121
GWK60_C03377 , 21371
GWK60_C03399 , 459
GWK60_C03421 , 77
GWK60_C03443 , 298
GWK60_C03465 , 1329
GWK60_C03487 , 542
GWK60_C03509 , 2905
GWK60_C03531 , 3435
GWK60_C03553 , 1928
GWK60_C03575 , 576
GWK60_C03597 , 2412
GWK60_C03619 , 743
GWK60_C03641 , 3021
GWK60_C03663 , 548
GWK60_C03685 , 444
GWK60_C03707 , 2043
GWK60_C03729 , 4346
GWK60_C03795 , 2676
GWK60_C03861 , 17344
GWK60_C03883 , 8267
GWK60_C03905 , 1439
GWK60_C03927 , 450
GWK60_C03993 , 9672
GWK60_C04015 , 644
GWK60_C04059 , 8050
GWK60_C04081 , 663
GWK60_C04103 , 7014
GWK60_C04125 , 5343
GWK60_C04147 , 809
GWK60_C04169 , 2178
GWK60_C04213 , 487
GWK60_C04257 , 67697
GWK60_C04279 , 32472
GWK60_C04301 , 279
GWK60_C04367 , 30277
GWK60_C04389 , 4689
GWK60_C04411 , 9680
GWK60_C04433 , 191
GWK60_C04455 , 1067
GWK60_C04477 , 32868
GWK60_C04499 , 322
GWK60_C04521 , 32
GWK60_C04543 , 5806
GWK60_C04565 , 2957
GWK60_C04587 , 3906
GWK60_C04609 , 815
GWK60_C04631 , 3820
GWK60_C04653 , 1496
GWK60_C04675 , 3108
GWK60_C04697 , 1494
GWK60_C04719 , 936
GWK60_C04741 , 4062
GWK60_C04763 , 791
GWK60_C04785 , 690
GWK60_C04807 , 52
GWK60_C04829 , 698
GWK60_C04851 , 53
GWK60_C04873 , 559
GWK60_C04895 , 3492
GWK60_C04917 , 1448
GWK60_C04939 , 1187
GWK60_C04983 , 177
GWK60_C05005 , 444
GWK60_C05049 , 2126
GWK60_C05071 , 1555
GWK60_C05115 , 947
GWK60_C00121 , 140
GWK60_C00275 , 424
GWK60_C00407 , 73
GWK60_C00825 , 1
GWK60_C00847 , 600
GWK60_C00913 , 254
GWK60_C00979 , 709
GWK60_C01067 , 130
GWK60_C01155 , 14
GWK60_C01243 , 1
GWK60_C01661 , 115
GWK60_C01683 , 71
GWK60_C01705 , 37
GWK60_C01749 , 387
GWK60_C01947 , 769
GWK60_C02255 , 2
GWK60_C02277 , 718
GWK60_C02299 , 351
GWK60_C02497 , 599
GWK60_C02629 , 626
GWK60_C02651 , 100
GWK60_C02761 , 15
GWK60_C02915 , 394
GWK60_C02959 , 158
GWK60_C03069 , 144
GWK60_C03135 , 11
GWK60_C03751 , 216
GWK60_C04037 , 96
GWK60_C04235 , 553
GWK60_C04323 , 4
GWK60_C05027 , 308
GWK60_C05093 , 68
GWK60_D00055 , 29260
GWK60_D00209 , 979
GWK60_D00319 , 297
GWK60_D00341 , 189
GWK60_D00363 , 1
GWK60_D00407 , 460
GWK60_D00495 , 944
GWK60_D00517 , 4096
GWK60_D00561 , 1419
GWK60_D00605 , 18440
GWK60_D00627 , 300
GWK60_D00693 , 935
GWK60_D00737 , 120
GWK60_D00759 , 199
GWK60_D00781 , 1328
GWK60_D00803 , 864
GWK60_D00825 , 314
GWK60_D00869 , 1232
GWK60_D00935 , 415
GWK60_D01023 , 493
GWK60_D01133 , 73
GWK60_D01155 , 3374
GWK60_D01199 , 1199
GWK60_D01243 , 202
GWK60_D01265 , 1368
GWK60_D01287 , 23
GWK60_D01309 , 1119
GWK60_D01353 , 3214
GWK60_D01375 , 25
GWK60_D01397 , 624
GWK60_D01419 , 1
GWK60_D01441 , 9
GWK60_D01485 , 3677
GWK60_D01639 , 1038
GWK60_D01661 , 22
GWK60_D01705 , 118
GWK60_D01793 , 418
GWK60_D01815 , 523
GWK60_D01881 , 20
GWK60_D01947 , 1363
GWK60_D01991 , 9
GWK60_D02013 , 479
GWK60_D02079 , 615
GWK60_D02101 , 1344
GWK60_D02211 , 2033
GWK60_D02277 , 180
GWK60_D02387 , 1
GWK60_D02475 , 2
GWK60_D02497 , 12
GWK60_D02607 , 24
GWK60_D02651 , 417
GWK60_D02695 , 1211
GWK60_D02717 , 1227
GWK60_D02783 , 2744
GWK60_D02937 , 145
GWK60_D02959 , 916
GWK60_D03069 , 1067
GWK60_D03091 , 9677
GWK60_D03135 , 605
GWK60_D03201 , 247
GWK60_D03355 , 1135
GWK60_D03399 , 572
GWK60_D03421 , 568
GWK60_D03443 , 1235
GWK60_D03487 , 5888
GWK60_D03509 , 3892
GWK60_D03619 , 1387
GWK60_D03773 , 547
GWK60_D03817 , 1106
GWK60_D03861 , 721
GWK60_D03971 , 851
GWK60_D04081 , 4
GWK60_D04103 , 644
GWK60_D04169 , 95
GWK60_D04191 , 1712
GWK60_D04213 , 218
GWK60_D04257 , 727
GWK60_D04323 , 811
GWK60_D04411 , 22
GWK60_D04477 , 2381
GWK60_D04521 , 10983
GWK60_D04543 , 455
GWK60_D04675 , 301
GWK60_D04697 , 1516
GWK60_D04741 , 950
GWK60_D04763 , 234
GWK60_D04807 , 750
GWK60_D04851 , 6713
GWK60_D04873 , 429
GWK60_D04895 , 2032
GWK60_D04917 , 1195
GWK60_D04939 , 1541
GWK60_D04983 , 423
GWK60_D05027 , 1509
GWK60_D05115 , 176
GWK60_D05247 , 1922
GWK60_D05291 , 968
GWK60_D05313 , 218
GWK60_D05335 , 276
GWK60_D05357 , 2842
GWK60_D05379 , 723
GWK60_D05423 , 11
GWK60_D05445 , 35
GWK60_D05467 , 4790
GWK60_D05511 , 535
GWK60_D05687 , 1594
GWK60_D05709 , 906
GWK60_D05731 , 1472
GWK60_D05753 , 5402
GWK60_D05775 , 382
GWK60_D05797 , 2097
GWK60_D05819 , 1169
GWK60_D05841 , 1851
GWK60_D05863 , 1388
GWK60_D05907 , 3510
GWK60_D05929 , 4
GWK60_D05973 , 6705
GWK60_D05995 , 13886
GWK60_D06017 , 7618
GWK60_D06039 , 465
GWK60_D06061 , 14324
GWK60_D06083 , 5661
GWK60_D06127 , 1579
GWK60_D06171 , 1020
GWK60_D06215 , 3156
GWK60_D06347 , 847
GWK60_D06391 , 2275
GWK60_D06413 , 4272
GWK60_D06435 , 424
GWK60_D06501 , 1140
GWK60_D06523 , 2761
GWK60_D06567 , 15017
GWK60_D06589 , 14588
GWK60_D06633 , 3
GWK60_D06655 , 655
GWK60_D06677 , 566
GWK60_D06699 , 1755
GWK60_D06721 , 2530
GWK60_D06765 , 2075
GWK60_D06787 , 2153
GWK60_D06809 , 601
GWK60_D06853 , 1817
GWK60_D06875 , 275
GWK60_D06897 , 346
GWK60_D00033 , 647
GWK60_D00077 , 1
GWK60_D00253 , 406
GWK60_D00429 , 176
GWK60_D01045 , 231
GWK60_D01177 , 524
GWK60_D01331 , 9
GWK60_D01463 , 29
GWK60_D01507 , 50
GWK60_D01595 , 1012
GWK60_D01683 , 253
GWK60_D01903 , 1599
GWK60_D01925 , 475
GWK60_D01969 , 5
GWK60_D02255 , 508
GWK60_D02343 , 68
GWK60_D02409 , 1
GWK60_D02431 , 277
GWK60_D02629 , 137
GWK60_D02673 , 760
GWK60_D02893 , 614
GWK60_D03047 , 840
GWK60_D03223 , 191
GWK60_D03377 , 1
GWK60_D03553 , 582
GWK60_D03685 , 751
GWK60_D03729 , 41
GWK60_D03839 , 179
GWK60_D03949 , 350
GWK60_D04037 , 825
GWK60_D04059 , 929
GWK60_D04147 , 4697
GWK60_D04235 , 733
GWK60_D04301 , 177
GWK60_D04389 , 215
GWK60_D04433 , 18
GWK60_D04587 , 396
GWK60_D04719 , 6
GWK60_D05159 , 530
GWK60_D05269 , 1688
GWK60_D05401 , 363
GWK60_D05533 , 6
GWK60_D05555 , 27
GWK60_D05599 , 1
GWK60_D05621 , 392
GWK60_D05665 , 327
GWK60_D05951 , 499
GWK60_D06105 , 18
GWK60_D06237 , 87
GWK60_D06281 , 4
GWK60_D06303 , 169
GWK60_D06325 , 159
GWK60_E00055 , 557
GWK60_E00077 , 33
GWK60_E00165 , 373
GWK60_E00187 , 721
GWK60_E00253 , 638
GWK60_E00275 , 1474
GWK60_E00297 , 2
GWK60_E00319 , 470
GWK60_E00341 , 1294
GWK60_E00363 , 740
GWK60_E00407 , 106
GWK60_E00429 , 1580
GWK60_E00495 , 2
GWK60_E00517 , 974
GWK60_E00583 , 9597
GWK60_E00649 , 396
GWK60_E00869 , 2495
GWK60_E00891 , 2
GWK60_E00913 , 742
GWK60_E00957 , 1070
GWK60_E00979 , 3981
GWK60_E01001 , 2636
GWK60_E01023 , 1021
GWK60_E01045 , 1854
GWK60_E01067 , 1064
GWK60_E01089 , 17015
GWK60_E01111 , 925
GWK60_E01133 , 337
GWK60_E01177 , 155
GWK60_E01199 , 678
GWK60_E01243 , 2773
GWK60_E01265 , 767
GWK60_E01375 , 442
GWK60_E01397 , 37
GWK60_E01441 , 3047
GWK60_E01463 , 1296
GWK60_E01485 , 3237
GWK60_E01507 , 8473
GWK60_E01529 , 236
GWK60_E01551 , 703
GWK60_E01573 , 1077
GWK60_E01595 , 1821
GWK60_E01617 , 1146
GWK60_E01639 , 3580
GWK60_E01661 , 1961
GWK60_E01683 , 1254
GWK60_E01705 , 2427
GWK60_E01727 , 881
GWK60_E01749 , 5582
GWK60_E01793 , 2797
GWK60_E01815 , 5825
GWK60_E01837 , 192
GWK60_E01859 , 391
GWK60_E01903 , 8780
GWK60_E01925 , 3094
GWK60_E01947 , 1157
GWK60_E01969 , 9482
GWK60_E01991 , 3310
GWK60_E02013 , 22991
GWK60_E02035 , 1372
GWK60_E02057 , 519
GWK60_E02079 , 3010
GWK60_E02123 , 4809
GWK60_E02189 , 789
GWK60_E02211 , 2576
GWK60_E02233 , 1309
GWK60_E02277 , 4532
GWK60_E02299 , 12859
GWK60_E02321 , 8261
GWK60_E02343 , 2327
GWK60_E02365 , 1062
GWK60_E02409 , 4174
GWK60_E02431 , 9820
GWK60_E02453 , 198
GWK60_E02475 , 1711
GWK60_E02497 , 1298
GWK60_E02519 , 5861
GWK60_E02541 , 4025
GWK60_E02563 , 1834
GWK60_E02585 , 2903
GWK60_E02607 , 1247
GWK60_E02629 , 3622
GWK60_E02651 , 1938
GWK60_E02673 , 819
GWK60_E02695 , 3697
GWK60_E02739 , 237
GWK60_E02761 , 2779
GWK60_E02783 , 1182
GWK60_E02805 , 1173
GWK60_E02827 , 3262
GWK60_E02871 , 5233
GWK60_E02893 , 3241
GWK60_E02915 , 2379
GWK60_E02937 , 368
GWK60_E02981 , 194
GWK60_E03003 , 458
GWK60_E03091 , 1714
GWK60_E03113 , 239
GWK60_E03135 , 325
GWK60_E03157 , 862
GWK60_E03179 , 410
GWK60_E03267 , 711
GWK60_E03289 , 345
GWK60_E03333 , 1067
GWK60_E03355 , 2169
GWK60_E03377 , 3033
GWK60_E03399 , 3821
GWK60_E03421 , 123
GWK60_E03443 , 998
GWK60_E03465 , 3100
GWK60_E03509 , 1188
GWK60_E03531 , 1534
GWK60_E03575 , 35
GWK60_E03597 , 628
GWK60_E03619 , 3028
GWK60_E03729 , 357
GWK60_E03795 , 1034
GWK60_E03817 , 2670
GWK60_E03839 , 2727
GWK60_E03905 , 308
GWK60_E03949 , 777
GWK60_E03971 , 487
GWK60_E03993 , 529
GWK60_E04037 , 8769
GWK60_E04059 , 3810
GWK60_E04081 , 153
GWK60_E04103 , 4297
GWK60_E04147 , 1076
GWK60_E04169 , 658
GWK60_E04213 , 696
GWK60_E04323 , 5764
GWK60_E04345 , 309
GWK60_E04389 , 1293
GWK60_E04411 , 1022
GWK60_E04477 , 727
GWK60_E04499 , 1982
GWK60_E04521 , 339
GWK60_E04543 , 9
GWK60_E04565 , 482
GWK60_E04587 , 509
GWK60_E04609 , 25133
GWK60_E04631 , 349
GWK60_E04697 , 1395
GWK60_E04719 , 187
GWK60_E04741 , 341
GWK60_E04785 , 818
GWK60_E04807 , 979
GWK60_E04851 , 428
GWK60_E04895 , 602
GWK60_E04917 , 774
GWK60_E04939 , 520
GWK60_E04983 , 874
GWK60_E05027 , 305
GWK60_E05071 , 297
GWK60_E05093 , 696
GWK60_E05181 , 237
GWK60_E05203 , 265
GWK60_E05247 , 2660
GWK60_E05269 , 678
GWK60_E05291 , 1703
GWK60_E05313 , 1981
GWK60_E05335 , 1502
GWK60_E05357 , 1820
GWK60_E05445 , 8
GWK60_E05467 , 1152
GWK60_E05489 , 995
GWK60_E05555 , 14
GWK60_E05577 , 713
GWK60_E05599 , 3689
GWK60_E05621 , 4611
GWK60_E05643 , 1503
GWK60_E05665 , 922
GWK60_E05731 , 1956
GWK60_E05753 , 1204
GWK60_E05863 , 8785
GWK60_E05885 , 1004
GWK60_E05907 , 77
GWK60_E05929 , 121
GWK60_E05995 , 29
GWK60_E06039 , 3558
GWK60_E06105 , 538
GWK60_E06215 , 296
GWK60_E00033 , 8
GWK60_E00209 , 1528
GWK60_E00605 , 170
GWK60_E00671 , 33
GWK60_E00803 , 157
GWK60_E00825 , 413
GWK60_E00935 , 371
GWK60_E01287 , 133
GWK60_E01419 , 707
GWK60_E01881 , 480
GWK60_E02959 , 48
GWK60_E03223 , 230
GWK60_E03245 , 127
GWK60_E03311 , 81
GWK60_E03487 , 774
GWK60_E03553 , 28
GWK60_E03641 , 762
GWK60_E03663 , 545
GWK60_E03685 , 502
GWK60_E03773 , 984
GWK60_E03883 , 219
GWK60_E04191 , 392
GWK60_E04301 , 223
GWK60_E04367 , 1
GWK60_E04653 , 663
GWK60_E04675 , 42
GWK60_E04763 , 7
GWK60_E05225 , 113
GWK60_E05423 , 231
GWK60_E05951 , 17
GWK60_E06017 , 884
GWK60_E06237 , 260
GWK60_F00055 , 862
GWK60_F00099 , 643
GWK60_F00121 , 1680
GWK60_F00165 , 627
GWK60_F00209 , 4239
GWK60_F00275 , 747
GWK60_F00297 , 2797
GWK60_F00451 , 1473
GWK60_F00495 , 771
GWK60_F00517 , 992
GWK60_F00539 , 556
GWK60_F00583 , 157
GWK60_F00627 , 1844
GWK60_F00649 , 2667
GWK60_F00693 , 89
GWK60_F00715 , 280
GWK60_F00737 , 1171
GWK60_F00759 , 279
GWK60_F00781 , 897
GWK60_F00803 , 373
GWK60_F00979 , 456
GWK60_F01023 , 149
GWK60_F01045 , 2917
GWK60_F01067 , 2668
GWK60_F01089 , 3785
GWK60_F01133 , 516
GWK60_F01155 , 2504
GWK60_F01177 , 259
GWK60_F01199 , 2231
GWK60_F01221 , 5188
GWK60_F01243 , 3381
GWK60_F01331 , 1116
GWK60_F01397 , 509
GWK60_F01419 , 4022
GWK60_F01485 , 1258
GWK60_F01507 , 1243
GWK60_F01529 , 3786
GWK60_F01551 , 768
GWK60_F01573 , 15600
GWK60_F01595 , 2125
GWK60_F01617 , 2245
GWK60_F01639 , 717
GWK60_F01727 , 8116
GWK60_F01749 , 5923
GWK60_F01771 , 3378
GWK60_F01815 , 1027
GWK60_F01859 , 4058
GWK60_F01903 , 3471
GWK60_F01925 , 6791
GWK60_F01947 , 783
GWK60_F01969 , 3365
GWK60_F02013 , 4055
GWK60_F02035 , 64
GWK60_F02057 , 8834
GWK60_F02079 , 2574
GWK60_F02101 , 10852
GWK60_F02123 , 701
GWK60_F02145 , 11426
GWK60_F02167 , 3772
GWK60_F02189 , 1864
GWK60_F02211 , 681
GWK60_F02233 , 437
GWK60_F02255 , 1801
GWK60_F02299 , 559
GWK60_F02321 , 2
GWK60_F02343 , 302
GWK60_F02409 , 12
GWK60_F02431 , 45572
GWK60_F02453 , 221
GWK60_F02475 , 2012
GWK60_F02497 , 1122
GWK60_F02519 , 2137
GWK60_F02541 , 510
GWK60_F02607 , 4853
GWK60_F02673 , 990
GWK60_F02717 , 5807
GWK60_F02739 , 206
GWK60_F02783 , 1767
GWK60_F02805 , 1630
GWK60_F02827 , 266
GWK60_F02871 , 7332
GWK60_F02915 , 408
GWK60_F02937 , 894
GWK60_F02959 , 773
GWK60_F03003 , 9787
GWK60_F03047 , 591
GWK60_F03113 , 1420
GWK60_F03135 , 2737
GWK60_F03179 , 2390
GWK60_F03245 , 228
GWK60_F03311 , 1094
GWK60_F03333 , 883
GWK60_F03377 , 2179
GWK60_F03509 , 65
GWK60_F03531 , 2
GWK60_F03597 , 1263
GWK60_F03663 , 1739
GWK60_F03707 , 2820
GWK60_F03729 , 241
GWK60_F03773 , 532
GWK60_F03795 , 3628
GWK60_F03861 , 644
GWK60_F03971 , 243
GWK60_F04125 , 2609
GWK60_F04147 , 559
GWK60_F04169 , 24
GWK60_F04191 , 1519
GWK60_F04213 , 222
GWK60_F04301 , 670
GWK60_F04323 , 1006
GWK60_F04345 , 255
GWK60_F04389 , 301
GWK60_F04411 , 189
GWK60_F04455 , 2461
GWK60_F04499 , 881
GWK60_F04521 , 1300
GWK60_F04675 , 149
GWK60_F04697 , 404
GWK60_F04719 , 1571
GWK60_F04851 , 1524
GWK60_F04895 , 13
GWK60_F04917 , 609
GWK60_F04939 , 474
GWK60_F04983 , 223
GWK60_F05005 , 659
GWK60_F05115 , 1
GWK60_F05181 , 413
GWK60_F05203 , 4504
GWK60_F05291 , 277
GWK60_F05335 , 300
GWK60_F05379 , 551
GWK60_F05401 , 284
GWK60_F05445 , 586
GWK60_F05467 , 854
GWK60_F05489 , 226
GWK60_F05533 , 505
GWK60_F05555 , 930
GWK60_F05577 , 707
GWK60_F05665 , 990
GWK60_F05687 , 166
GWK60_F05753 , 1095
GWK60_F05841 , 501
GWK60_F05863 , 2
GWK60_F05885 , 1209
GWK60_F06017 , 88
GWK60_F06061 , 86
GWK60_F06149 , 1204
GWK60_F06347 , 523
GWK60_F06479 , 632
GWK60_F06501 , 1815
GWK60_F06523 , 4670
GWK60_F06589 , 32739
GWK60_F06831 , 228
GWK60_F06853 , 720
GWK60_F07073 , 1730
GWK60_F07161 , 546
GWK60_F07205 , 1289
GWK60_F07249 , 105
GWK60_F07271 , 112
GWK60_F07337 , 911
GWK60_F07359 , 445
GWK60_F07403 , 504
GWK60_F07447 , 249
GWK60_F07513 , 680
GWK60_F07535 , 1080
GWK60_F07557 , 1777
GWK60_F07601 , 807
GWK60_F07645 , 1452
GWK60_F07777 , 181
GWK60_F07799 , 1021
GWK60_F07865 , 28
GWK60_F08019 , 217
GWK60_F08107 , 2939
GWK60_F08173 , 446
GWK60_F08261 , 1939
GWK60_F08305 , 1127
GWK60_F08349 , 2608
GWK60_F08371 , 1235
GWK60_F08393 , 305
GWK60_F08415 , 11
GWK60_F08459 , 292
GWK60_F08503 , 55
GWK60_F08525 , 55
GWK60_F08547 , 1549
GWK60_F08635 , 1405
GWK60_F08657 , 468
GWK60_F08723 , 35
GWK60_F00011 , 732
GWK60_F00077 , 1643
GWK60_F00363 , 30
GWK60_F00561 , 212
GWK60_F00847 , 4
GWK60_F00891 , 1514
GWK60_F00957 , 265
GWK60_F01375 , 1000
GWK60_F01661 , 1932
GWK60_F02563 , 470
GWK60_F02761 , 1202
GWK60_F03355 , 291
GWK60_F03399 , 108
GWK60_F03421 , 662
GWK60_F03465 , 139
GWK60_F03575 , 613
GWK60_F03817 , 7
GWK60_F03839 , 251
GWK60_F03993 , 1020
GWK60_F04015 , 403
GWK60_F04367 , 338
GWK60_F04433 , 2
GWK60_F04631 , 157
GWK60_F04741 , 572
GWK60_F04763 , 34
GWK60_F05027 , 456
GWK60_F05049 , 1
GWK60_F05313 , 321
GWK60_F05357 , 4
GWK60_F05423 , 851
GWK60_F05621 , 12
GWK60_F05643 , 440
GWK60_F05731 , 37
GWK60_F05775 , 294
GWK60_F06215 , 117
GWK60_F06369 , 762
GWK60_F06413 , 75
GWK60_F06435 , 321
GWK60_F06567 , 318
GWK60_F06611 , 301
GWK60_F06633 , 552
GWK60_F06677 , 288
GWK60_F06743 , 174
GWK60_F06897 , 163
GWK60_F07315 , 885
GWK60_F07425 , 34
GWK60_F07755 , 595
GWK60_F07887 , 270
GWK60_F07931 , 230
GWK60_F07975 , 616
GWK60_F08063 , 808
GWK60_F08679 , 6
GWK60_F08745 , 1
GWK60_G00033 , 697
GWK60_G00077 , 1130
GWK60_G00099 , 4754
GWK60_G00121 , 4068
GWK60_G00143 , 68
GWK60_G00165 , 4485
GWK60_G00187 , 13283
GWK60_G00209 , 7997
GWK60_G00231 , 944
GWK60_G00275 , 2343
GWK60_G00297 , 4
GWK60_G00363 , 2773
GWK60_G00385 , 426
GWK60_G00407 , 5693
GWK60_G00451 , 7620
GWK60_G00495 , 3910
GWK60_G00517 , 3231
GWK60_G00539 , 2033
GWK60_G00561 , 4040
GWK60_G00605 , 7
GWK60_G00649 , 883
GWK60_G00671 , 403
GWK60_G00693 , 5060
GWK60_G00715 , 3857
GWK60_G00737 , 211
GWK60_G00759 , 1956
GWK60_G00825 , 999
GWK60_G00869 , 44889
GWK60_G00891 , 2529
GWK60_G00913 , 2778
GWK60_G00935 , 822
GWK60_G00957 , 1973
GWK60_G00979 , 410
GWK60_G01023 , 4788
GWK60_G01045 , 2432
GWK60_G01067 , 268
GWK60_G01089 , 700
GWK60_G01133 , 2368
GWK60_G01155 , 10
GWK60_G01177 , 859
GWK60_G01199 , 604
GWK60_G01243 , 549
GWK60_G01287 , 1328
GWK60_G01309 , 4182
GWK60_G01331 , 98
GWK60_G01353 , 278
GWK60_G01397 , 6983
GWK60_G01419 , 1862
GWK60_G01441 , 8
GWK60_G01463 , 1222
GWK60_G01485 , 864
GWK60_G01507 , 69
GWK60_G01551 , 814
GWK60_G01573 , 1396
GWK60_G01595 , 681
GWK60_G01639 , 8
GWK60_G01771 , 7135
GWK60_G01793 , 1536
GWK60_G01837 , 294
GWK60_G01903 , 900
GWK60_G01969 , 1842
GWK60_G01991 , 1061
GWK60_G02013 , 26
GWK60_G02079 , 506
GWK60_G02123 , 688
GWK60_G02145 , 29
GWK60_G02189 , 184
GWK60_G02211 , 65
GWK60_G02233 , 1402
GWK60_G02255 , 4
GWK60_G02277 , 313
GWK60_G02299 , 1882
GWK60_G02343 , 311
GWK60_G02387 , 720
GWK60_G02409 , 2427
GWK60_G02453 , 163
GWK60_G02475 , 886
GWK60_G02519 , 158
GWK60_G02541 , 5935
GWK60_G02585 , 17528
GWK60_G02607 , 765
GWK60_G02695 , 2033
GWK60_G02739 , 168
GWK60_G02783 , 16
GWK60_G02805 , 11754
GWK60_G02915 , 255
GWK60_G03047 , 950
GWK60_G03069 , 429
GWK60_G03135 , 330
GWK60_G03157 , 1202
GWK60_G03289 , 3355
GWK60_G03311 , 859
GWK60_G03399 , 95
GWK60_G03421 , 1
GWK60_G03465 , 211
GWK60_G03487 , 252
GWK60_G03509 , 3014
GWK60_G03641 , 544
GWK60_G03685 , 579
GWK60_G03707 , 1148
GWK60_G03729 , 1349
GWK60_G03773 , 2406
GWK60_G03795 , 56
GWK60_G03817 , 4920
GWK60_G03861 , 881
GWK60_G03883 , 24
GWK60_G03971 , 490
GWK60_G03993 , 364
GWK60_G04081 , 420
GWK60_G04213 , 218
GWK60_G04257 , 1020
GWK60_G04323 , 2444
GWK60_G04367 , 567
GWK60_G04389 , 517
GWK60_G04433 , 104
GWK60_G04455 , 178
GWK60_G04477 , 25
GWK60_G04521 , 649
GWK60_G04565 , 1771
GWK60_G04587 , 264
GWK60_G04609 , 137
GWK60_G04631 , 446
GWK60_G04785 , 369
GWK60_G04961 , 1089
GWK60_G04983 , 398
GWK60_G05005 , 884
GWK60_G05027 , 799
GWK60_G05071 , 141
GWK60_G05093 , 3888
GWK60_G05137 , 150
GWK60_G05225 , 1973
GWK60_G05247 , 310
GWK60_G05313 , 86
GWK60_G05335 , 3391
GWK60_G05357 , 980
GWK60_G05401 , 422
GWK60_G05423 , 808
GWK60_G05445 , 733
GWK60_G05489 , 407
GWK60_G05511 , 6893
GWK60_G05577 , 223
GWK60_G05621 , 445
GWK60_G05665 , 366
GWK60_G05731 , 1711
GWK60_G05775 , 235
GWK60_G05841 , 836
GWK60_G05863 , 299
GWK60_G05885 , 102
GWK60_G05973 , 27
GWK60_G06127 , 1433
GWK60_G06171 , 1324
GWK60_G06193 , 1278
GWK60_G06215 , 49
GWK60_G06237 , 452
GWK60_G06281 , 540
GWK60_G06303 , 322
GWK60_G06325 , 3
GWK60_G06369 , 2362
GWK60_G06435 , 3325
GWK60_G06457 , 38
GWK60_G06567 , 305
GWK60_G06589 , 959
GWK60_G06611 , 465
GWK60_G06743 , 668
GWK60_G06853 , 7
GWK60_G06875 , 68
GWK60_G06963 , 1427
GWK60_G06985 , 28329
GWK60_G07007 , 123
GWK60_G07183 , 1318
GWK60_G07337 , 338
GWK60_G07359 , 5205
GWK60_G07381 , 505
GWK60_G07403 , 981
GWK60_G07513 , 14
GWK60_G07689 , 100
GWK60_G07733 , 834
GWK60_G07755 , 428
GWK60_G07799 , 504
GWK60_G07821 , 126
GWK60_G07865 , 382
GWK60_G07953 , 498
GWK60_G07975 , 821
GWK60_G08173 , 78
GWK60_G08239 , 123
GWK60_G08261 , 2
GWK60_G08305 , 848
GWK60_G08349 , 24
GWK60_G08393 , 2023
GWK60_G08415 , 1322
GWK60_G08437 , 1079
GWK60_G08481 , 327
GWK60_G08547 , 1620
GWK60_G08569 , 184
GWK60_G08613 , 238
GWK60_G08679 , 4
GWK60_G08701 , 193
GWK60_G08745 , 1635
GWK60_G08877 , 2122
GWK60_G08943 , 163
GWK60_G08965 , 1295
GWK60_G08987 , 69
GWK60_G09009 , 220
GWK60_G09031 , 251
GWK60_G09119 , 8
GWK60_G09163 , 815
GWK60_G09229 , 3226
GWK60_G09273 , 1181
GWK60_G09295 , 342
GWK60_G09339 , 2410
GWK60_G09361 , 10742
GWK60_G09471 , 1351
GWK60_G09625 , 451
GWK60_G09691 , 5453
GWK60_G09713 , 52
GWK60_G09779 , 887
GWK60_G09889 , 654
GWK60_G00011 , 18
GWK60_G00319 , 1183
GWK60_G00429 , 1155
GWK60_G00803 , 179
GWK60_G01111 , 8
GWK60_G01221 , 136
GWK60_G01265 , 189
GWK60_G01375 , 18
GWK60_G01661 , 1
GWK60_G01683 , 109
GWK60_G01705 , 17
GWK60_G01749 , 1
GWK60_G01881 , 860
GWK60_G01925 , 2205
GWK60_G02057 , 639
GWK60_G02629 , 39
GWK60_G02849 , 737
GWK60_G03003 , 34
GWK60_G03113 , 197
GWK60_G03355 , 12
GWK60_G03377 , 34
GWK60_G03619 , 690
GWK60_G03663 , 1049
GWK60_G03905 , 1564
GWK60_G03927 , 5
GWK60_G04147 , 871
GWK60_G04235 , 19
GWK60_G04499 , 420
GWK60_G04543 , 77
GWK60_G04873 , 4
GWK60_G05049 , 11
GWK60_G05115 , 51
GWK60_G05159 , 13
GWK60_G05291 , 455
GWK60_G05533 , 582
GWK60_G05643 , 179
GWK60_G05819 , 180
GWK60_G05907 , 1
GWK60_G05929 , 13
GWK60_G05951 , 398
GWK60_G06105 , 3
GWK60_G06413 , 1007
GWK60_G06523 , 575
GWK60_G06655 , 307
GWK60_G06941 , 800
GWK60_G07029 , 183
GWK60_G07095 , 1385
GWK60_G07227 , 386
GWK60_G07315 , 9
GWK60_G07447 , 453
GWK60_G07535 , 1
GWK60_G07843 , 387
GWK60_G07887 , 26
GWK60_G08085 , 561
GWK60_G08151 , 333
GWK60_G08327 , 36
GWK60_G08657 , 177
GWK60_G08899 , 54
GWK60_G09097 , 1
GWK60_G09185 , 5
GWK60_G09405 , 2
GWK60_G09493 , 134
GWK60_G09559 , 96
GWK60_G09581 , 31
GWK60_G09801 , 374
GWK60_G09845 , 370
GWK60_G09867 , 73
GWK60_H00121 , 23
GWK60_H00143 , 1983
GWK60_H00165 , 326
GWK60_H00187 , 35
GWK60_H00231 , 1257
GWK60_H00319 , 1212
GWK60_H00341 , 883
GWK60_H00385 , 1279
GWK60_H00429 , 232
GWK60_H00495 , 8360
GWK60_H00539 , 14902
GWK60_H00561 , 349
GWK60_H00627 , 443
GWK60_H00671 , 106
GWK60_H00715 , 244
GWK60_H00737 , 1966
GWK60_H00781 , 562
GWK60_H00847 , 364
GWK60_H00913 , 1091
GWK60_H00935 , 99
GWK60_H00957 , 795
GWK60_H00979 , 1222
GWK60_H01023 , 3442
GWK60_H01067 , 17
GWK60_H01089 , 630
GWK60_H01111 , 302
GWK60_H01133 , 2
GWK60_H01243 , 17
GWK60_H01287 , 322
GWK60_H01309 , 55
GWK60_H01419 , 1633
GWK60_H01485 , 515
GWK60_H01507 , 602
GWK60_H01529 , 212
GWK60_H01551 , 693
GWK60_H01595 , 1040
GWK60_H01617 , 323
GWK60_H01639 , 1987
GWK60_H01749 , 3196
GWK60_H01881 , 164
GWK60_H01903 , 1039
GWK60_H02035 , 1122
GWK60_H02057 , 1723
GWK60_H02101 , 408
GWK60_H02145 , 1454
GWK60_H02167 , 1819
GWK60_H02277 , 661
GWK60_H02321 , 8211
GWK60_H02387 , 536
GWK60_H02453 , 495
GWK60_H02519 , 1540
GWK60_H02629 , 888
GWK60_H02673 , 771
GWK60_H02783 , 31
GWK60_H02827 , 4
GWK60_H02893 , 465
GWK60_H03047 , 442
GWK60_H03091 , 1043
GWK60_H03113 , 67
GWK60_H03135 , 314
GWK60_H03157 , 158
GWK60_H03179 , 10
GWK60_H03201 , 807
GWK60_H03245 , 3244
GWK60_H03377 , 946
GWK60_H03399 , 73
GWK60_H03421 , 173
GWK60_H03443 , 238
GWK60_H03487 , 48
GWK60_H03531 , 4319
GWK60_H03575 , 407
GWK60_H03641 , 390
GWK60_H03685 , 491
GWK60_H03707 , 229
GWK60_H03795 , 992
GWK60_H03839 , 676
GWK60_H03861 , 3765
GWK60_H03905 , 188
GWK60_H03927 , 542
GWK60_H03949 , 5624
GWK60_H03971 , 286
GWK60_H04015 , 2714
GWK60_H04037 , 475
GWK60_H04213 , 11
GWK60_H04257 , 1233
GWK60_H04345 , 86
GWK60_H04367 , 1895
GWK60_H04433 , 2249
GWK60_H04499 , 40
GWK60_H04521 , 610
GWK60_H04741 , 623
GWK60_H04763 , 1692
GWK60_H04785 , 464
GWK60_H04829 , 41
GWK60_H04851 , 1522
GWK60_H04917 , 19
GWK60_H05049 , 522
GWK60_H05137 , 372
GWK60_H05159 , 718
GWK60_H05247 , 2854
GWK60_H05269 , 997
GWK60_H05291 , 571
GWK60_H05423 , 1018
GWK60_H05445 , 188
GWK60_H05511 , 398
GWK60_H05533 , 50
GWK60_H05577 , 2687
GWK60_H05599 , 1846
GWK60_H05665 , 305
GWK60_H05709 , 23
GWK60_H05731 , 365
GWK60_H05753 , 116
GWK60_H05841 , 581
GWK60_H05863 , 42
GWK60_H05885 , 5
GWK60_H05929 , 384
GWK60_H05951 , 1059
GWK60_H05973 , 1103
GWK60_H05995 , 113
GWK60_H06105 , 779
GWK60_H06127 , 7
GWK60_H06149 , 76
GWK60_H06171 , 1391
GWK60_H06193 , 273
GWK60_H06215 , 315
GWK60_H06237 , 316
GWK60_H06281 , 246
GWK60_H06325 , 511
GWK60_H06347 , 6364
GWK60_H06369 , 2531
GWK60_H06435 , 1680
GWK60_H06523 , 2527
GWK60_H06545 , 100
GWK60_H06567 , 3082
GWK60_H06611 , 3704
GWK60_H06633 , 1350
GWK60_H06655 , 385
GWK60_H06677 , 1715
GWK60_H06699 , 4
GWK60_H06721 , 2229
GWK60_H06743 , 1500
GWK60_H06787 , 652
GWK60_H06809 , 683
GWK60_H06831 , 181
GWK60_H06897 , 553
GWK60_H06919 , 352
GWK60_H07029 , 1005
GWK60_H07073 , 669
GWK60_H07139 , 675
GWK60_H07271 , 383
GWK60_H07315 , 572
GWK60_H07337 , 2164
GWK60_H07359 , 2048
GWK60_H07469 , 423
GWK60_H07535 , 1995
GWK60_H07557 , 2119
GWK60_H07645 , 585
GWK60_H07689 , 208
GWK60_H07711 , 273
GWK60_H07733 , 1681
GWK60_H07755 , 50
GWK60_H07821 , 719
GWK60_H07843 , 2413
GWK60_H07865 , 1440
GWK60_H07931 , 658
GWK60_H07953 , 327
GWK60_H07975 , 2529
GWK60_H08041 , 1070
GWK60_H08063 , 3
GWK60_H08085 , 400
GWK60_H08107 , 81
GWK60_H08129 , 2727
GWK60_H08151 , 18589
GWK60_H08195 , 365
GWK60_H08217 , 1399
GWK60_H08261 , 1683
GWK60_H08305 , 1418
GWK60_H08349 , 3299
GWK60_H08393 , 247
GWK60_H08437 , 273
GWK60_H08459 , 1682
GWK60_H08525 , 3683
GWK60_H08547 , 897
GWK60_H08635 , 794
GWK60_H08657 , 359
GWK60_H08679 , 917
GWK60_H08723 , 785
GWK60_H08745 , 1874
GWK60_H08789 , 1839
GWK60_H08811 , 3808
GWK60_H08833 , 3813
GWK60_H08855 , 1292
GWK60_H08877 , 403
GWK60_H08921 , 2855
GWK60_H08965 , 984
GWK60_H08987 , 257
GWK60_H09009 , 309
GWK60_H09031 , 8
GWK60_H09075 , 2528
GWK60_H09097 , 3039
GWK60_H09119 , 45628
GWK60_H09141 , 6759
GWK60_H09185 , 1930
GWK60_H09207 , 845
GWK60_H09229 , 3058
GWK60_H09251 , 77
GWK60_H09273 , 583
GWK60_H09295 , 694
GWK60_H09317 , 11025
GWK60_H09339 , 30
GWK60_H09361 , 4628
GWK60_H09383 , 318
GWK60_H09427 , 4068
GWK60_H09537 , 693
GWK60_H09581 , 2379
GWK60_H09603 , 2458
GWK60_H09647 , 3835
GWK60_H09669 , 703
GWK60_H09691 , 758
GWK60_H09713 , 4744
GWK60_H09735 , 2018
GWK60_H09757 , 11513
GWK60_H09779 , 246
GWK60_H09801 , 581
GWK60_H09823 , 1
GWK60_H09845 , 1099
GWK60_H09867 , 935
GWK60_H09889 , 628
GWK60_H09911 , 2450
GWK60_H09955 , 7129
GWK60_H09977 , 3124
GWK60_H09999 , 10011
GWK60_H10021 , 2012
GWK60_H10043 , 106
GWK60_H10065 , 1826
GWK60_H10087 , 2487
GWK60_H10131 , 2409
GWK60_H10175 , 1548
GWK60_H10219 , 1372
GWK60_H10241 , 2547
GWK60_H10263 , 1342
GWK60_H10329 , 84
GWK60_H10373 , 3536
GWK60_H10395 , 1285
GWK60_H10417 , 2460
GWK60_H10439 , 1771
GWK60_H10483 , 4236
GWK60_H10505 , 2541
GWK60_H10527 , 920
GWK60_H10549 , 170
GWK60_H10571 , 367
GWK60_H00099 , 108
GWK60_H00209 , 1
GWK60_H00583 , 1704
GWK60_H00825 , 17
GWK60_H00891 , 141
GWK60_H01001 , 349
GWK60_H01155 , 165
GWK60_H01177 , 24
GWK60_H01661 , 12
GWK60_H02013 , 176
GWK60_H02211 , 777
GWK60_H02233 , 38
GWK60_H02299 , 752
GWK60_H02343 , 292
GWK60_H02475 , 1
GWK60_H02497 , 349
GWK60_H03355 , 190
GWK60_H03751 , 422
GWK60_H04191 , 226
GWK60_H04279 , 463
GWK60_H04323 , 115
GWK60_H04389 , 1027
GWK60_H04477 , 211
GWK60_H04675 , 676
GWK60_H04719 , 538
GWK60_H04807 , 113
GWK60_H04895 , 308
GWK60_H04961 , 296
GWK60_H05071 , 121
GWK60_H05225 , 12
GWK60_H05335 , 152
GWK60_H05555 , 669
GWK60_H05621 , 17
GWK60_H05797 , 1324
GWK60_H05907 , 5
GWK60_H06083 , 919
GWK60_H06259 , 414
GWK60_H06391 , 30
GWK60_H06457 , 10
GWK60_H06589 , 45
GWK60_H06985 , 541
GWK60_H07007 , 370
GWK60_H07095 , 7
GWK60_H07293 , 14
GWK60_H07381 , 1065
GWK60_H07623 , 355
GWK60_H07997 , 58
GWK60_H08019 , 190
GWK60_H08415 , 814
GWK60_H08591 , 44
GWK60_H08613 , 409
GWK60_H08767 , 4
GWK60_H09053 , 1200
GWK60_H09493 , 691
GWK60_H09559 , 640
GWK60_H09933 , 896
GWK60_H10109 , 1660
GWK60_I00077 , 70
GWK60_I00099 , 11
GWK60_I00121 , 6
GWK60_I00165 , 3487
GWK60_I00209 , 3222
GWK60_I00231 , 208
GWK60_I00275 , 870
GWK60_I00297 , 3011
GWK60_I00341 , 3904
GWK60_I00363 , 878
GWK60_I00385 , 64
GWK60_I00407 , 2260
GWK60_I00429 , 1524
GWK60_I00495 , 1666
GWK60_I00539 , 905
GWK60_I00561 , 117
GWK60_I00583 , 359
GWK60_I00627 , 91
GWK60_I00715 , 1371
GWK60_I00825 , 436
GWK60_I00913 , 450
GWK60_I00935 , 1801
GWK60_I00957 , 202
GWK60_I01045 , 232
GWK60_I01067 , 1385
GWK60_I01089 , 515
GWK60_I01111 , 693
GWK60_I01133 , 3162
GWK60_I01221 , 1559
GWK60_I01243 , 60
GWK60_I01309 , 5746
GWK60_I01331 , 4950
GWK60_I01375 , 1306
GWK60_I01419 , 1667
GWK60_I01485 , 9857
GWK60_I01507 , 3704
GWK60_I01551 , 1976
GWK60_I01573 , 196
GWK60_I01661 , 210
GWK60_I01705 , 319
GWK60_I01771 , 5
GWK60_I01793 , 421
GWK60_I01815 , 1174
GWK60_I01925 , 163
GWK60_I01969 , 595
GWK60_I01991 , 614
GWK60_I02035 , 93
GWK60_I02123 , 59
GWK60_I02145 , 876
GWK60_I02189 , 120
GWK60_I02299 , 2102
GWK60_I02321 , 1824
GWK60_I02343 , 2534
GWK60_I02365 , 978
GWK60_I02431 , 713
GWK60_I02453 , 545
GWK60_I02475 , 6
GWK60_I02519 , 10307
GWK60_I02541 , 3574
GWK60_I02563 , 477
GWK60_I02629 , 3695
GWK60_I02651 , 2430
GWK60_I02673 , 432
GWK60_I02695 , 2911
GWK60_I02717 , 1457
GWK60_I02739 , 4130
GWK60_I02761 , 842
GWK60_I02805 , 2
GWK60_I02849 , 19
GWK60_I02871 , 406
GWK60_I02893 , 718
GWK60_I02915 , 1527
GWK60_I02937 , 2107
GWK60_I02981 , 1157
GWK60_I03003 , 514
GWK60_I03025 , 1346
GWK60_I03091 , 2305
GWK60_I03113 , 605
GWK60_I03179 , 2194
GWK60_I03201 , 497
GWK60_I03223 , 206
GWK60_I03245 , 1229
GWK60_I03267 , 618
GWK60_I03289 , 1
GWK60_I03311 , 1603
GWK60_I03355 , 9242
GWK60_I03377 , 1324
GWK60_I03399 , 16927
GWK60_I03421 , 611
GWK60_I03443 , 2278
GWK60_I03465 , 2
GWK60_I03531 , 4329
GWK60_I03553 , 770
GWK60_I03575 , 1436
GWK60_I03597 , 9479
GWK60_I03619 , 4088
GWK60_I03641 , 19632
GWK60_I03663 , 801
GWK60_I03685 , 203
GWK60_I03707 , 2793
GWK60_I03751 , 613
GWK60_I03795 , 1698
GWK60_I03839 , 989
GWK60_I03883 , 239
GWK60_I03905 , 4203
GWK60_I03927 , 2819
GWK60_I03971 , 161
GWK60_I03993 , 1517
GWK60_I04037 , 1552
GWK60_I04103 , 6615
GWK60_I04125 , 14
GWK60_I04169 , 61
GWK60_I04235 , 4309
GWK60_I04257 , 105
GWK60_I04279 , 1227
GWK60_I04301 , 33
GWK60_I04411 , 375
GWK60_I04433 , 625
GWK60_I04455 , 2825
GWK60_I04499 , 6375
GWK60_I04587 , 2365
GWK60_I04609 , 1517
GWK60_I04631 , 523
GWK60_I04697 , 478
GWK60_I04719 , 11
GWK60_I04741 , 602
GWK60_I04785 , 3530
GWK60_I04807 , 158
GWK60_I04895 , 436
GWK60_I04939 , 721
GWK60_I04961 , 1588
GWK60_I04983 , 3629
GWK60_I05005 , 1663
GWK60_I05027 , 578
GWK60_I05093 , 3032
GWK60_I05115 , 12
GWK60_I05137 , 1206
GWK60_I05225 , 4892
GWK60_I05269 , 571
GWK60_I05313 , 339
GWK60_I05335 , 503
GWK60_I05357 , 594
GWK60_I05379 , 5026
GWK60_I05423 , 304
GWK60_I05489 , 2031
GWK60_I05511 , 1036
GWK60_I05555 , 2357
GWK60_I05599 , 10726
GWK60_I05621 , 4516
GWK60_I05643 , 773
GWK60_I05665 , 1966
GWK60_I05709 , 855
GWK60_I05797 , 1359
GWK60_I05819 , 1368
GWK60_I05863 , 1433
GWK60_I05885 , 45
GWK60_I05907 , 2400
GWK60_I05929 , 3607
GWK60_I05951 , 459
GWK60_I06017 , 704
GWK60_I06039 , 215
GWK60_I06061 , 476
GWK60_I06149 , 4
GWK60_I06171 , 2134
GWK60_I06215 , 1564
GWK60_I06259 , 376
GWK60_I06303 , 1690
GWK60_I06325 , 838
GWK60_I06369 , 549
GWK60_I06391 , 304
GWK60_I06413 , 774
GWK60_I00033 , 15
GWK60_I00055 , 1128
GWK60_I00143 , 16
GWK60_I00187 , 26
GWK60_I00473 , 436
GWK60_I00605 , 2
GWK60_I00649 , 123
GWK60_I01177 , 608
GWK60_I01199 , 483
GWK60_I01265 , 36
GWK60_I01287 , 769
GWK60_I01397 , 18
GWK60_I01441 , 1056
GWK60_I01529 , 3
GWK60_I01595 , 905
GWK60_I01617 , 742
GWK60_I01639 , 261
GWK60_I01683 , 409
GWK60_I01749 , 681
GWK60_I01837 , 109
GWK60_I01903 , 423
GWK60_I02057 , 493
GWK60_I02079 , 220
GWK60_I02233 , 958
GWK60_I02387 , 9
GWK60_I02497 , 66
GWK60_I02783 , 97
GWK60_I03157 , 523
GWK60_I04059 , 1038
GWK60_I04081 , 2874
GWK60_I04213 , 117
GWK60_I04323 , 6
GWK60_I04477 , 96
GWK60_I04675 , 265
GWK60_I04763 , 58
GWK60_I04917 , 316
GWK60_I05049 , 4
GWK60_I05181 , 278
GWK60_I05203 , 712
GWK60_I05247 , 735
GWK60_I05291 , 38
GWK60_I05467 , 107
GWK60_I05687 , 135
GWK60_I05731 , 7
GWK60_I05775 , 11
GWK60_I06193 , 251
GWK60_J00077 , 706
GWK60_J00143 , 2222
GWK60_J00165 , 650
GWK60_J00209 , 6
GWK60_J00253 , 1702
GWK60_J00297 , 1608
GWK60_J00341 , 751
GWK60_J00385 , 1769
GWK60_J00407 , 360
GWK60_J00429 , 2035
GWK60_J00451 , 63
GWK60_J00473 , 1240
GWK60_J00583 , 529
GWK60_J00649 , 109
GWK60_J00693 , 9617
GWK60_J00715 , 3614
GWK60_J00737 , 30671
GWK60_J00913 , 102
GWK60_J01023 , 777
GWK60_J01067 , 2787
GWK60_J01111 , 2319
GWK60_J01199 , 5170
GWK60_J01243 , 141
GWK60_J01265 , 3032
GWK60_J01287 , 940
GWK60_J01309 , 1984
GWK60_J01331 , 1644
GWK60_J01353 , 5693
GWK60_J01375 , 961
GWK60_J01397 , 12790
GWK60_J01419 , 295
GWK60_J01441 , 1717
GWK60_J01463 , 6
GWK60_J01507 , 426
GWK60_J01529 , 752
GWK60_J01551 , 315
GWK60_J01595 , 6586
GWK60_J01617 , 294
GWK60_J01639 , 41512
GWK60_J01661 , 883
GWK60_J01727 , 11101
GWK60_J01771 , 1
GWK60_J01793 , 1190
GWK60_J01815 , 3252
GWK60_J01837 , 3851
GWK60_J01859 , 599
GWK60_J01881 , 2836
GWK60_J01925 , 4076
GWK60_J01969 , 112
GWK60_J01991 , 12197
GWK60_J02013 , 15395
GWK60_J02035 , 6335
GWK60_J02057 , 30
GWK60_J02101 , 2844
GWK60_J02123 , 3153
GWK60_J02145 , 3401
GWK60_J02189 , 5090
GWK60_J02211 , 1992
GWK60_J02233 , 2041
GWK60_J02277 , 76
GWK60_J02299 , 946
GWK60_J02321 , 5251
GWK60_J02343 , 1976
GWK60_J02365 , 5397
GWK60_J02387 , 7519
GWK60_J02409 , 342
GWK60_J02475 , 117
GWK60_J02541 , 1908
GWK60_J02563 , 1508
GWK60_J02629 , 3852
GWK60_J02673 , 3558
GWK60_J02695 , 1
GWK60_J02717 , 6883
GWK60_J02739 , 4552
GWK60_J02761 , 7312
GWK60_J02783 , 60
GWK60_J02805 , 641
GWK60_J02827 , 875
GWK60_J02849 , 6723
GWK60_J02871 , 3582
GWK60_J02893 , 59
GWK60_J02915 , 1016
GWK60_J03003 , 357
GWK60_J03069 , 889
GWK60_J03091 , 3688
GWK60_J03135 , 487
GWK60_J03245 , 1023
GWK60_J03267 , 686
GWK60_J03355 , 643
GWK60_J03377 , 1213
GWK60_J03399 , 905
GWK60_J03421 , 3742
GWK60_J03619 , 623
GWK60_J03663 , 1580
GWK60_J03685 , 3603
GWK60_J03729 , 771
GWK60_J03751 , 17
GWK60_J03773 , 1765
GWK60_J03817 , 17
GWK60_J03839 , 893
GWK60_J03861 , 491
GWK60_J03905 , 1263
GWK60_J03949 , 463
GWK60_J03993 , 748
GWK60_J04015 , 770
GWK60_J04037 , 906
GWK60_J04059 , 405
GWK60_J04081 , 2140
GWK60_J04125 , 754
GWK60_J04147 , 725
GWK60_J04257 , 81
GWK60_J04279 , 220
GWK60_J04323 , 168
GWK60_J04345 , 960
GWK60_J04367 , 548
GWK60_J04389 , 1132
GWK60_J04411 , 791
GWK60_J04455 , 1040
GWK60_J04521 , 71
GWK60_J04609 , 112
GWK60_J04653 , 117
GWK60_J04675 , 47
GWK60_J04697 , 775
GWK60_J04785 , 1
GWK60_J04807 , 397
GWK60_J04851 , 158
GWK60_J04873 , 656
GWK60_J04895 , 242
GWK60_J04917 , 202
GWK60_J04939 , 1028
GWK60_J04961 , 2268
GWK60_J05005 , 364
GWK60_J05071 , 1
GWK60_J05093 , 2065
GWK60_J05115 , 721
GWK60_J05291 , 761
GWK60_J05379 , 17
GWK60_J05533 , 264
GWK60_J05599 , 924
GWK60_J05621 , 2457
GWK60_J05643 , 2369
GWK60_J05709 , 693
GWK60_J05731 , 167
GWK60_J05753 , 753
GWK60_J05775 , 1042
GWK60_J05819 , 749
GWK60_J05841 , 1097
GWK60_J05995 , 885
GWK60_J06017 , 192
GWK60_J06083 , 80
GWK60_J06171 , 525
GWK60_J06237 , 2106
GWK60_J06303 , 1177
GWK60_J06325 , 12
GWK60_J06347 , 109
GWK60_J06391 , 441
GWK60_J06435 , 1
GWK60_J06457 , 247
GWK60_J06523 , 1508
GWK60_J06567 , 414
GWK60_J06655 , 621
GWK60_J06721 , 834
GWK60_J06743 , 669
GWK60_J06853 , 1830
GWK60_J06875 , 1659
GWK60_J06919 , 111
GWK60_J06963 , 144
GWK60_J06985 , 556
GWK60_J07051 , 208
GWK60_J07117 , 1356
GWK60_J07161 , 920
GWK60_J07315 , 345
GWK60_J07337 , 1692
GWK60_J07359 , 560
GWK60_J07381 , 763
GWK60_J07403 , 1302
GWK60_J07491 , 698
GWK60_J07623 , 169
GWK60_J07777 , 838
GWK60_J07799 , 123
GWK60_J07821 , 1142
GWK60_J08019 , 3067
GWK60_J08041 , 128
GWK60_J08063 , 86
GWK60_J08085 , 240
GWK60_J08129 , 11
GWK60_J08173 , 2945
GWK60_J08195 , 1166
GWK60_J08217 , 4097
GWK60_J08261 , 15
GWK60_J08283 , 409
GWK60_J08305 , 714
GWK60_J08327 , 342
GWK60_J08349 , 528
GWK60_J08371 , 860
GWK60_J08415 , 2011
GWK60_J08437 , 3216
GWK60_J08481 , 380
GWK60_J08525 , 825
GWK60_J08547 , 1897
GWK60_J08569 , 432
GWK60_J08591 , 631
GWK60_J08613 , 429
GWK60_J08635 , 598
GWK60_J08679 , 138
GWK60_J08921 , 7
GWK60_J08943 , 143
GWK60_J08987 , 4006
GWK60_J09009 , 880
GWK60_J09031 , 1030
GWK60_J09053 , 1661
GWK60_J09097 , 2329
GWK60_J09119 , 822
GWK60_J09141 , 2089
GWK60_J09207 , 386
GWK60_J09229 , 466
GWK60_J09273 , 51
GWK60_J09317 , 299
GWK60_J09471 , 112
GWK60_J09515 , 8142
GWK60_J09603 , 50
GWK60_J09757 , 553
GWK60_J09801 , 3654
GWK60_J09889 , 782
GWK60_J09977 , 662
GWK60_J10087 , 129
GWK60_J10131 , 1886
GWK60_J10153 , 575
GWK60_J10175 , 1988
GWK60_J10241 , 510
GWK60_J10263 , 2471
GWK60_J10285 , 1351
GWK60_J10351 , 666
GWK60_J10395 , 540
GWK60_J10439 , 820
GWK60_J10461 , 527
GWK60_J10549 , 124
GWK60_J10571 , 1304
GWK60_J10637 , 14
GWK60_J10659 , 1003
GWK60_J10769 , 376
GWK60_J10791 , 272
GWK60_J10835 , 582
GWK60_J10945 , 197
GWK60_J10967 , 504
GWK60_J11033 , 290
GWK60_J11077 , 421
GWK60_J11099 , 832
GWK60_J11143 , 111
GWK60_J11165 , 3622
GWK60_J11187 , 1355
GWK60_J11275 , 562
GWK60_J11319 , 915
GWK60_J11341 , 1468
GWK60_J11385 , 164
GWK60_J11517 , 161
GWK60_J11539 , 43
GWK60_J11561 , 1379
GWK60_J11693 , 892
GWK60_J11737 , 1940
GWK60_J00121 , 323
GWK60_J00363 , 317
GWK60_J00605 , 863
GWK60_J00671 , 37
GWK60_J00781 , 107
GWK60_J00935 , 1088
GWK60_J01001 , 3
GWK60_J01133 , 1
GWK60_J01485 , 2618
GWK60_J01573 , 234
GWK60_J01749 , 1428
GWK60_J02431 , 29
GWK60_J02497 , 597
GWK60_J02519 , 272
GWK60_J02585 , 462
GWK60_J03113 , 527
GWK60_J03201 , 6
GWK60_J03289 , 39
GWK60_J03333 , 42
GWK60_J03443 , 611
GWK60_J03487 , 424
GWK60_J03553 , 25
GWK60_J03795 , 646
GWK60_J03927 , 770
GWK60_J03971 , 1
GWK60_J04169 , 417
GWK60_J04433 , 77
GWK60_J04477 , 310
GWK60_J04631 , 1111
GWK60_J04763 , 13
GWK60_J05049 , 627
GWK60_J05203 , 98
GWK60_J05313 , 241
GWK60_J05357 , 229
GWK60_J05423 , 6
GWK60_J05489 , 29
GWK60_J05555 , 9
GWK60_J05577 , 573
GWK60_J05885 , 760
GWK60_J05951 , 713
GWK60_J06061 , 131
GWK60_J06149 , 128
GWK60_J06193 , 186
GWK60_J06369 , 451
GWK60_J06479 , 259
GWK60_J06545 , 32
GWK60_J06611 , 250
GWK60_J06831 , 39
GWK60_J06897 , 323
GWK60_J07007 , 661
GWK60_J07029 , 8
GWK60_J07095 , 215
GWK60_J07139 , 9
GWK60_J07249 , 19
GWK60_J07689 , 151
GWK60_J07931 , 180
GWK60_J08107 , 89
GWK60_J08151 , 1114
GWK60_J08833 , 389
GWK60_J08855 , 2231
GWK60_J09163 , 262
GWK60_J09295 , 1
GWK60_J09383 , 292
GWK60_J09405 , 35
GWK60_J09647 , 563
GWK60_J09691 , 227
GWK60_J09713 , 172
GWK60_J09911 , 749
GWK60_J09999 , 2
GWK60_J10021 , 506
GWK60_J10109 , 1110
GWK60_J10219 , 342
GWK60_J10681 , 342
GWK60_J10813 , 55
GWK60_J10879 , 90
GWK60_J10901 , 896
GWK60_J11231 , 653
GWK60_J11407 , 75
GWK60_J11583 , 126
GWK60_K00077 , 919
GWK60_K00099 , 502
GWK60_K00121 , 1315
GWK60_K00209 , 1402
GWK60_K00231 , 904
GWK60_K00253 , 737
GWK60_K00275 , 579
GWK60_K00319 , 894
GWK60_K00341 , 245
GWK60_K00385 , 630
GWK60_K00429 , 2116
GWK60_K00473 , 707
GWK60_K00495 , 381
GWK60_K00517 , 11129
GWK60_K00539 , 620
GWK60_K00561 , 1330
GWK60_K00627 , 1518
GWK60_K00671 , 1970
GWK60_K00693 , 52
GWK60_K00715 , 246
GWK60_K00759 , 1376
GWK60_K00781 , 989
GWK60_K00825 , 596
GWK60_K00869 , 691
GWK60_K00979 , 880
GWK60_K01001 , 2
GWK60_K01023 , 112
GWK60_K01045 , 433
GWK60_K01067 , 5215
GWK60_K01089 , 55
GWK60_K01177 , 444
GWK60_K01199 , 746
GWK60_K01221 , 25
GWK60_K01309 , 436
GWK60_K01331 , 638
GWK60_K01353 , 757
GWK60_K01375 , 1119
GWK60_K01485 , 994
GWK60_K01507 , 3542
GWK60_K01529 , 4566
GWK60_K01573 , 874
GWK60_K01595 , 4000
GWK60_K01617 , 153
GWK60_K01727 , 948
GWK60_K01749 , 477
GWK60_K01793 , 457
GWK60_K01815 , 145
GWK60_K01859 , 1312
GWK60_K01881 , 2173
GWK60_K01947 , 3286
GWK60_K01991 , 418
GWK60_K02013 , 3326
GWK60_K02123 , 1477
GWK60_K02145 , 8474
GWK60_K02167 , 90
GWK60_K02189 , 1748
GWK60_K02211 , 325
GWK60_K02255 , 266
GWK60_K02299 , 483
GWK60_K02321 , 515
GWK60_K02365 , 4258
GWK60_K02409 , 141
GWK60_K02431 , 605
GWK60_K02475 , 21699
GWK60_K02497 , 2503
GWK60_K02519 , 2585
GWK60_K02541 , 3574
GWK60_K02563 , 2163
GWK60_K02585 , 171
GWK60_K02607 , 2185
GWK60_K02629 , 2335
GWK60_K02673 , 6234
GWK60_K02695 , 1143
GWK60_K02717 , 1680
GWK60_K02739 , 4273
GWK60_K02761 , 2984
GWK60_K02783 , 1950
GWK60_K02805 , 1294
GWK60_K02827 , 883
GWK60_K02849 , 979
GWK60_K02871 , 493
GWK60_K02915 , 1372
GWK60_K02937 , 28
GWK60_K02959 , 2653
GWK60_K02981 , 8
GWK60_K03003 , 1124
GWK60_K03025 , 1877
GWK60_K03047 , 1018
GWK60_K03069 , 1574
GWK60_K03091 , 2902
GWK60_K03135 , 221
GWK60_K03179 , 940
GWK60_K03201 , 911
GWK60_K03223 , 821
GWK60_K03267 , 558
GWK60_K03289 , 7074
GWK60_K03311 , 1260
GWK60_K03355 , 642
GWK60_K03377 , 1949
GWK60_K03399 , 73
GWK60_K03465 , 831
GWK60_K03509 , 3950
GWK60_K03531 , 920
GWK60_K03553 , 3002
GWK60_K03575 , 3547
GWK60_K03641 , 1052
GWK60_K03685 , 1409
GWK60_K03707 , 637
GWK60_K03751 , 426
GWK60_K03773 , 17
GWK60_K03839 , 1714
GWK60_K03883 , 469
GWK60_K03905 , 4538
GWK60_K03971 , 149
GWK60_K04015 , 1646
GWK60_K04037 , 2130
GWK60_K04059 , 1029
GWK60_K04081 , 212
GWK60_K04103 , 1482
GWK60_K04125 , 1608
GWK60_K04169 , 1867
GWK60_K04191 , 1571
GWK60_K04213 , 873
GWK60_K04235 , 1496
GWK60_K04279 , 588
GWK60_K04367 , 1219
GWK60_K04389 , 1643
GWK60_K04411 , 703
GWK60_K04499 , 8896
GWK60_K04521 , 631
GWK60_K04543 , 969
GWK60_K04609 , 969
GWK60_K04631 , 518
GWK60_K04697 , 308
GWK60_K04719 , 1781
GWK60_K04741 , 1
GWK60_K04785 , 8
GWK60_K04851 , 1623
GWK60_K04939 , 461
GWK60_K04983 , 1778
GWK60_K05027 , 9
GWK60_K05049 , 993
GWK60_K05071 , 408
GWK60_K05115 , 1471
GWK60_K05247 , 1490
GWK60_K05269 , 829
GWK60_K05291 , 65
GWK60_K05357 , 348
GWK60_K05401 , 26
GWK60_K05445 , 167
GWK60_K05467 , 812
GWK60_K05489 , 177
GWK60_K05511 , 724
GWK60_K05533 , 11
GWK60_K05599 , 1197
GWK60_K05665 , 32
GWK60_K05687 , 523
GWK60_K05709 , 511
GWK60_K05775 , 563
GWK60_K05819 , 688
GWK60_K05863 , 219
GWK60_K05885 , 3
GWK60_K05951 , 1144
GWK60_K05995 , 1225
GWK60_K06083 , 33
GWK60_K06127 , 145
GWK60_K06149 , 236
GWK60_K06171 , 769
GWK60_K06259 , 421
GWK60_K06303 , 101
GWK60_K06325 , 413
GWK60_K06501 , 1924
GWK60_K06567 , 177
GWK60_K06589 , 268
GWK60_K06633 , 287
GWK60_K06655 , 287
GWK60_K06677 , 13
GWK60_K06743 , 1132
GWK60_K06765 , 10
GWK60_K06787 , 91
GWK60_K06853 , 462
GWK60_K06919 , 264
GWK60_K07095 , 3
GWK60_K07117 , 2124
GWK60_K07139 , 693
GWK60_K07183 , 486
GWK60_K07205 , 1080
GWK60_K07271 , 159
GWK60_K07293 , 359
GWK60_K07315 , 1868
GWK60_K07337 , 2252
GWK60_K07403 , 300
GWK60_K07513 , 1081
GWK60_K07557 , 2587
GWK60_K07579 , 454
GWK60_K07601 , 1391
GWK60_K07623 , 1515
GWK60_K07689 , 3093
GWK60_K07755 , 328
GWK60_K07799 , 1007
GWK60_K07821 , 1069
GWK60_K07843 , 718
GWK60_K07865 , 131
GWK60_K07975 , 799
GWK60_K07997 , 316
GWK60_K08019 , 8
GWK60_K08041 , 491
GWK60_K08063 , 155
GWK60_K08085 , 915
GWK60_K08129 , 1
GWK60_K08151 , 140
GWK60_K08173 , 3
GWK60_K08239 , 274
GWK60_K08283 , 379
GWK60_K08327 , 1079
GWK60_K08349 , 313
GWK60_K08393 , 45
GWK60_K08437 , 778
GWK60_K08459 , 1593
GWK60_K08525 , 961
GWK60_K08547 , 924
GWK60_K08569 , 498
GWK60_K08591 , 166
GWK60_K08613 , 223
GWK60_K08635 , 557
GWK60_K08657 , 69
GWK60_K08701 , 717
GWK60_K08745 , 222
GWK60_K08877 , 207
GWK60_K09009 , 813
GWK60_K09031 , 620
GWK60_K09075 , 892
GWK60_K09141 , 64
GWK60_K09251 , 1209
GWK60_K09449 , 818
GWK60_K09471 , 520
GWK60_K09515 , 229
GWK60_K09625 , 100
GWK60_K09647 , 301
GWK60_K09669 , 553
GWK60_K09691 , 3110
GWK60_K09735 , 1136
GWK60_K09933 , 710
GWK60_K09977 , 1185
GWK60_K10087 , 656
GWK60_K10109 , 1132
GWK60_K10131 , 2523
GWK60_K10175 , 1
GWK60_K10219 , 10
GWK60_K10263 , 928
GWK60_K10285 , 7
GWK60_K10307 , 28
GWK60_K10351 , 740
GWK60_K10373 , 116
GWK60_K10395 , 5935
GWK60_K10417 , 1089
GWK60_K10439 , 94
GWK60_K10483 , 42
GWK60_K10505 , 554
GWK60_K10549 , 10708
GWK60_K10571 , 1306
GWK60_K10593 , 1775
GWK60_K10615 , 1553
GWK60_K10637 , 760
GWK60_K10659 , 342
GWK60_K10703 , 4
GWK60_K10725 , 1168
GWK60_K10769 , 488
GWK60_K10813 , 619
GWK60_K10901 , 1045
GWK60_K11055 , 399
GWK60_K11187 , 18
GWK60_K11231 , 112
GWK60_K11385 , 810
GWK60_K11407 , 1636
GWK60_K11429 , 299
GWK60_K11495 , 64
GWK60_K11517 , 8
GWK60_K11583 , 197
GWK60_K11605 , 1286
GWK60_K11627 , 624
GWK60_K11649 , 3506
GWK60_K11671 , 2940
GWK60_K11693 , 420
GWK60_K11715 , 496
GWK60_K11803 , 415
GWK60_K11891 , 431
GWK60_K11935 , 254
GWK60_K11957 , 80
GWK60_K12023 , 350
GWK60_K12089 , 14
GWK60_K12133 , 141
GWK60_K12155 , 419
GWK60_K12221 , 69
GWK60_K12265 , 418
GWK60_K12309 , 1218
GWK60_K12485 , 1832
GWK60_K12507 , 1290
GWK60_K12639 , 644
GWK60_K12705 , 251
GWK60_K12727 , 809
GWK60_K12749 , 2985
GWK60_K12771 , 566
GWK60_K00187 , 662
GWK60_K00297 , 325
GWK60_K00803 , 528
GWK60_K00957 , 160
GWK60_K01155 , 592
GWK60_K01265 , 466
GWK60_K01551 , 716
GWK60_K01639 , 1339
GWK60_K01837 , 1720
GWK60_K01903 , 225
GWK60_K01925 , 2
GWK60_K02277 , 145
GWK60_K02651 , 224
GWK60_K02893 , 281
GWK60_K03157 , 11
GWK60_K03333 , 1032
GWK60_K03487 , 139
GWK60_K03619 , 219
GWK60_K03729 , 14
GWK60_K03795 , 5
GWK60_K03817 , 29
GWK60_K04147 , 23
GWK60_K04323 , 194
GWK60_K04433 , 256
GWK60_K04455 , 380
GWK60_K04653 , 489
GWK60_K04763 , 88
GWK60_K04829 , 713
GWK60_K04873 , 285
GWK60_K05005 , 51
GWK60_K05093 , 258
GWK60_K05159 , 190
GWK60_K05203 , 53
GWK60_K05225 , 748
GWK60_K05555 , 3167
GWK60_K05621 , 127
GWK60_K05731 , 40
GWK60_K05753 , 465
GWK60_K06061 , 178
GWK60_K06347 , 33
GWK60_K06369 , 656
GWK60_K06545 , 368
GWK60_K06699 , 166
GWK60_K06721 , 22
GWK60_K06831 , 249
GWK60_K06963 , 164
GWK60_K06985 , 185
GWK60_K07073 , 2
GWK60_K07491 , 13
GWK60_K07909 , 1485
GWK60_K08107 , 198
GWK60_K08503 , 72
GWK60_K08723 , 114
GWK60_K08789 , 163
GWK60_K08811 , 278
GWK60_K08833 , 270
GWK60_K08855 , 98
GWK60_K08943 , 1251
GWK60_K08965 , 681
GWK60_K09053 , 209
GWK60_K09229 , 1
GWK60_K09493 , 63
GWK60_K09955 , 1070
GWK60_K10197 , 45
GWK60_K10461 , 377
GWK60_K10527 , 515
GWK60_K10747 , 139
GWK60_K10791 , 1183
GWK60_K10945 , 13
GWK60_K10989 , 1399
GWK60_K11077 , 796
GWK60_K11209 , 337
GWK60_K11319 , 3
GWK60_K11451 , 1301
GWK60_K11561 , 891
GWK60_K11759 , 79
GWK60_K11847 , 415
GWK60_K11869 , 453
GWK60_K12331 , 202
GWK60_K12463 , 376
GWK60_K12661 , 350
GWK60_K12683 , 763
GWK60_L00011 , 1
GWK60_L00033 , 134
GWK60_L00099 , 487
GWK60_L00143 , 2091
GWK60_L00187 , 59
GWK60_L00209 , 406
GWK60_L00319 , 3958
GWK60_L00385 , 49
GWK60_L00473 , 588
GWK60_L00539 , 972
GWK60_L00561 , 519
GWK60_L00693 , 369
GWK60_L00715 , 43
GWK60_L00737 , 1769
GWK60_L00781 , 1243
GWK60_L00803 , 100
GWK60_L00847 , 468
GWK60_L00869 , 789
GWK60_L00913 , 3049
GWK60_L00935 , 1018
GWK60_L00979 , 99
GWK60_L01023 , 186
GWK60_L01045 , 40
GWK60_L01089 , 1
GWK60_L01111 , 922
GWK60_L01133 , 449
GWK60_L01177 , 438
GWK60_L01199 , 55
GWK60_L01221 , 9
GWK60_L01287 , 19
GWK60_L01331 , 90
GWK60_L01463 , 808
GWK60_L01529 , 18
GWK60_L01573 , 2652
GWK60_L01639 , 2097
GWK60_L01683 , 619
GWK60_L01705 , 451
GWK60_L01749 , 1354
GWK60_L01771 , 68
GWK60_L01881 , 10
GWK60_L01925 , 28
GWK60_L01947 , 3423
GWK60_L01969 , 323
GWK60_L01991 , 595
GWK60_L02035 , 556
GWK60_L02123 , 58
GWK60_L02189 , 375
GWK60_L02211 , 665
GWK60_L02299 , 8752
GWK60_L02321 , 2155
GWK60_L02343 , 1060
GWK60_L02365 , 741
GWK60_L02453 , 1178
GWK60_L02497 , 425
GWK60_L02519 , 1055
GWK60_L02563 , 346
GWK60_L02673 , 28
GWK60_L02849 , 259
GWK60_L02871 , 118
GWK60_L02893 , 609
GWK60_L02915 , 471
GWK60_L02937 , 782
GWK60_L03069 , 647
GWK60_L03245 , 500
GWK60_L03289 , 958
GWK60_L03311 , 1
GWK60_L03377 , 175
GWK60_L03421 , 1250
GWK60_L03465 , 434
GWK60_L03509 , 2
GWK60_L03707 , 1013
GWK60_L03751 , 51
GWK60_L03773 , 437
GWK60_L03795 , 601
GWK60_L03949 , 635
GWK60_L03993 , 726
GWK60_L04037 , 2179
GWK60_L04125 , 645
GWK60_L04169 , 361
GWK60_L04213 , 422
GWK60_L04301 , 413
GWK60_L04389 , 10
GWK60_L04433 , 25
GWK60_L04477 , 379
GWK60_L04543 , 205
GWK60_L04609 , 437
GWK60_L04741 , 783
GWK60_L04763 , 3928
GWK60_L04807 , 1330
GWK60_L04873 , 9
GWK60_L04939 , 74
GWK60_L04961 , 680
GWK60_L04983 , 241
GWK60_L05049 , 1233
GWK60_L05071 , 652
GWK60_L05137 , 23
GWK60_L05159 , 2
GWK60_L05181 , 925
GWK60_L05247 , 7
GWK60_L05445 , 2261
GWK60_L05511 , 156
GWK60_L05621 , 426
GWK60_L05709 , 426
GWK60_L05753 , 417
GWK60_L05797 , 390
GWK60_L05819 , 3
GWK60_L05841 , 421
GWK60_L05929 , 2923
GWK60_L05973 , 715
GWK60_L06061 , 645
GWK60_L06193 , 82
GWK60_L06237 , 685
GWK60_L06347 , 773
GWK60_L06413 , 1915
GWK60_L06457 , 2420
GWK60_L06479 , 195
GWK60_L06677 , 3458
GWK60_L06721 , 951
GWK60_L06787 , 290
GWK60_L06831 , 20
GWK60_L06919 , 393
GWK60_L06985 , 1610
GWK60_L07007 , 375
GWK60_L07051 , 300
GWK60_L07095 , 964
GWK60_L07117 , 2
GWK60_L07227 , 7590
GWK60_L07315 , 329
GWK60_L07337 , 457
GWK60_L07381 , 1
GWK60_L07403 , 817
GWK60_L07425 , 1011
GWK60_L07491 , 4454
GWK60_L07535 , 2251
GWK60_L07601 , 1063
GWK60_L07667 , 2470
GWK60_L07689 , 1062
GWK60_L07777 , 838
GWK60_L07821 , 2
GWK60_L07997 , 2098
GWK60_L08019 , 2094
GWK60_L08041 , 1023
GWK60_L08195 , 143
GWK60_L08349 , 391
GWK60_L08371 , 133
GWK60_L08393 , 1671
GWK60_L08415 , 2420
GWK60_L08437 , 3994
GWK60_L08459 , 3
GWK60_L08547 , 3921
GWK60_L08569 , 564
GWK60_L08591 , 249
GWK60_L08635 , 176
GWK60_L08723 , 1191
GWK60_L08745 , 646
GWK60_L08767 , 2382
GWK60_L08811 , 2406
GWK60_L08877 , 3
GWK60_L08899 , 1423
GWK60_L08987 , 189
GWK60_L09097 , 1
GWK60_L09119 , 2176
GWK60_L09163 , 931
GWK60_L09207 , 2448
GWK60_L09229 , 1032
GWK60_L09251 , 2933
GWK60_L09273 , 633
GWK60_L09295 , 792
GWK60_L09317 , 26
GWK60_L09427 , 1060
GWK60_L09449 , 1013
GWK60_L09471 , 622
GWK60_L09515 , 85
GWK60_L09537 , 10114
GWK60_L09559 , 268
GWK60_L09625 , 495
GWK60_L09713 , 297
GWK60_L09735 , 8
GWK60_L09779 , 1
GWK60_L09955 , 1169
GWK60_L09977 , 4807
GWK60_L10043 , 317
GWK60_L10087 , 2006
GWK60_L10109 , 419
GWK60_L10175 , 50
GWK60_L10241 , 39
GWK60_L10263 , 465
GWK60_L10439 , 1
GWK60_L10505 , 948
GWK60_L10527 , 335
GWK60_L10615 , 9999
GWK60_L10637 , 3258
GWK60_L10659 , 1491
GWK60_L10747 , 58
GWK60_L10791 , 580
GWK60_L10813 , 1385
GWK60_L10835 , 506
GWK60_L10945 , 190
GWK60_L10967 , 587
GWK60_L11077 , 428
GWK60_L11165 , 48
GWK60_L11231 , 392
GWK60_L11253 , 19
GWK60_L11275 , 897
GWK60_L11297 , 931
GWK60_L11319 , 2705
GWK60_L11341 , 6899
GWK60_L11473 , 1441
GWK60_L11517 , 714
GWK60_L11539 , 1049
GWK60_L11561 , 359
GWK60_L11583 , 1238
GWK60_L11627 , 2888
GWK60_L11649 , 1805
GWK60_L11715 , 1638
GWK60_L11737 , 1694
GWK60_L11759 , 748
GWK60_L11781 , 319
GWK60_L11847 , 3832
GWK60_L11869 , 800
GWK60_L11891 , 2084
GWK60_L11913 , 365
GWK60_L11935 , 1365
GWK60_L11957 , 12679
GWK60_L12023 , 214
GWK60_L12067 , 3029
GWK60_L12089 , 6286
GWK60_L12111 , 3
GWK60_L12133 , 1541
GWK60_L12155 , 396
GWK60_L12221 , 97
GWK60_L12265 , 1329
GWK60_L12331 , 508
GWK60_L12397 , 1147
GWK60_L12463 , 213
GWK60_L12485 , 747
GWK60_L12529 , 30
GWK60_L12573 , 18
GWK60_L12595 , 1413
GWK60_L12639 , 6030
GWK60_L12661 , 51
GWK60_L12683 , 1878
GWK60_L12727 , 2517
GWK60_L12793 , 1989
GWK60_L12837 , 3602
GWK60_L12903 , 3338
GWK60_L12925 , 865
GWK60_L12947 , 2800
GWK60_L12969 , 3804
GWK60_L13013 , 1426
GWK60_L13035 , 973
GWK60_L13057 , 30390
GWK60_L13079 , 22567
GWK60_L13101 , 12191
GWK60_L13123 , 128
GWK60_L13167 , 2165
GWK60_L13189 , 4858
GWK60_L13211 , 4110
GWK60_L13233 , 446
GWK60_L13255 , 667
GWK60_L13277 , 3279
GWK60_L13299 , 3971
GWK60_L13343 , 270
GWK60_L13365 , 857
GWK60_L13387 , 190
GWK60_L13497 , 3226
GWK60_L13541 , 1896
GWK60_L13563 , 490
GWK60_L13629 , 989
GWK60_L13695 , 162
GWK60_L13739 , 1275
GWK60_L13849 , 590
GWK60_L13893 , 2252
GWK60_L13915 , 4142
GWK60_L13937 , 603
GWK60_L13959 , 835
GWK60_L13981 , 174
GWK60_L14003 , 117
GWK60_L14047 , 1098
GWK60_L14091 , 33072
GWK60_L14113 , 1760
GWK60_L14135 , 952
GWK60_L14157 , 215
GWK60_L14201 , 3448
GWK60_L14223 , 696
GWK60_L14245 , 173
GWK60_L14289 , 2225
GWK60_L14355 , 686
GWK60_L14377 , 38
GWK60_L14421 , 1209
GWK60_L14443 , 540
GWK60_L14465 , 424
GWK60_L14487 , 1464
GWK60_L14509 , 724
GWK60_L14531 , 769
GWK60_L14553 , 4593
GWK60_L14619 , 682
GWK60_L14663 , 2
GWK60_L14707 , 179
GWK60_L14751 , 3983
GWK60_L14773 , 28995
GWK60_L14817 , 8
GWK60_L14839 , 989
GWK60_L14883 , 425
GWK60_L14927 , 547
GWK60_L15015 , 2129
GWK60_L15059 , 333
GWK60_L15081 , 499
GWK60_L15103 , 431
GWK60_L15125 , 749
GWK60_L15257 , 289
GWK60_L15301 , 982
GWK60_L15345 , 5
GWK60_L15389 , 4
GWK60_L15411 , 3869
GWK60_L15455 , 968
GWK60_L15543 , 537
GWK60_L15587 , 822
GWK60_L15675 , 100
GWK60_L15719 , 454
GWK60_L15741 , 808
GWK60_L15807 , 593
GWK60_L15851 , 343
GWK60_L15873 , 1733
GWK60_L15939 , 332
GWK60_L15983 , 1009
GWK60_L16005 , 1768
GWK60_L16071 , 54
GWK60_L16115 , 678
GWK60_L16313 , 1657
GWK60_L16379 , 134
GWK60_L16423 , 1300
GWK60_L16555 , 1029
GWK60_L16687 , 1
GWK60_L16709 , 172
GWK60_L16753 , 192
GWK60_L16775 , 245
GWK60_L16819 , 665
GWK60_L16841 , 1436
GWK60_L16907 , 42
GWK60_L16929 , 1060
GWK60_L16995 , 1181
GWK60_L17083 , 1389
GWK60_L17171 , 793
GWK60_L17193 , 672
GWK60_L17215 , 749
GWK60_L17237 , 2529
GWK60_L17281 , 367
GWK60_L00055 , 2
GWK60_L00121 , 596
GWK60_L00165 , 512
GWK60_L00275 , 1
GWK60_L00297 , 1091
GWK60_L00583 , 156
GWK60_L01243 , 18
GWK60_L01309 , 1557
GWK60_L01397 , 45
GWK60_L01485 , 625
GWK60_L01815 , 1085
GWK60_L01837 , 85
GWK60_L01859 , 524
GWK60_L01903 , 533
GWK60_L02277 , 102
GWK60_L02585 , 131
GWK60_L02695 , 33
GWK60_L03223 , 68
GWK60_L03333 , 43
GWK60_L03597 , 19
GWK60_L03619 , 53
GWK60_L03685 , 18
GWK60_L03817 , 264
GWK60_L03861 , 138
GWK60_L03971 , 89
GWK60_L04257 , 946
GWK60_L04367 , 121
GWK60_L04411 , 215
GWK60_L04565 , 494
GWK60_L04587 , 72
GWK60_L04785 , 44
GWK60_L05115 , 274
GWK60_L05203 , 398
GWK60_L05379 , 552
GWK60_L05467 , 365
GWK60_L05533 , 204
GWK60_L05577 , 65
GWK60_L05951 , 732
GWK60_L05995 , 52
GWK60_L06017 , 81
GWK60_L06171 , 101
GWK60_L06303 , 163
GWK60_L06391 , 44
GWK60_L06611 , 153
GWK60_L06655 , 1606
GWK60_L06743 , 1433
GWK60_L06853 , 642
GWK60_L06963 , 1
GWK60_L07029 , 186
GWK60_L07469 , 399
GWK60_L07579 , 327
GWK60_L08217 , 70
GWK60_L08305 , 964
GWK60_L08613 , 9
GWK60_L08657 , 384
GWK60_L08921 , 400
GWK60_L08943 , 471
GWK60_L09009 , 536
GWK60_L09075 , 402
GWK60_L09361 , 66
GWK60_L09405 , 31
GWK60_L09647 , 2
GWK60_L09801 , 51
GWK60_L09889 , 111
GWK60_L09933 , 55
GWK60_L09999 , 224
GWK60_L10065 , 215
GWK60_L10373 , 3
GWK60_L10395 , 42
GWK60_L10571 , 878
GWK60_L10725 , 704
GWK60_L11143 , 6
GWK60_L11209 , 237
GWK60_L12287 , 3
GWK60_L12507 , 5
GWK60_L12551 , 2
GWK60_L12617 , 630
GWK60_L12705 , 198
GWK60_L12749 , 350
GWK60_L12815 , 317
GWK60_L13321 , 249
GWK60_L13651 , 1
GWK60_L13805 , 4
GWK60_L14179 , 2
GWK60_L14399 , 1
GWK60_L14729 , 4
GWK60_L15191 , 55
GWK60_L15279 , 22
GWK60_L15521 , 139
GWK60_L15653 , 335
GWK60_L15697 , 1158
GWK60_L15763 , 301
GWK60_L15785 , 219
GWK60_L15961 , 310
GWK60_L16027 , 146
GWK60_L16159 , 5
GWK60_L16181 , 3
GWK60_L16247 , 17
GWK60_L16291 , 5051
GWK60_L16467 , 97
GWK60_L16489 , 9
GWK60_L16511 , 492
GWK60_L16577 , 71
GWK60_L16665 , 6
GWK60_L16797 , 1308
GWK60_L16973 , 38
GWK60_L17105 , 19
GWK60_L17259 , 456
GWK60_L17303 , 26
GWK60_M00033 , 1599
GWK60_M00055 , 756
GWK60_M00077 , 816
GWK60_M00121 , 1495
GWK60_M00143 , 311
GWK60_M00209 , 4212
GWK60_M00275 , 4358
GWK60_M00341 , 67
GWK60_M00363 , 33
GWK60_M00385 , 416
GWK60_M00407 , 363
GWK60_M00429 , 1690
GWK60_M00473 , 1122
GWK60_M00495 , 614
GWK60_M00539 , 489
GWK60_M00671 , 1263
GWK60_M00715 , 5
GWK60_M00759 , 25
GWK60_M00803 , 2319
GWK60_M00869 , 736
GWK60_M01023 , 79
GWK60_M01067 , 68
GWK60_M01133 , 1186
GWK60_M01155 , 574
GWK60_M01177 , 211
GWK60_M01221 , 1361
GWK60_M01243 , 182
GWK60_M01287 , 773
GWK60_M01463 , 353
GWK60_M01595 , 3043
GWK60_M01617 , 1493
GWK60_M01639 , 4
GWK60_M01661 , 1513
GWK60_M01727 , 468
GWK60_M01771 , 77
GWK60_M01793 , 1866
GWK60_M01815 , 148
GWK60_M01859 , 71
GWK60_M01881 , 632
GWK60_M01947 , 349
GWK60_M01969 , 660
GWK60_M01991 , 22
GWK60_M02035 , 1246
GWK60_M02079 , 125
GWK60_M02101 , 3000
GWK60_M02211 , 445
GWK60_M02233 , 126
GWK60_M02365 , 31
GWK60_M02409 , 208
GWK60_M02475 , 938
GWK60_M02497 , 873
GWK60_M02541 , 2980
GWK60_M02607 , 63
GWK60_M02651 , 508
GWK60_M02695 , 586
GWK60_M02739 , 505
GWK60_M02849 , 392
GWK60_M03003 , 788
GWK60_M03025 , 357
GWK60_M03091 , 1917
GWK60_M03113 , 2116
GWK60_M03135 , 815
GWK60_M03267 , 160
GWK60_M03289 , 677
GWK60_M03311 , 1969
GWK60_M03443 , 17
GWK60_M03465 , 355
GWK60_M03487 , 138
GWK60_M03575 , 302
GWK60_M03619 , 902
GWK60_M03663 , 188
GWK60_M03729 , 907
GWK60_M03751 , 881
GWK60_M03861 , 98
GWK60_M03993 , 158
GWK60_M04015 , 329
GWK60_M04037 , 64
GWK60_M04059 , 173
GWK60_M04125 , 5080
GWK60_M04147 , 483
GWK60_M04169 , 158
GWK60_M04235 , 522
GWK60_M04279 , 1010
GWK60_M04323 , 134
GWK60_M04345 , 2035
GWK60_M04609 , 360
GWK60_M04785 , 797
GWK60_M04851 , 1014
GWK60_M04961 , 322
GWK60_M04983 , 1
GWK60_M05071 , 137
GWK60_M05115 , 1176
GWK60_M05203 , 681
GWK60_M05269 , 8
GWK60_M05335 , 307
GWK60_M05379 , 620
GWK60_M05401 , 812
GWK60_M05445 , 296
GWK60_M05467 , 977
GWK60_M05511 , 413
GWK60_M05555 , 350
GWK60_M05577 , 877
GWK60_M05643 , 1
GWK60_M05665 , 744
GWK60_M05753 , 3901
GWK60_M05863 , 565
GWK60_M05907 , 354
GWK60_M05929 , 527
GWK60_M06017 , 24
GWK60_M06149 , 172
GWK60_M06171 , 1177
GWK60_M06193 , 509
GWK60_M06259 , 37
GWK60_M06281 , 566
GWK60_M06347 , 138
GWK60_M06369 , 1367
GWK60_M06545 , 1049
GWK60_M06567 , 6
GWK60_M06655 , 1817
GWK60_M06743 , 234
GWK60_M06765 , 1661
GWK60_M06853 , 435
GWK60_M06875 , 938
GWK60_M06897 , 521
GWK60_M06985 , 1054
GWK60_M07029 , 832
GWK60_M07051 , 676
GWK60_M07117 , 688
GWK60_M07139 , 71
GWK60_M07161 , 146
GWK60_M07227 , 20
GWK60_M07271 , 1983
GWK60_M07293 , 5090
GWK60_M07315 , 342
GWK60_M07337 , 42
GWK60_M07359 , 681
GWK60_M07381 , 1852
GWK60_M07469 , 252
GWK60_M07535 , 298
GWK60_M07557 , 483
GWK60_M07601 , 2993
GWK60_M07623 , 1661
GWK60_M07711 , 589
GWK60_M07733 , 18
GWK60_M07755 , 521
GWK60_M07799 , 353
GWK60_M07843 , 46
GWK60_M07909 , 5644
GWK60_M07975 , 79
GWK60_M08019 , 957
GWK60_M08041 , 290
GWK60_M08129 , 422
GWK60_M08195 , 724
GWK60_M08217 , 298
GWK60_M08261 , 376
GWK60_M08305 , 453
GWK60_M08327 , 1061
GWK60_M08349 , 883
GWK60_M08371 , 120
GWK60_M08437 , 1535
GWK60_M08459 , 1233
GWK60_M08481 , 11749
GWK60_M08503 , 39
GWK60_M08525 , 8242
GWK60_M08547 , 318
GWK60_M08613 , 563
GWK60_M08635 , 239
GWK60_M08679 , 844
GWK60_M08701 , 349
GWK60_M08723 , 965
GWK60_M08745 , 178
GWK60_M08767 , 5235
GWK60_M08789 , 1734
GWK60_M08811 , 1201
GWK60_M08855 , 1919
GWK60_M08877 , 1089
GWK60_M08899 , 2514
GWK60_M08965 , 1377
GWK60_M08987 , 183
GWK60_M09031 , 196
GWK60_M09053 , 903
GWK60_M09097 , 797
GWK60_M09119 , 101
GWK60_M09163 , 190
GWK60_M09185 , 1703
GWK60_M09207 , 987
GWK60_M09229 , 1567
GWK60_M09251 , 3
GWK60_M09273 , 791
GWK60_M09317 , 1683
GWK60_M09339 , 48
GWK60_M09383 , 929
GWK60_M09449 , 504
GWK60_M09471 , 972
GWK60_M09581 , 606
GWK60_M09603 , 286
GWK60_M09625 , 1174
GWK60_M09647 , 1329
GWK60_M09691 , 648
GWK60_M09713 , 700
GWK60_M09735 , 249
GWK60_M09779 , 2219
GWK60_M09823 , 149
GWK60_M09867 , 772
GWK60_M09955 , 13734
GWK60_M09977 , 1729
GWK60_M09999 , 168
GWK60_M10021 , 355
GWK60_M10043 , 183
GWK60_M10109 , 1348
GWK60_M10131 , 4022
GWK60_M10175 , 2416
GWK60_M10241 , 417
GWK60_M10263 , 2989
GWK60_M10285 , 794
GWK60_M10307 , 415
GWK60_M10351 , 99
GWK60_M10373 , 11707
GWK60_M10395 , 1578
GWK60_M10417 , 14847
GWK60_M10439 , 4873
GWK60_M10461 , 2240
GWK60_M10483 , 310
GWK60_M10505 , 1734
GWK60_M10527 , 7040
GWK60_M10549 , 93
GWK60_M10571 , 6613
GWK60_M10659 , 79
GWK60_M10703 , 973
GWK60_M10725 , 1645
GWK60_M10747 , 2352
GWK60_M10769 , 38
GWK60_M10791 , 34
GWK60_M10813 , 3808
GWK60_M10835 , 513
GWK60_M10857 , 1952
GWK60_M10879 , 51
GWK60_M10901 , 8
GWK60_M10945 , 1227
GWK60_M11077 , 919
GWK60_M11099 , 298
GWK60_M11121 , 98
GWK60_M11143 , 325
GWK60_M11165 , 4525
GWK60_M11187 , 1026
GWK60_M11209 , 90
GWK60_M11231 , 1997
GWK60_M11253 , 1246
GWK60_M11275 , 783
GWK60_M11319 , 5871
GWK60_M11341 , 2406
GWK60_M11363 , 3553
GWK60_M11385 , 8716
GWK60_M11407 , 533
GWK60_M11473 , 324
GWK60_M11583 , 752
GWK60_M11605 , 744
GWK60_M11627 , 785
GWK60_M11649 , 7912
GWK60_M11671 , 1521
GWK60_M11693 , 603
GWK60_M11737 , 1037
GWK60_M11825 , 129
GWK60_M11891 , 899
GWK60_M11913 , 9
GWK60_M11935 , 1689
GWK60_M11979 , 36
GWK60_M12023 , 1760
GWK60_M12045 , 58
GWK60_M12067 , 462
GWK60_M12155 , 102
GWK60_M12177 , 3
GWK60_M12287 , 26
GWK60_M12309 , 4363
GWK60_M12331 , 1599
GWK60_M12375 , 3199
GWK60_M12397 , 1550
GWK60_M12419 , 92
GWK60_M12441 , 8
GWK60_M12485 , 835
GWK60_M12551 , 833
GWK60_M12595 , 902
GWK60_M12683 , 1477
GWK60_M12727 , 932
GWK60_M12749 , 415
GWK60_M12771 , 29
GWK60_M12793 , 1093
GWK60_M12837 , 4176
GWK60_M12859 , 1147
GWK60_M12925 , 640
GWK60_M12947 , 941
GWK60_M13013 , 2229
GWK60_M13101 , 1310
GWK60_M13123 , 352
GWK60_M13167 , 6
GWK60_M13189 , 1
GWK60_M13211 , 1440
GWK60_M13255 , 3427
GWK60_M13299 , 303
GWK60_M13365 , 320
GWK60_M13431 , 429
GWK60_M13475 , 619
GWK60_M13519 , 32
GWK60_M13651 , 660
GWK60_M13673 , 1
GWK60_M13717 , 157
GWK60_M13739 , 807
GWK60_M13761 , 1066
GWK60_M13849 , 246
GWK60_M13893 , 39
GWK60_M13915 , 1237
GWK60_M14003 , 1221
GWK60_M14047 , 737
GWK60_M14113 , 1
GWK60_M00187 , 326
GWK60_M00231 , 18
GWK60_M00253 , 460
GWK60_M00319 , 10
GWK60_M00451 , 707
GWK60_M00627 , 49
GWK60_M00979 , 315
GWK60_M01353 , 709
GWK60_M01419 , 339
GWK60_M01485 , 117
GWK60_M01529 , 564
GWK60_M01573 , 1175
GWK60_M01837 , 6
GWK60_M01903 , 30
GWK60_M01925 , 13
GWK60_M02299 , 41
GWK60_M02519 , 60
GWK60_M02629 , 170
GWK60_M02717 , 6
GWK60_M02761 , 1
GWK60_M02805 , 108
GWK60_M02893 , 492
GWK60_M02981 , 310
GWK60_M03047 , 782
GWK60_M03201 , 25
GWK60_M03223 , 54
GWK60_M03333 , 64
GWK60_M03355 , 476
GWK60_M03531 , 124
GWK60_M03817 , 663
GWK60_M03905 , 3
GWK60_M03927 , 221
GWK60_M03971 , 9
GWK60_M04301 , 138
GWK60_M04389 , 370
GWK60_M04411 , 1
GWK60_M04477 , 17
GWK60_M04631 , 39
GWK60_M04675 , 633
GWK60_M04741 , 1
GWK60_M05005 , 127
GWK60_M05049 , 472
GWK60_M05313 , 5
GWK60_M05423 , 1
GWK60_M05709 , 216
GWK60_M05775 , 203
GWK60_M05885 , 597
GWK60_M05951 , 449
GWK60_M06105 , 433
GWK60_M06215 , 429
GWK60_M06237 , 139
GWK60_M06303 , 1705
GWK60_M06391 , 21
GWK60_M06413 , 67
GWK60_M06457 , 24
GWK60_M06589 , 422
GWK60_M06611 , 22
GWK60_M06721 , 115
GWK60_M06787 , 715
GWK60_M06809 , 328
GWK60_M06831 , 4
GWK60_M07513 , 456
GWK60_M07579 , 2
GWK60_M07645 , 717
GWK60_M08063 , 14
GWK60_M08657 , 1596
GWK60_M09427 , 511
GWK60_M09493 , 41
GWK60_M09559 , 829
GWK60_M09669 , 94
GWK60_M09757 , 539
GWK60_M09889 , 128
GWK60_M09933 , 356
GWK60_M10065 , 380
GWK60_M10593 , 150
GWK60_M10923 , 66
GWK60_M10967 , 303
GWK60_M11715 , 839
GWK60_M12133 , 115
GWK60_M12221 , 593
GWK60_M12243 , 225
GWK60_M12463 , 306
GWK60_M12617 , 342
GWK60_M12661 , 263
GWK60_M12815 , 50
GWK60_M12881 , 472
GWK60_M13145 , 683
GWK60_M13233 , 1
GWK60_M13541 , 818
GWK60_M13585 , 814
GWK60_M13629 , 402
GWK60_M13695 , 83
GWK60_M13783 , 232
GWK60_M13871 , 667
GWK60_M13959 , 88
GWK60_M14025 , 5
