GWK60_A00055 , 178
GWK60_A00121 , 1829
GWK60_A00143 , 0
GWK60_A00165 , 0
GWK60_A00209 , 1167
GWK60_A00231 , 1925
GWK60_A00253 , 6799
GWK60_A00275 , 15992
GWK60_A00341 , 3985
GWK60_A00363 , 1967
GWK60_A00385 , 32
GWK60_A00407 , 27602
GWK60_A00429 , 399
GWK60_A00451 , 62193
GWK60_A00473 , 1834
GWK60_A00495 , 164
GWK60_A00517 , 120
GWK60_A00539 , 373
GWK60_A00561 , 502
GWK60_A00583 , 6339
GWK60_A00605 , 6975
GWK60_A00627 , 2695
GWK60_A00649 , 28552
GWK60_A00671 , 19901
GWK60_A00715 , 659
GWK60_A00759 , 959
GWK60_A00781 , 1017
GWK60_A00803 , 549
GWK60_A00847 , 4843
GWK60_A00869 , 23
GWK60_A00891 , 44510
GWK60_A00913 , 161
GWK60_A00935 , 4149
GWK60_A00957 , 731
GWK60_A00979 , 2576
GWK60_A01023 , 4575
GWK60_A01045 , 55
GWK60_A01067 , 0
GWK60_A01089 , 6680
GWK60_A01111 , 27530
GWK60_A01133 , 1529
GWK60_A01155 , 5535
GWK60_A01177 , 5045
GWK60_A01199 , 356
GWK60_A01221 , 2620
GWK60_A01243 , 55
GWK60_A01265 , 2763
GWK60_A01309 , 1900
GWK60_A01331 , 171
GWK60_A01397 , 165
GWK60_A01419 , 2539
GWK60_A01441 , 32367
GWK60_A01463 , 1368
GWK60_A01507 , 7557
GWK60_A01529 , 238
GWK60_A01573 , 89
GWK60_A01595 , 2061
GWK60_A01617 , 1516
GWK60_A01639 , 2038
GWK60_A01661 , 353
GWK60_A01683 , 85
GWK60_A01705 , 809
GWK60_A01749 , 0
GWK60_A01793 , 107
GWK60_A01815 , 524
GWK60_A01859 , 321
GWK60_A01969 , 2370
GWK60_A01991 , 198
GWK60_A02035 , 1739
GWK60_A02057 , 3412
GWK60_A02079 , 5523
GWK60_A02101 , 217
GWK60_A02123 , 2807
GWK60_A02145 , 4
GWK60_A02167 , 41
GWK60_A02233 , 0
GWK60_A02255 , 34
GWK60_A02277 , 1542
GWK60_A02299 , 315
GWK60_A02321 , 535
GWK60_A02343 , 157
GWK60_A02365 , 203
GWK60_A02387 , 1899
GWK60_A02431 , 1
GWK60_A02475 , 2
GWK60_A02541 , 0
GWK60_A02651 , 976
GWK60_A02673 , 163
GWK60_A02695 , 286
GWK60_A02805 , 0
GWK60_A02827 , 10
GWK60_A02849 , 137
GWK60_A02915 , 3048
GWK60_A02937 , 5828
GWK60_A02981 , 136
GWK60_A03025 , 2136
GWK60_A03069 , 3075
GWK60_A03091 , 779
GWK60_A03157 , 0
GWK60_A03179 , 17823
GWK60_A03201 , 399
GWK60_A03223 , 365
GWK60_A03245 , 39
GWK60_A03289 , 138
GWK60_A03311 , 25
GWK60_A03355 , 1877
GWK60_A03377 , 7472
GWK60_A03421 , 15
GWK60_A03553 , 7
GWK60_A03575 , 714
GWK60_A03597 , 0
GWK60_A03619 , 2712
GWK60_A03663 , 5
GWK60_A03685 , 145
GWK60_A03751 , 121
GWK60_A03773 , 149
GWK60_A03795 , 5390
GWK60_A03817 , 72
GWK60_A03839 , 1024
GWK60_A03949 , 45
GWK60_A03971 , 3201
GWK60_A04037 , 620
GWK60_A04059 , 44
GWK60_A04081 , 774
GWK60_A04125 , 202
GWK60_A04147 , 270
GWK60_A04169 , 15
GWK60_A04191 , 286
GWK60_A04213 , 369
GWK60_A04279 , 7
GWK60_A04301 , 669
GWK60_A04323 , 1672
GWK60_A04345 , 203
GWK60_A04367 , 70
GWK60_A04389 , 0
GWK60_A04477 , 869
GWK60_A04499 , 20
GWK60_A04521 , 96
GWK60_A04543 , 0
GWK60_A04565 , 23
GWK60_A04609 , 57
GWK60_A04631 , 257
GWK60_A04675 , 638
GWK60_A04697 , 6
GWK60_A00077 , 18
GWK60_A00099 , 0
GWK60_A00693 , 0
GWK60_A01001 , 8
GWK60_A01287 , 0
GWK60_A01375 , 0
GWK60_A01485 , 2
GWK60_A01837 , 3
GWK60_A01881 , 0
GWK60_A01947 , 0
GWK60_A02189 , 0
GWK60_A02211 , 185
GWK60_A02409 , 0
GWK60_A02519 , 0
GWK60_A02629 , 0
GWK60_A02739 , 0
GWK60_A03113 , 0
GWK60_A03465 , 182
GWK60_A03487 , 219
GWK60_A03883 , 26
GWK60_A04015 , 0
GWK60_A04235 , 1
GWK60_A04257 , 295
GWK60_A04433 , 0
GWK60_A04455 , 0
GWK60_B00121 , 0
GWK60_B00143 , 0
GWK60_B00165 , 0
GWK60_B00231 , 0
GWK60_B00253 , 660
GWK60_B00297 , 25
GWK60_B00363 , 599
GWK60_B00385 , 851
GWK60_B00407 , 156
GWK60_B00495 , 9
GWK60_B00539 , 0
GWK60_B00561 , 4
GWK60_B00605 , 1333
GWK60_B00649 , 127
GWK60_B00671 , 88
GWK60_B00693 , 168
GWK60_B00737 , 1741
GWK60_B00759 , 54
GWK60_B00803 , 303
GWK60_B00847 , 673
GWK60_B00869 , 62
GWK60_B00891 , 410
GWK60_B00913 , 3434
GWK60_B00935 , 180
GWK60_B00979 , 0
GWK60_B01001 , 234
GWK60_B01045 , 0
GWK60_B01089 , 1304
GWK60_B01111 , 1
GWK60_B01155 , 125
GWK60_B01177 , 97
GWK60_B01287 , 281
GWK60_B01331 , 0
GWK60_B01397 , 217
GWK60_B01419 , 1018
GWK60_B01485 , 0
GWK60_B01507 , 1037
GWK60_B01529 , 756
GWK60_B01551 , 203
GWK60_B01595 , 37
GWK60_B01661 , 252
GWK60_B01683 , 0
GWK60_B01727 , 0
GWK60_B01771 , 108
GWK60_B01815 , 6555
GWK60_B01859 , 4
GWK60_B01881 , 0
GWK60_B01903 , 67
GWK60_B01925 , 692
GWK60_B01991 , 125
GWK60_B02057 , 108
GWK60_B02123 , 0
GWK60_B02145 , 332
GWK60_B02167 , 973
GWK60_B02189 , 520
GWK60_B02211 , 986
GWK60_B02233 , 618
GWK60_B02255 , 45
GWK60_B02277 , 1576
GWK60_B02321 , 16127
GWK60_B02409 , 2419
GWK60_B02431 , 1427
GWK60_B02475 , 2122
GWK60_B02497 , 6
GWK60_B02519 , 0
GWK60_B02541 , 0
GWK60_B02585 , 1856
GWK60_B02607 , 0
GWK60_B02629 , 1928
GWK60_B02695 , 0
GWK60_B02717 , 22303
GWK60_B02739 , 2013
GWK60_B02761 , 206
GWK60_B02783 , 10306
GWK60_B02805 , 996
GWK60_B02827 , 11695
GWK60_B02849 , 953
GWK60_B02871 , 11618
GWK60_B02915 , 1941
GWK60_B02937 , 104
GWK60_B02959 , 25
GWK60_B02981 , 69
GWK60_B03003 , 244
GWK60_B03091 , 776
GWK60_B03113 , 201
GWK60_B03135 , 2295
GWK60_B03157 , 154
GWK60_B03201 , 721
GWK60_B03223 , 2764
GWK60_B03245 , 5489
GWK60_B03267 , 1817
GWK60_B03311 , 0
GWK60_B03333 , 5421
GWK60_B03355 , 25801
GWK60_B03399 , 290
GWK60_B03443 , 1587
GWK60_B03465 , 1970
GWK60_B03487 , 0
GWK60_B03509 , 55466
GWK60_B03531 , 46660
GWK60_B03575 , 58
GWK60_B03597 , 0
GWK60_B03641 , 52771
GWK60_B03663 , 17914
GWK60_B03685 , 728
GWK60_B03707 , 4323
GWK60_B03729 , 3668
GWK60_B03751 , 0
GWK60_B03773 , 113
GWK60_B03795 , 267
GWK60_B03817 , 51
GWK60_B03839 , 700
GWK60_B03883 , 1807
GWK60_B03927 , 1359
GWK60_B03949 , 152
GWK60_B03971 , 2576
GWK60_B03993 , 0
GWK60_B04015 , 126
GWK60_B04037 , 0
GWK60_B04059 , 1666
GWK60_B04081 , 1310
GWK60_B04103 , 910
GWK60_B04125 , 0
GWK60_B04147 , 1947
GWK60_B04169 , 2499
GWK60_B04191 , 4805
GWK60_B04213 , 1875
GWK60_B04235 , 2201
GWK60_B04257 , 8243
GWK60_B04279 , 1106
GWK60_B04301 , 258
GWK60_B04323 , 4130
GWK60_B04345 , 4003
GWK60_B04411 , 35615
GWK60_B04433 , 3763
GWK60_B04455 , 8483
GWK60_B04499 , 8145
GWK60_B04521 , 7878
GWK60_B04543 , 5951
GWK60_B04565 , 9864
GWK60_B04587 , 2194
GWK60_B04609 , 8685
GWK60_B04631 , 5858
GWK60_B04653 , 2521
GWK60_B04675 , 800
GWK60_B04697 , 4226
GWK60_B04719 , 338
GWK60_B04741 , 949
GWK60_B04763 , 1023
GWK60_B04785 , 4046
GWK60_B04807 , 1163
GWK60_B04829 , 2571
GWK60_B04851 , 1011
GWK60_B04895 , 3708
GWK60_B04917 , 0
GWK60_B00187 , 0
GWK60_B00275 , 5
GWK60_B00583 , 0
GWK60_B00627 , 56
GWK60_B00957 , 0
GWK60_B01243 , 230
GWK60_B01353 , 0
GWK60_B01441 , 0
GWK60_B01573 , 0
GWK60_B01617 , 0
GWK60_B01837 , 65
GWK60_B01947 , 0
GWK60_B01969 , 0
GWK60_B02013 , 0
GWK60_B02299 , 0
GWK60_B02387 , 0
GWK60_B02651 , 92
GWK60_B03025 , 0
GWK60_B03047 , 0
GWK60_B03289 , 0
GWK60_C00033 , 0
GWK60_C00055 , 194
GWK60_C00077 , 2018
GWK60_C00099 , 1590
GWK60_C00143 , 252
GWK60_C00209 , 318
GWK60_C00231 , 402
GWK60_C00341 , 2658
GWK60_C00363 , 6360
GWK60_C00385 , 429
GWK60_C00429 , 0
GWK60_C00451 , 92
GWK60_C00473 , 0
GWK60_C00495 , 437
GWK60_C00583 , 0
GWK60_C00605 , 281
GWK60_C00627 , 4470
GWK60_C00671 , 3073
GWK60_C00693 , 9982
GWK60_C00715 , 161
GWK60_C00759 , 364
GWK60_C00803 , 0
GWK60_C00869 , 7048
GWK60_C00891 , 0
GWK60_C00935 , 228
GWK60_C00957 , 39
GWK60_C01045 , 183
GWK60_C01089 , 0
GWK60_C01111 , 1502
GWK60_C01133 , 0
GWK60_C01177 , 18543
GWK60_C01199 , 421
GWK60_C01265 , 906
GWK60_C01287 , 607
GWK60_C01309 , 112
GWK60_C01353 , 566
GWK60_C01375 , 300
GWK60_C01397 , 212
GWK60_C01419 , 5665
GWK60_C01441 , 372
GWK60_C01463 , 1363
GWK60_C01573 , 0
GWK60_C01595 , 265
GWK60_C01617 , 13
GWK60_C01639 , 894
GWK60_C01727 , 1
GWK60_C01771 , 4173
GWK60_C01793 , 28
GWK60_C01815 , 83
GWK60_C01837 , 390
GWK60_C01859 , 1945
GWK60_C01881 , 15
GWK60_C01903 , 163
GWK60_C01925 , 236
GWK60_C01969 , 0
GWK60_C01991 , 6786
GWK60_C02013 , 317
GWK60_C02035 , 936
GWK60_C02123 , 14175
GWK60_C02167 , 149
GWK60_C02211 , 0
GWK60_C02277 , 205
GWK60_C02299 , 94
GWK60_C02365 , 11
GWK60_C02387 , 1654
GWK60_C02409 , 437
GWK60_C02431 , 386
GWK60_C02453 , 250
GWK60_C02475 , 5
GWK60_C02497 , 469
GWK60_C02519 , 173
GWK60_C02541 , 921
GWK60_C02563 , 891
GWK60_C02585 , 1144
GWK60_C02695 , 133
GWK60_C02717 , 2305
GWK60_C02805 , 7235
GWK60_C02827 , 4729
GWK60_C02849 , 25887
GWK60_C02871 , 2295
GWK60_C02893 , 2435
GWK60_C02937 , 1549
GWK60_C02959 , 1
GWK60_C03003 , 1238
GWK60_C03025 , 1188
GWK60_C03047 , 564
GWK60_C03069 , 97
GWK60_C03091 , 210
GWK60_C03113 , 1223
GWK60_C03157 , 2239
GWK60_C03179 , 875
GWK60_C03201 , 7366
GWK60_C03223 , 2197
GWK60_C03267 , 381
GWK60_C03289 , 1
GWK60_C03311 , 154
GWK60_C03355 , 961
GWK60_C03377 , 20410
GWK60_C03399 , 24
GWK60_C03421 , 1
GWK60_C03443 , 191
GWK60_C03465 , 1658
GWK60_C03487 , 975
GWK60_C03509 , 3500
GWK60_C03531 , 2817
GWK60_C03553 , 1849
GWK60_C03575 , 410
GWK60_C03597 , 4944
GWK60_C03619 , 396
GWK60_C03641 , 2686
GWK60_C03663 , 2624
GWK60_C03685 , 152
GWK60_C03707 , 2207
GWK60_C03729 , 1770
GWK60_C03751 , 99
GWK60_C03795 , 2726
GWK60_C03861 , 22326
GWK60_C03883 , 6412
GWK60_C03905 , 383
GWK60_C03927 , 121
GWK60_C03993 , 3080
GWK60_C04015 , 62
GWK60_C04059 , 21028
GWK60_C04081 , 315
GWK60_C04103 , 3236
GWK60_C04125 , 6410
GWK60_C04147 , 179
GWK60_C04169 , 1690
GWK60_C04213 , 662
GWK60_C04235 , 1531
GWK60_C04257 , 87182
GWK60_C04279 , 32473
GWK60_C04301 , 113
GWK60_C04323 , 443
GWK60_C04367 , 50932
GWK60_C04389 , 5651
GWK60_C04411 , 8708
GWK60_C04433 , 63
GWK60_C04455 , 979
GWK60_C04477 , 35749
GWK60_C04499 , 108
GWK60_C04521 , 0
GWK60_C04543 , 3545
GWK60_C04565 , 1002
GWK60_C04587 , 3959
GWK60_C04609 , 151
GWK60_C04631 , 5171
GWK60_C04653 , 1704
GWK60_C04675 , 1594
GWK60_C04697 , 509
GWK60_C04719 , 964
GWK60_C04741 , 1701
GWK60_C04763 , 239
GWK60_C04785 , 1389
GWK60_C04807 , 497
GWK60_C04829 , 227
GWK60_C04851 , 498
GWK60_C04873 , 882
GWK60_C04895 , 3817
GWK60_C04917 , 901
GWK60_C04939 , 2141
GWK60_C04983 , 1
GWK60_C05005 , 59
GWK60_C05049 , 2219
GWK60_C05071 , 1638
GWK60_C05093 , 310
GWK60_C05115 , 646
GWK60_C00121 , 0
GWK60_C00275 , 0
GWK60_C00407 , 0
GWK60_C00539 , 0
GWK60_C00649 , 0
GWK60_C00781 , 0
GWK60_C00847 , 793
GWK60_C00913 , 0
GWK60_C00979 , 0
GWK60_C01001 , 462
GWK60_C01067 , 0
GWK60_C01155 , 0
GWK60_C01221 , 1
GWK60_C01661 , 0
GWK60_C01683 , 21
GWK60_C01705 , 0
GWK60_C01749 , 128
GWK60_C01947 , 0
GWK60_C02079 , 0
GWK60_C02607 , 0
GWK60_C02629 , 0
GWK60_C02651 , 0
GWK60_C02761 , 0
GWK60_C02915 , 1
GWK60_C03135 , 0
GWK60_C03949 , 0
GWK60_C04037 , 0
GWK60_C04191 , 126
GWK60_C05027 , 0
GWK60_D00033 , 14
GWK60_D00055 , 28960
GWK60_D00209 , 794
GWK60_D00319 , 0
GWK60_D00341 , 243
GWK60_D00407 , 715
GWK60_D00495 , 341
GWK60_D00517 , 3073
GWK60_D00561 , 611
GWK60_D00605 , 21862
GWK60_D00627 , 0
GWK60_D00693 , 628
GWK60_D00737 , 202
GWK60_D00759 , 303
GWK60_D00781 , 1244
GWK60_D00803 , 135
GWK60_D00825 , 1145
GWK60_D00869 , 287
GWK60_D00891 , 19
GWK60_D00935 , 0
GWK60_D01023 , 1610
GWK60_D01067 , 0
GWK60_D01089 , 0
GWK60_D01111 , 0
GWK60_D01133 , 4
GWK60_D01155 , 9086
GWK60_D01199 , 437
GWK60_D01243 , 0
GWK60_D01265 , 442
GWK60_D01287 , 0
GWK60_D01309 , 175
GWK60_D01331 , 4
GWK60_D01353 , 7303
GWK60_D01375 , 0
GWK60_D01397 , 925
GWK60_D01441 , 4
GWK60_D01485 , 4014
GWK60_D01507 , 13
GWK60_D01595 , 875
GWK60_D01639 , 708
GWK60_D01661 , 6
GWK60_D01705 , 109
GWK60_D01793 , 41
GWK60_D01815 , 111
GWK60_D01881 , 1005
GWK60_D01947 , 2830
GWK60_D01991 , 0
GWK60_D02013 , 153
GWK60_D02079 , 687
GWK60_D02101 , 1512
GWK60_D02189 , 0
GWK60_D02211 , 391
GWK60_D02255 , 172
GWK60_D02277 , 116
GWK60_D02387 , 0
GWK60_D02431 , 88
GWK60_D02497 , 0
GWK60_D02563 , 39
GWK60_D02607 , 0
GWK60_D02629 , 38
GWK60_D02651 , 128
GWK60_D02695 , 441
GWK60_D02717 , 1000
GWK60_D02783 , 243
GWK60_D02893 , 202
GWK60_D02915 , 0
GWK60_D02937 , 0
GWK60_D02959 , 598
GWK60_D03047 , 560
GWK60_D03069 , 41
GWK60_D03091 , 2242
GWK60_D03135 , 289
GWK60_D03201 , 97
GWK60_D03267 , 0
GWK60_D03311 , 0
GWK60_D03333 , 0
GWK60_D03355 , 1394
GWK60_D03377 , 2
GWK60_D03399 , 332
GWK60_D03421 , 197
GWK60_D03443 , 189
GWK60_D03487 , 5258
GWK60_D03509 , 1818
GWK60_D03619 , 423
GWK60_D03817 , 165
GWK60_D03839 , 110
GWK60_D03861 , 112
GWK60_D03971 , 217
GWK60_D04015 , 2
GWK60_D04081 , 1
GWK60_D04103 , 471
GWK60_D04169 , 501
GWK60_D04191 , 834
GWK60_D04213 , 0
GWK60_D04235 , 1692
GWK60_D04257 , 450
GWK60_D04279 , 0
GWK60_D04323 , 0
GWK60_D04367 , 14
GWK60_D04411 , 24
GWK60_D04477 , 2810
GWK60_D04499 , 0
GWK60_D04521 , 15975
GWK60_D04543 , 90
GWK60_D04587 , 38
GWK60_D04675 , 613
GWK60_D04697 , 656
GWK60_D04719 , 1
GWK60_D04741 , 7
GWK60_D04763 , 83
GWK60_D04829 , 0
GWK60_D04851 , 2365
GWK60_D04873 , 1598
GWK60_D04895 , 1404
GWK60_D04917 , 479
GWK60_D04939 , 538
GWK60_D04961 , 0
GWK60_D04983 , 127
GWK60_D05027 , 470
GWK60_D05115 , 225
GWK60_D05247 , 929
GWK60_D05269 , 737
GWK60_D05291 , 109
GWK60_D05313 , 0
GWK60_D05335 , 689
GWK60_D05357 , 584
GWK60_D05379 , 358
GWK60_D05423 , 2633
GWK60_D05445 , 0
GWK60_D05467 , 1754
GWK60_D05511 , 96
GWK60_D05533 , 445
GWK60_D05555 , 8
GWK60_D05621 , 41
GWK60_D05643 , 0
GWK60_D05687 , 232
GWK60_D05709 , 124
GWK60_D05731 , 808
GWK60_D05753 , 8322
GWK60_D05775 , 28
GWK60_D05797 , 2615
GWK60_D05819 , 672
GWK60_D05841 , 5227
GWK60_D05863 , 695
GWK60_D05907 , 2904
GWK60_D05929 , 0
GWK60_D05951 , 173
GWK60_D05973 , 7424
GWK60_D05995 , 14531
GWK60_D06017 , 7920
GWK60_D06039 , 76
GWK60_D06061 , 11039
GWK60_D06083 , 14566
GWK60_D06127 , 780
GWK60_D06149 , 0
GWK60_D06171 , 1921
GWK60_D06215 , 4058
GWK60_D06259 , 0
GWK60_D06347 , 709
GWK60_D06391 , 1600
GWK60_D06413 , 6566
GWK60_D06435 , 6
GWK60_D06479 , 0
GWK60_D06501 , 556
GWK60_D06523 , 1708
GWK60_D06567 , 30583
GWK60_D06589 , 18475
GWK60_D06655 , 212
GWK60_D06677 , 445
GWK60_D06699 , 605
GWK60_D06721 , 1078
GWK60_D06765 , 4988
GWK60_D06787 , 3464
GWK60_D06809 , 338
GWK60_D06853 , 1161
GWK60_D06875 , 96
GWK60_D06897 , 15
GWK60_D00077 , 0
GWK60_D00143 , 0
GWK60_D00253 , 62
GWK60_D00363 , 0
GWK60_D00429 , 0
GWK60_D00715 , 28
GWK60_D01045 , 0
GWK60_D01177 , 0
GWK60_D01463 , 0
GWK60_D01683 , 0
GWK60_D01903 , 164
GWK60_D01925 , 4
GWK60_D01969 , 1
GWK60_D02123 , 0
GWK60_D02343 , 1
GWK60_D02475 , 0
GWK60_D02673 , 1
GWK60_D02739 , 1
GWK60_D03223 , 0
GWK60_D03289 , 0
GWK60_D03531 , 0
GWK60_D03553 , 15
GWK60_D03685 , 0
GWK60_D03729 , 0
GWK60_D03751 , 0
GWK60_D03773 , 170
GWK60_D03905 , 0
GWK60_D03949 , 0
GWK60_D04037 , 1
GWK60_D04059 , 141
GWK60_D04147 , 1565
GWK60_D04301 , 0
GWK60_D04389 , 0
GWK60_D04433 , 0
GWK60_D04631 , 0
GWK60_D04807 , 0
GWK60_D05049 , 0
GWK60_D05159 , 0
GWK60_D05203 , 0
GWK60_D05401 , 0
GWK60_D05665 , 3
GWK60_D06105 , 0
GWK60_D06193 , 0
GWK60_D06237 , 0
GWK60_D06303 , 5
GWK60_D06325 , 57
GWK60_E00055 , 9
GWK60_E00077 , 10
GWK60_E00099 , 0
GWK60_E00165 , 405
GWK60_E00187 , 360
GWK60_E00253 , 1329
GWK60_E00275 , 548
GWK60_E00297 , 0
GWK60_E00319 , 77
GWK60_E00341 , 68
GWK60_E00363 , 251
GWK60_E00407 , 32
GWK60_E00429 , 91
GWK60_E00473 , 1
GWK60_E00495 , 1
GWK60_E00517 , 270
GWK60_E00561 , 1
GWK60_E00583 , 3418
GWK60_E00627 , 5
GWK60_E00649 , 2
GWK60_E00671 , 1338
GWK60_E00825 , 1628
GWK60_E00869 , 1095
GWK60_E00913 , 115
GWK60_E00957 , 1830
GWK60_E00979 , 1869
GWK60_E01001 , 1289
GWK60_E01023 , 497
GWK60_E01045 , 1286
GWK60_E01067 , 599
GWK60_E01089 , 10395
GWK60_E01111 , 243
GWK60_E01133 , 6
GWK60_E01177 , 88
GWK60_E01199 , 564
GWK60_E01243 , 2065
GWK60_E01265 , 105
GWK60_E01287 , 180
GWK60_E01375 , 679
GWK60_E01397 , 0
GWK60_E01441 , 3193
GWK60_E01463 , 952
GWK60_E01485 , 689
GWK60_E01507 , 7603
GWK60_E01529 , 75
GWK60_E01551 , 254
GWK60_E01573 , 181
GWK60_E01595 , 1860
GWK60_E01617 , 3192
GWK60_E01639 , 4828
GWK60_E01661 , 806
GWK60_E01683 , 747
GWK60_E01705 , 269
GWK60_E01727 , 652
GWK60_E01749 , 7603
GWK60_E01793 , 3220
GWK60_E01815 , 3488
GWK60_E01837 , 14
GWK60_E01859 , 122
GWK60_E01903 , 8428
GWK60_E01925 , 2670
GWK60_E01947 , 1475
GWK60_E01969 , 11814
GWK60_E01991 , 2220
GWK60_E02013 , 22250
GWK60_E02035 , 1051
GWK60_E02057 , 135
GWK60_E02079 , 3079
GWK60_E02123 , 8006
GWK60_E02189 , 1382
GWK60_E02211 , 3002
GWK60_E02233 , 1875
GWK60_E02277 , 7084
GWK60_E02299 , 14483
GWK60_E02321 , 7075
GWK60_E02343 , 3161
GWK60_E02365 , 669
GWK60_E02409 , 2501
GWK60_E02431 , 7773
GWK60_E02453 , 54
GWK60_E02475 , 4375
GWK60_E02497 , 1291
GWK60_E02519 , 11163
GWK60_E02541 , 2478
GWK60_E02563 , 1020
GWK60_E02585 , 2817
GWK60_E02607 , 364
GWK60_E02629 , 1188
GWK60_E02651 , 1328
GWK60_E02673 , 421
GWK60_E02695 , 3989
GWK60_E02739 , 81
GWK60_E02761 , 1641
GWK60_E02783 , 1559
GWK60_E02805 , 1493
GWK60_E02827 , 1242
GWK60_E02849 , 883
GWK60_E02871 , 7380
GWK60_E02893 , 4910
GWK60_E02915 , 394
GWK60_E02937 , 263
GWK60_E02981 , 35
GWK60_E03003 , 7
GWK60_E03091 , 1438
GWK60_E03113 , 32
GWK60_E03135 , 405
GWK60_E03157 , 256
GWK60_E03179 , 129
GWK60_E03245 , 88
GWK60_E03267 , 706
GWK60_E03289 , 119
GWK60_E03333 , 805
GWK60_E03355 , 2342
GWK60_E03377 , 1027
GWK60_E03399 , 1156
GWK60_E03421 , 69
GWK60_E03443 , 495
GWK60_E03465 , 3387
GWK60_E03487 , 1138
GWK60_E03509 , 231
GWK60_E03531 , 1927
GWK60_E03575 , 0
GWK60_E03597 , 214
GWK60_E03619 , 1250
GWK60_E03685 , 168
GWK60_E03707 , 370
GWK60_E03729 , 159
GWK60_E03795 , 1987
GWK60_E03817 , 553
GWK60_E03839 , 720
GWK60_E03861 , 1
GWK60_E03905 , 102
GWK60_E03949 , 76
GWK60_E03971 , 762
GWK60_E03993 , 155
GWK60_E04015 , 0
GWK60_E04037 , 4311
GWK60_E04059 , 4969
GWK60_E04081 , 54
GWK60_E04103 , 3944
GWK60_E04147 , 1051
GWK60_E04169 , 361
GWK60_E04213 , 170
GWK60_E04323 , 13638
GWK60_E04345 , 2375
GWK60_E04389 , 747
GWK60_E04411 , 1497
GWK60_E04477 , 1310
GWK60_E04499 , 1439
GWK60_E04521 , 27
GWK60_E04543 , 0
GWK60_E04565 , 40
GWK60_E04587 , 756
GWK60_E04609 , 58122
GWK60_E04631 , 1082
GWK60_E04697 , 1089
GWK60_E04719 , 0
GWK60_E04763 , 160
GWK60_E04785 , 74
GWK60_E04807 , 247
GWK60_E04851 , 941
GWK60_E04873 , 151
GWK60_E04895 , 1594
GWK60_E04917 , 133
GWK60_E04939 , 79
GWK60_E04983 , 651
GWK60_E05027 , 0
GWK60_E05071 , 0
GWK60_E05093 , 5
GWK60_E05181 , 2
GWK60_E05203 , 0
GWK60_E05247 , 1572
GWK60_E05269 , 28
GWK60_E05291 , 4144
GWK60_E05313 , 2873
GWK60_E05335 , 426
GWK60_E05357 , 934
GWK60_E05445 , 0
GWK60_E05467 , 277
GWK60_E05489 , 134
GWK60_E05555 , 73
GWK60_E05577 , 230
GWK60_E05599 , 6350
GWK60_E05621 , 1744
GWK60_E05643 , 1667
GWK60_E05665 , 199
GWK60_E05731 , 2206
GWK60_E05753 , 195
GWK60_E05863 , 7667
GWK60_E05885 , 830
GWK60_E05907 , 10
GWK60_E05929 , 34
GWK60_E05995 , 0
GWK60_E06039 , 7587
GWK60_E06083 , 0
GWK60_E06105 , 244
GWK60_E06149 , 0
GWK60_E06215 , 79
GWK60_E00209 , 755
GWK60_E00385 , 0
GWK60_E00451 , 0
GWK60_E00605 , 2
GWK60_E00781 , 0
GWK60_E00803 , 68
GWK60_E00891 , 0
GWK60_E00935 , 19
GWK60_E01419 , 511
GWK60_E01881 , 0
GWK60_E02959 , 0
GWK60_E03025 , 0
GWK60_E03047 , 5
GWK60_E03069 , 0
GWK60_E03201 , 0
GWK60_E03223 , 0
GWK60_E03311 , 0
GWK60_E03553 , 0
GWK60_E03641 , 361
GWK60_E03663 , 115
GWK60_E03773 , 142
GWK60_E03883 , 0
GWK60_E04191 , 50
GWK60_E04257 , 0
GWK60_E04301 , 0
GWK60_E04653 , 14
GWK60_E04675 , 0
GWK60_E04741 , 39
GWK60_E05115 , 249
GWK60_E05225 , 0
GWK60_E05423 , 0
GWK60_E05841 , 0
GWK60_E05951 , 0
GWK60_E06017 , 54
GWK60_E06061 , 0
GWK60_E06237 , 1
GWK60_F00011 , 3
GWK60_F00055 , 296
GWK60_F00099 , 478
GWK60_F00121 , 326
GWK60_F00165 , 498
GWK60_F00209 , 2023
GWK60_F00275 , 33
GWK60_F00297 , 870
GWK60_F00451 , 553
GWK60_F00495 , 732
GWK60_F00517 , 37
GWK60_F00539 , 0
GWK60_F00583 , 0
GWK60_F00627 , 1256
GWK60_F00649 , 2027
GWK60_F00693 , 66
GWK60_F00715 , 11
GWK60_F00737 , 627
GWK60_F00759 , 74
GWK60_F00781 , 347
GWK60_F00803 , 114
GWK60_F00847 , 198
GWK60_F00913 , 0
GWK60_F00979 , 900
GWK60_F01023 , 692
GWK60_F01045 , 930
GWK60_F01067 , 2472
GWK60_F01089 , 3817
GWK60_F01111 , 530
GWK60_F01133 , 665
GWK60_F01155 , 514
GWK60_F01177 , 75
GWK60_F01199 , 3532
GWK60_F01221 , 4268
GWK60_F01243 , 4769
GWK60_F01331 , 600
GWK60_F01397 , 205
GWK60_F01419 , 3988
GWK60_F01441 , 0
GWK60_F01485 , 3423
GWK60_F01507 , 2657
GWK60_F01529 , 3939
GWK60_F01551 , 0
GWK60_F01573 , 17908
GWK60_F01595 , 2819
GWK60_F01617 , 2478
GWK60_F01639 , 317
GWK60_F01661 , 1852
GWK60_F01727 , 6822
GWK60_F01749 , 6625
GWK60_F01771 , 2885
GWK60_F01815 , 1056
GWK60_F01859 , 2712
GWK60_F01903 , 4110
GWK60_F01925 , 8511
GWK60_F01947 , 1830
GWK60_F01969 , 7231
GWK60_F02013 , 3150
GWK60_F02035 , 17
GWK60_F02057 , 11001
GWK60_F02079 , 1083
GWK60_F02101 , 9593
GWK60_F02123 , 182
GWK60_F02145 , 20048
GWK60_F02167 , 3770
GWK60_F02189 , 465
GWK60_F02211 , 115
GWK60_F02233 , 357
GWK60_F02255 , 2740
GWK60_F02277 , 0
GWK60_F02299 , 233
GWK60_F02321 , 0
GWK60_F02343 , 8
GWK60_F02365 , 53
GWK60_F02409 , 357
GWK60_F02431 , 43615
GWK60_F02453 , 69
GWK60_F02475 , 1318
GWK60_F02497 , 735
GWK60_F02519 , 637
GWK60_F02541 , 967
GWK60_F02585 , 566
GWK60_F02607 , 2370
GWK60_F02673 , 1197
GWK60_F02717 , 4208
GWK60_F02739 , 340
GWK60_F02761 , 1783
GWK60_F02783 , 187
GWK60_F02805 , 1713
GWK60_F02827 , 1376
GWK60_F02849 , 45
GWK60_F02871 , 3934
GWK60_F02915 , 10
GWK60_F02937 , 410
GWK60_F02959 , 657
GWK60_F03003 , 10262
GWK60_F03047 , 791
GWK60_F03091 , 306
GWK60_F03113 , 1133
GWK60_F03135 , 2242
GWK60_F03179 , 745
GWK60_F03245 , 166
GWK60_F03267 , 93
GWK60_F03311 , 4007
GWK60_F03333 , 1505
GWK60_F03355 , 25
GWK60_F03377 , 446
GWK60_F03399 , 270
GWK60_F03421 , 428
GWK60_F03443 , 0
GWK60_F03509 , 122
GWK60_F03531 , 2
GWK60_F03575 , 1170
GWK60_F03597 , 766
GWK60_F03663 , 1520
GWK60_F03707 , 1582
GWK60_F03729 , 71
GWK60_F03773 , 127
GWK60_F03795 , 3852
GWK60_F03817 , 3
GWK60_F03861 , 244
GWK60_F03971 , 298
GWK60_F03993 , 240
GWK60_F04015 , 586
GWK60_F04125 , 943
GWK60_F04147 , 158
GWK60_F04169 , 5
GWK60_F04191 , 279
GWK60_F04213 , 276
GWK60_F04279 , 0
GWK60_F04301 , 131
GWK60_F04323 , 1234
GWK60_F04345 , 7
GWK60_F04367 , 16
GWK60_F04389 , 0
GWK60_F04411 , 1
GWK60_F04433 , 0
GWK60_F04455 , 456
GWK60_F04499 , 3561
GWK60_F04521 , 215
GWK60_F04631 , 58
GWK60_F04675 , 1079
GWK60_F04697 , 618
GWK60_F04719 , 387
GWK60_F04741 , 178
GWK60_F04763 , 8
GWK60_F04851 , 526
GWK60_F04895 , 83
GWK60_F04917 , 598
GWK60_F04939 , 0
GWK60_F04983 , 62
GWK60_F05005 , 341
GWK60_F05027 , 326
GWK60_F05115 , 0
GWK60_F05181 , 139
GWK60_F05203 , 2591
GWK60_F05291 , 1
GWK60_F05335 , 27
GWK60_F05379 , 193
GWK60_F05401 , 0
GWK60_F05445 , 189
GWK60_F05467 , 868
GWK60_F05489 , 64
GWK60_F05533 , 59
GWK60_F05555 , 180
GWK60_F05577 , 865
GWK60_F05665 , 227
GWK60_F05687 , 16
GWK60_F05753 , 131
GWK60_F05775 , 99
GWK60_F05797 , 0
GWK60_F05841 , 889
GWK60_F05863 , 0
GWK60_F05885 , 144
GWK60_F05907 , 0
GWK60_F05929 , 0
GWK60_F06017 , 0
GWK60_F06061 , 0
GWK60_F06149 , 408
GWK60_F06215 , 122
GWK60_F06237 , 206
GWK60_F06347 , 102
GWK60_F06479 , 351
GWK60_F06501 , 908
GWK60_F06523 , 3381
GWK60_F06589 , 22154
GWK60_F06633 , 546
GWK60_F06677 , 774
GWK60_F06831 , 71
GWK60_F06853 , 376
GWK60_F06963 , 0
GWK60_F07073 , 1231
GWK60_F07117 , 1
GWK60_F07161 , 17
GWK60_F07205 , 939
GWK60_F07249 , 749
GWK60_F07271 , 0
GWK60_F07337 , 481
GWK60_F07359 , 6
GWK60_F07425 , 6
GWK60_F07447 , 216
GWK60_F07469 , 0
GWK60_F07491 , 0
GWK60_F07513 , 206
GWK60_F07535 , 998
GWK60_F07557 , 279
GWK60_F07601 , 689
GWK60_F07623 , 0
GWK60_F07645 , 1135
GWK60_F07733 , 0
GWK60_F07777 , 37
GWK60_F07799 , 106
GWK60_F07821 , 0
GWK60_F07843 , 0
GWK60_F07865 , 366
GWK60_F08019 , 68
GWK60_F08107 , 736
GWK60_F08129 , 0
GWK60_F08173 , 1046
GWK60_F08195 , 46
GWK60_F08261 , 791
GWK60_F08305 , 1556
GWK60_F08349 , 1439
GWK60_F08371 , 439
GWK60_F08393 , 1
GWK60_F08415 , 3
GWK60_F08437 , 1
GWK60_F08459 , 48
GWK60_F08503 , 0
GWK60_F08525 , 0
GWK60_F08547 , 928
GWK60_F08591 , 1
GWK60_F08613 , 0
GWK60_F08635 , 828
GWK60_F08657 , 16
GWK60_F08701 , 0
GWK60_F08723 , 15
GWK60_F08745 , 0
GWK60_F00033 , 0
GWK60_F00077 , 324
GWK60_F00363 , 0
GWK60_F00561 , 0
GWK60_F00605 , 0
GWK60_F00825 , 804
GWK60_F00891 , 218
GWK60_F00957 , 0
GWK60_F01375 , 711
GWK60_F01683 , 0
GWK60_F02563 , 1
GWK60_F02695 , 0
GWK60_F02893 , 0
GWK60_F02981 , 0
GWK60_F03465 , 0
GWK60_F03839 , 87
GWK60_F03883 , 0
GWK60_F03927 , 0
GWK60_F04235 , 0
GWK60_F04961 , 0
GWK60_F05269 , 0
GWK60_F05313 , 575
GWK60_F05357 , 0
GWK60_F05423 , 0
GWK60_F05599 , 1
GWK60_F05621 , 0
GWK60_F05643 , 158
GWK60_F05731 , 11
GWK60_F05973 , 0
GWK60_F06105 , 0
GWK60_F06127 , 0
GWK60_F06369 , 0
GWK60_F06413 , 0
GWK60_F06435 , 0
GWK60_F06567 , 447
GWK60_F06611 , 0
GWK60_F06743 , 0
GWK60_F06897 , 7
GWK60_F07139 , 0
GWK60_F07315 , 678
GWK60_F07403 , 0
GWK60_F07755 , 113
GWK60_F07887 , 0
GWK60_F07931 , 1109
GWK60_F07975 , 508
GWK60_F08063 , 126
GWK60_F08327 , 1
GWK60_F08679 , 1
GWK60_G00033 , 22
GWK60_G00077 , 1204
GWK60_G00099 , 4916
GWK60_G00121 , 5119
GWK60_G00143 , 941
GWK60_G00165 , 5882
GWK60_G00187 , 8937
GWK60_G00209 , 9315
GWK60_G00231 , 697
GWK60_G00275 , 1931
GWK60_G00297 , 30
GWK60_G00341 , 0
GWK60_G00363 , 1217
GWK60_G00385 , 129
GWK60_G00407 , 10118
GWK60_G00451 , 7819
GWK60_G00495 , 2425
GWK60_G00517 , 3672
GWK60_G00539 , 2874
GWK60_G00561 , 4122
GWK60_G00605 , 0
GWK60_G00649 , 84
GWK60_G00671 , 119
GWK60_G00693 , 6987
GWK60_G00715 , 9428
GWK60_G00737 , 78
GWK60_G00759 , 2751
GWK60_G00825 , 950
GWK60_G00869 , 60537
GWK60_G00891 , 4258
GWK60_G00913 , 2782
GWK60_G00935 , 66
GWK60_G00957 , 2884
GWK60_G01023 , 5581
GWK60_G01045 , 2039
GWK60_G01067 , 205
GWK60_G01089 , 465
GWK60_G01111 , 29
GWK60_G01133 , 1298
GWK60_G01155 , 6
GWK60_G01177 , 259
GWK60_G01199 , 1784
GWK60_G01243 , 536
GWK60_G01287 , 1328
GWK60_G01309 , 4028
GWK60_G01331 , 81
GWK60_G01353 , 91
GWK60_G01375 , 8
GWK60_G01397 , 10255
GWK60_G01419 , 988
GWK60_G01441 , 0
GWK60_G01463 , 394
GWK60_G01485 , 1631
GWK60_G01507 , 0
GWK60_G01551 , 104
GWK60_G01573 , 1283
GWK60_G01595 , 2
GWK60_G01639 , 392
GWK60_G01749 , 94
GWK60_G01771 , 8069
GWK60_G01793 , 722
GWK60_G01815 , 0
GWK60_G01837 , 374
GWK60_G01859 , 0
GWK60_G01903 , 61
GWK60_G01925 , 3253
GWK60_G01969 , 637
GWK60_G01991 , 1569
GWK60_G02013 , 433
GWK60_G02079 , 24
GWK60_G02123 , 819
GWK60_G02145 , 0
GWK60_G02189 , 68
GWK60_G02211 , 0
GWK60_G02233 , 429
GWK60_G02277 , 102
GWK60_G02299 , 626
GWK60_G02343 , 166
GWK60_G02387 , 300
GWK60_G02409 , 1420
GWK60_G02431 , 0
GWK60_G02453 , 383
GWK60_G02475 , 1460
GWK60_G02519 , 269
GWK60_G02541 , 2479
GWK60_G02563 , 20
GWK60_G02585 , 18977
GWK60_G02607 , 536
GWK60_G02695 , 1986
GWK60_G02739 , 13
GWK60_G02783 , 0
GWK60_G02805 , 6989
GWK60_G02827 , 2
GWK60_G02849 , 1478
GWK60_G02893 , 0
GWK60_G02915 , 24
GWK60_G03047 , 382
GWK60_G03069 , 0
GWK60_G03113 , 529
GWK60_G03135 , 39
GWK60_G03157 , 710
GWK60_G03223 , 0
GWK60_G03267 , 0
GWK60_G03289 , 1517
GWK60_G03311 , 6
GWK60_G03377 , 340
GWK60_G03399 , 2699
GWK60_G03421 , 1
GWK60_G03465 , 343
GWK60_G03487 , 59
GWK60_G03509 , 1677
GWK60_G03641 , 1225
GWK60_G03707 , 76
GWK60_G03729 , 410
GWK60_G03773 , 365
GWK60_G03795 , 723
GWK60_G03817 , 2433
GWK60_G03861 , 257
GWK60_G03883 , 0
GWK60_G03949 , 0
GWK60_G03971 , 66
GWK60_G03993 , 95
GWK60_G04081 , 0
GWK60_G04213 , 0
GWK60_G04257 , 345
GWK60_G04323 , 250
GWK60_G04367 , 0
GWK60_G04389 , 332
GWK60_G04433 , 0
GWK60_G04455 , 417
GWK60_G04477 , 0
GWK60_G04499 , 30
GWK60_G04521 , 645
GWK60_G04543 , 19
GWK60_G04565 , 794
GWK60_G04587 , 85
GWK60_G04609 , 10
GWK60_G04631 , 68
GWK60_G04719 , 0
GWK60_G04785 , 59
GWK60_G04807 , 0
GWK60_G04829 , 0
GWK60_G04961 , 272
GWK60_G04983 , 2
GWK60_G05005 , 82
GWK60_G05027 , 614
GWK60_G05071 , 97
GWK60_G05093 , 3669
GWK60_G05137 , 1
GWK60_G05203 , 887
GWK60_G05225 , 384
GWK60_G05247 , 8
GWK60_G05313 , 39
GWK60_G05335 , 2538
GWK60_G05357 , 18
GWK60_G05401 , 828
GWK60_G05423 , 743
GWK60_G05445 , 393
GWK60_G05489 , 326
GWK60_G05511 , 6505
GWK60_G05577 , 0
GWK60_G05599 , 0
GWK60_G05643 , 492
GWK60_G05665 , 73
GWK60_G05731 , 1299
GWK60_G05775 , 71
GWK60_G05841 , 291
GWK60_G05863 , 0
GWK60_G05885 , 0
GWK60_G05929 , 2
GWK60_G05973 , 1
GWK60_G06105 , 46
GWK60_G06127 , 472
GWK60_G06171 , 550
GWK60_G06193 , 1578
GWK60_G06215 , 3
GWK60_G06237 , 142
GWK60_G06281 , 145
GWK60_G06303 , 25
GWK60_G06347 , 0
GWK60_G06369 , 3220
GWK60_G06435 , 4132
GWK60_G06457 , 470
GWK60_G06567 , 369
GWK60_G06589 , 319
GWK60_G06611 , 33
GWK60_G06677 , 478
GWK60_G06743 , 96
GWK60_G06853 , 0
GWK60_G06875 , 0
GWK60_G06963 , 1685
GWK60_G06985 , 35201
GWK60_G07007 , 5
GWK60_G07095 , 914
GWK60_G07183 , 211
GWK60_G07293 , 1
GWK60_G07337 , 704
GWK60_G07359 , 5283
GWK60_G07381 , 85
GWK60_G07403 , 281
GWK60_G07513 , 107
GWK60_G07689 , 0
GWK60_G07733 , 1057
GWK60_G07755 , 1192
GWK60_G07799 , 133
GWK60_G07821 , 273
GWK60_G07843 , 86
GWK60_G07865 , 14
GWK60_G07953 , 139
GWK60_G07975 , 261
GWK60_G08173 , 0
GWK60_G08305 , 278
GWK60_G08327 , 83
GWK60_G08349 , 3
GWK60_G08371 , 0
GWK60_G08393 , 596
GWK60_G08415 , 747
GWK60_G08437 , 1332
GWK60_G08459 , 0
GWK60_G08481 , 0
GWK60_G08547 , 1015
GWK60_G08569 , 5
GWK60_G08613 , 0
GWK60_G08635 , 73
GWK60_G08657 , 2
GWK60_G08701 , 344
GWK60_G08745 , 1544
GWK60_G08855 , 0
GWK60_G08877 , 698
GWK60_G08899 , 1
GWK60_G08943 , 0
GWK60_G08965 , 272
GWK60_G08987 , 0
GWK60_G09009 , 160
GWK60_G09031 , 0
GWK60_G09119 , 0
GWK60_G09163 , 1203
GWK60_G09229 , 1630
GWK60_G09273 , 369
GWK60_G09295 , 121
GWK60_G09339 , 1445
GWK60_G09361 , 11734
GWK60_G09449 , 0
GWK60_G09471 , 1481
GWK60_G09625 , 85
GWK60_G09691 , 9028
GWK60_G09713 , 95
GWK60_G09779 , 0
GWK60_G09801 , 141
GWK60_G09889 , 105
GWK60_G00011 , 0
GWK60_G00319 , 1
GWK60_G00429 , 535
GWK60_G00627 , 0
GWK60_G00803 , 0
GWK60_G00979 , 30
GWK60_G01221 , 36
GWK60_G01265 , 13
GWK60_G01683 , 0
GWK60_G01705 , 0
GWK60_G01881 , 0
GWK60_G02057 , 173
GWK60_G02497 , 0
GWK60_G02629 , 11
GWK60_G02761 , 0
GWK60_G02937 , 0
GWK60_G03003 , 0
GWK60_G03201 , 0
GWK60_G03355 , 0
GWK60_G03531 , 0
GWK60_G03575 , 0
GWK60_G03619 , 503
GWK60_G03663 , 254
GWK60_G03685 , 95
GWK60_G03905 , 462
GWK60_G03927 , 0
GWK60_G04125 , 0
GWK60_G04147 , 72
GWK60_G04235 , 4
GWK60_G04741 , 0
GWK60_G04873 , 2
GWK60_G04917 , 0
GWK60_G05049 , 0
GWK60_G05115 , 0
GWK60_G05159 , 0
GWK60_G05269 , 0
GWK60_G05291 , 0
GWK60_G05379 , 0
GWK60_G05467 , 0
GWK60_G05533 , 313
GWK60_G05555 , 0
GWK60_G05621 , 0
GWK60_G05797 , 230
GWK60_G05819 , 0
GWK60_G05907 , 253
GWK60_G05951 , 120
GWK60_G06083 , 0
GWK60_G06413 , 0
GWK60_G06523 , 0
GWK60_G06655 , 3
GWK60_G06765 , 0
GWK60_G06831 , 0
GWK60_G06941 , 48
GWK60_G07029 , 0
GWK60_G07073 , 0
GWK60_G07117 , 0
GWK60_G07139 , 0
GWK60_G07227 , 102
GWK60_G07315 , 57
GWK60_G07447 , 148
GWK60_G07777 , 0
GWK60_G07887 , 0
GWK60_G07931 , 0
GWK60_G08019 , 0
GWK60_G08085 , 2
GWK60_G08151 , 0
GWK60_G08239 , 1
GWK60_G08525 , 0
GWK60_G09185 , 3
GWK60_G09207 , 0
GWK60_G09405 , 2
GWK60_G09493 , 0
GWK60_G09559 , 0
GWK60_G09581 , 189
GWK60_G09735 , 0
GWK60_G09845 , 0
GWK60_G09867 , 0
GWK60_H00099 , 26
GWK60_H00121 , 0
GWK60_H00143 , 1611
GWK60_H00165 , 64
GWK60_H00187 , 11
GWK60_H00209 , 1
GWK60_H00231 , 1164
GWK60_H00253 , 20
GWK60_H00319 , 198
GWK60_H00341 , 118
GWK60_H00385 , 176
GWK60_H00429 , 55
GWK60_H00495 , 21398
GWK60_H00539 , 23073
GWK60_H00561 , 758
GWK60_H00583 , 1201
GWK60_H00627 , 20
GWK60_H00671 , 0
GWK60_H00715 , 0
GWK60_H00737 , 1041
GWK60_H00781 , 226
GWK60_H00803 , 0
GWK60_H00847 , 0
GWK60_H00913 , 1651
GWK60_H00935 , 10
GWK60_H00957 , 76
GWK60_H00979 , 353
GWK60_H01023 , 5788
GWK60_H01067 , 8
GWK60_H01089 , 205
GWK60_H01111 , 348
GWK60_H01133 , 192
GWK60_H01243 , 4
GWK60_H01287 , 0
GWK60_H01309 , 274
GWK60_H01397 , 0
GWK60_H01419 , 348
GWK60_H01485 , 207
GWK60_H01507 , 1089
GWK60_H01529 , 718
GWK60_H01551 , 117
GWK60_H01595 , 619
GWK60_H01617 , 19
GWK60_H01639 , 2638
GWK60_H01661 , 95
GWK60_H01749 , 3870
GWK60_H01815 , 1
GWK60_H01881 , 3
GWK60_H02035 , 422
GWK60_H02057 , 1604
GWK60_H02101 , 41
GWK60_H02145 , 1552
GWK60_H02167 , 845
GWK60_H02255 , 0
GWK60_H02277 , 61
GWK60_H02321 , 4439
GWK60_H02343 , 639
GWK60_H02387 , 173
GWK60_H02453 , 405
GWK60_H02497 , 292
GWK60_H02519 , 358
GWK60_H02607 , 2
GWK60_H02629 , 133
GWK60_H02673 , 237
GWK60_H02783 , 0
GWK60_H02827 , 1
GWK60_H02893 , 0
GWK60_H02915 , 0
GWK60_H02937 , 0
GWK60_H02981 , 0
GWK60_H03047 , 130
GWK60_H03091 , 120
GWK60_H03113 , 231
GWK60_H03157 , 3
GWK60_H03179 , 0
GWK60_H03201 , 156
GWK60_H03245 , 2974
GWK60_H03355 , 195
GWK60_H03377 , 708
GWK60_H03399 , 15
GWK60_H03421 , 232
GWK60_H03443 , 17
GWK60_H03487 , 0
GWK60_H03531 , 4061
GWK60_H03575 , 164
GWK60_H03641 , 309
GWK60_H03663 , 0
GWK60_H03685 , 172
GWK60_H03707 , 82
GWK60_H03795 , 275
GWK60_H03839 , 657
GWK60_H03861 , 1019
GWK60_H03905 , 554
GWK60_H03927 , 158
GWK60_H03949 , 7015
GWK60_H03971 , 40
GWK60_H04015 , 802
GWK60_H04037 , 53
GWK60_H04213 , 5
GWK60_H04257 , 427
GWK60_H04345 , 24
GWK60_H04367 , 1171
GWK60_H04433 , 2965
GWK60_H04499 , 161
GWK60_H04521 , 641
GWK60_H04543 , 1
GWK60_H04587 , 0
GWK60_H04631 , 0
GWK60_H04653 , 0
GWK60_H04719 , 189
GWK60_H04741 , 0
GWK60_H04763 , 1316
GWK60_H04785 , 166
GWK60_H04807 , 24
GWK60_H04829 , 0
GWK60_H04851 , 958
GWK60_H04895 , 140
GWK60_H04917 , 0
GWK60_H04961 , 291
GWK60_H05027 , 0
GWK60_H05049 , 321
GWK60_H05093 , 0
GWK60_H05137 , 0
GWK60_H05159 , 57
GWK60_H05247 , 1432
GWK60_H05269 , 369
GWK60_H05291 , 249
GWK60_H05423 , 933
GWK60_H05445 , 0
GWK60_H05511 , 113
GWK60_H05533 , 129
GWK60_H05577 , 465
GWK60_H05599 , 659
GWK60_H05665 , 261
GWK60_H05709 , 0
GWK60_H05731 , 103
GWK60_H05753 , 42
GWK60_H05841 , 0
GWK60_H05863 , 853
GWK60_H05885 , 0
GWK60_H05929 , 51
GWK60_H05951 , 658
GWK60_H05973 , 255
GWK60_H05995 , 0
GWK60_H06083 , 227
GWK60_H06105 , 567
GWK60_H06149 , 40
GWK60_H06171 , 507
GWK60_H06193 , 0
GWK60_H06215 , 23
GWK60_H06237 , 33
GWK60_H06259 , 121
GWK60_H06281 , 520
GWK60_H06303 , 17
GWK60_H06325 , 131
GWK60_H06347 , 3704
GWK60_H06369 , 4797
GWK60_H06391 , 580
GWK60_H06435 , 694
GWK60_H06457 , 4
GWK60_H06523 , 1008
GWK60_H06545 , 0
GWK60_H06567 , 3075
GWK60_H06589 , 1070
GWK60_H06611 , 2831
GWK60_H06633 , 494
GWK60_H06655 , 343
GWK60_H06677 , 251
GWK60_H06721 , 572
GWK60_H06743 , 702
GWK60_H06787 , 604
GWK60_H06809 , 375
GWK60_H06831 , 7
GWK60_H06897 , 361
GWK60_H06919 , 352
GWK60_H07029 , 304
GWK60_H07073 , 91
GWK60_H07139 , 97
GWK60_H07205 , 145
GWK60_H07249 , 0
GWK60_H07271 , 246
GWK60_H07293 , 357
GWK60_H07315 , 321
GWK60_H07337 , 1088
GWK60_H07359 , 1152
GWK60_H07469 , 0
GWK60_H07535 , 1103
GWK60_H07557 , 3299
GWK60_H07579 , 3
GWK60_H07623 , 250
GWK60_H07645 , 189
GWK60_H07689 , 0
GWK60_H07711 , 510
GWK60_H07733 , 315
GWK60_H07755 , 951
GWK60_H07799 , 0
GWK60_H07821 , 168
GWK60_H07843 , 1225
GWK60_H07865 , 645
GWK60_H07931 , 95
GWK60_H07953 , 255
GWK60_H07975 , 214
GWK60_H08019 , 448
GWK60_H08041 , 0
GWK60_H08063 , 0
GWK60_H08085 , 745
GWK60_H08107 , 6
GWK60_H08129 , 3619
GWK60_H08151 , 25166
GWK60_H08195 , 0
GWK60_H08217 , 2305
GWK60_H08261 , 699
GWK60_H08305 , 498
GWK60_H08349 , 4857
GWK60_H08393 , 625
GWK60_H08415 , 325
GWK60_H08437 , 94
GWK60_H08459 , 4230
GWK60_H08481 , 1
GWK60_H08525 , 1039
GWK60_H08547 , 424
GWK60_H08591 , 20
GWK60_H08635 , 9
GWK60_H08657 , 324
GWK60_H08679 , 459
GWK60_H08723 , 541
GWK60_H08745 , 622
GWK60_H08789 , 774
GWK60_H08811 , 3376
GWK60_H08833 , 1808
GWK60_H08855 , 1755
GWK60_H08877 , 544
GWK60_H08921 , 1161
GWK60_H08965 , 1405
GWK60_H09009 , 238
GWK60_H09031 , 3
GWK60_H09053 , 580
GWK60_H09075 , 1670
GWK60_H09097 , 1666
GWK60_H09119 , 61414
GWK60_H09141 , 11694
GWK60_H09185 , 6945
GWK60_H09207 , 248
GWK60_H09229 , 1809
GWK60_H09251 , 59
GWK60_H09273 , 859
GWK60_H09295 , 0
GWK60_H09317 , 9967
GWK60_H09339 , 0
GWK60_H09361 , 3351
GWK60_H09383 , 97
GWK60_H09427 , 2745
GWK60_H09537 , 1
GWK60_H09559 , 492
GWK60_H09581 , 500
GWK60_H09603 , 2634
GWK60_H09647 , 4297
GWK60_H09669 , 637
GWK60_H09691 , 349
GWK60_H09713 , 9991
GWK60_H09735 , 1855
GWK60_H09757 , 11567
GWK60_H09779 , 60
GWK60_H09801 , 1017
GWK60_H09823 , 0
GWK60_H09845 , 1002
GWK60_H09867 , 937
GWK60_H09889 , 1672
GWK60_H09911 , 5634
GWK60_H09933 , 1808
GWK60_H09955 , 4279
GWK60_H09977 , 3289
GWK60_H09999 , 16409
GWK60_H10021 , 1920
GWK60_H10043 , 70
GWK60_H10065 , 3507
GWK60_H10087 , 2904
GWK60_H10109 , 545
GWK60_H10131 , 2492
GWK60_H10175 , 1060
GWK60_H10219 , 606
GWK60_H10241 , 4416
GWK60_H10263 , 265
GWK60_H10329 , 3
GWK60_H10373 , 2872
GWK60_H10395 , 973
GWK60_H10417 , 1684
GWK60_H10439 , 1313
GWK60_H10461 , 0
GWK60_H10483 , 2080
GWK60_H10505 , 3080
GWK60_H10527 , 153
GWK60_H10549 , 750
GWK60_H10571 , 1273
GWK60_H00605 , 0
GWK60_H00649 , 225
GWK60_H00693 , 1
GWK60_H00825 , 0
GWK60_H00891 , 0
GWK60_H01001 , 5
GWK60_H01155 , 0
GWK60_H01177 , 0
GWK60_H01441 , 0
GWK60_H01573 , 0
GWK60_H01903 , 0
GWK60_H01925 , 0
GWK60_H02013 , 0
GWK60_H02211 , 90
GWK60_H02233 , 0
GWK60_H02299 , 0
GWK60_H02431 , 0
GWK60_H02541 , 156
GWK60_H02563 , 0
GWK60_H02695 , 0
GWK60_H02761 , 0
GWK60_H02871 , 0
GWK60_H03135 , 0
GWK60_H03223 , 0
GWK60_H03311 , 0
GWK60_H03619 , 0
GWK60_H03751 , 5
GWK60_H04191 , 29
GWK60_H04279 , 0
GWK60_H04323 , 0
GWK60_H04389 , 0
GWK60_H04477 , 74
GWK60_H04675 , 119
GWK60_H05005 , 0
GWK60_H05071 , 0
GWK60_H05225 , 0
GWK60_H05335 , 120
GWK60_H05357 , 0
GWK60_H05379 , 0
GWK60_H05555 , 0
GWK60_H05621 , 0
GWK60_H05797 , 0
GWK60_H05819 , 0
GWK60_H06061 , 0
GWK60_H06127 , 0
GWK60_H06985 , 0
GWK60_H07007 , 0
GWK60_H07095 , 0
GWK60_H07381 , 460
GWK60_H07997 , 0
GWK60_H08613 , 0
GWK60_H08987 , 163
GWK60_H09493 , 45
GWK60_H10351 , 0
GWK60_I00055 , 205
GWK60_I00077 , 1
GWK60_I00099 , 0
GWK60_I00121 , 0
GWK60_I00165 , 1411
GWK60_I00187 , 257
GWK60_I00209 , 1579
GWK60_I00231 , 1
GWK60_I00275 , 224
GWK60_I00297 , 1836
GWK60_I00341 , 9170
GWK60_I00363 , 11
GWK60_I00385 , 16
GWK60_I00407 , 685
GWK60_I00429 , 123
GWK60_I00495 , 1604
GWK60_I00539 , 598
GWK60_I00561 , 0
GWK60_I00583 , 0
GWK60_I00627 , 269
GWK60_I00715 , 1942
GWK60_I00825 , 127
GWK60_I00913 , 451
GWK60_I00935 , 2389
GWK60_I00957 , 0
GWK60_I00979 , 0
GWK60_I01023 , 598
GWK60_I01045 , 991
GWK60_I01067 , 3672
GWK60_I01089 , 61
GWK60_I01111 , 16
GWK60_I01133 , 1804
GWK60_I01177 , 6
GWK60_I01221 , 1319
GWK60_I01243 , 0
GWK60_I01265 , 10
GWK60_I01309 , 6015
GWK60_I01331 , 4931
GWK60_I01375 , 368
GWK60_I01397 , 1013
GWK60_I01419 , 2016
GWK60_I01441 , 540
GWK60_I01485 , 7807
GWK60_I01507 , 4642
GWK60_I01529 , 236
GWK60_I01551 , 649
GWK60_I01573 , 41
GWK60_I01661 , 76
GWK60_I01683 , 128
GWK60_I01705 , 940
GWK60_I01727 , 0
GWK60_I01771 , 108
GWK60_I01793 , 352
GWK60_I01815 , 619
GWK60_I01859 , 164
GWK60_I01925 , 24
GWK60_I01969 , 170
GWK60_I01991 , 628
GWK60_I02035 , 955
GWK60_I02057 , 193
GWK60_I02079 , 471
GWK60_I02123 , 0
GWK60_I02189 , 0
GWK60_I02255 , 839
GWK60_I02277 , 0
GWK60_I02321 , 671
GWK60_I02343 , 1017
GWK60_I02365 , 460
GWK60_I02431 , 286
GWK60_I02453 , 1960
GWK60_I02475 , 0
GWK60_I02519 , 13099
GWK60_I02541 , 2740
GWK60_I02563 , 357
GWK60_I02585 , 1100
GWK60_I02629 , 7347
GWK60_I02651 , 2577
GWK60_I02673 , 974
GWK60_I02695 , 1837
GWK60_I02717 , 4327
GWK60_I02739 , 3660
GWK60_I02761 , 707
GWK60_I02783 , 4
GWK60_I02827 , 0
GWK60_I02849 , 0
GWK60_I02871 , 62
GWK60_I02893 , 20
GWK60_I02915 , 1640
GWK60_I02937 , 1092
GWK60_I02981 , 735
GWK60_I03003 , 174
GWK60_I03025 , 782
GWK60_I03091 , 1559
GWK60_I03113 , 125
GWK60_I03157 , 2342
GWK60_I03179 , 392
GWK60_I03201 , 413
GWK60_I03223 , 391
GWK60_I03245 , 720
GWK60_I03267 , 359
GWK60_I03311 , 2130
GWK60_I03355 , 12380
GWK60_I03377 , 998
GWK60_I03399 , 25207
GWK60_I03421 , 162
GWK60_I03443 , 1397
GWK60_I03465 , 0
GWK60_I03531 , 6504
GWK60_I03553 , 1537
GWK60_I03575 , 1437
GWK60_I03597 , 9130
GWK60_I03619 , 4903
GWK60_I03641 , 9539
GWK60_I03663 , 170
GWK60_I03685 , 87
GWK60_I03707 , 1680
GWK60_I03751 , 0
GWK60_I03795 , 11764
GWK60_I03839 , 1313
GWK60_I03883 , 2
GWK60_I03905 , 11864
GWK60_I03927 , 3662
GWK60_I03971 , 42
GWK60_I03993 , 4058
GWK60_I04015 , 25
GWK60_I04037 , 341
GWK60_I04081 , 1315
GWK60_I04103 , 12056
GWK60_I04125 , 6
GWK60_I04169 , 26
GWK60_I04213 , 679
GWK60_I04235 , 3319
GWK60_I04257 , 0
GWK60_I04279 , 448
GWK60_I04301 , 56
GWK60_I04411 , 532
GWK60_I04433 , 269
GWK60_I04455 , 2432
GWK60_I04499 , 5041
GWK60_I04587 , 4291
GWK60_I04609 , 1456
GWK60_I04631 , 1135
GWK60_I04697 , 335
GWK60_I04719 , 5
GWK60_I04741 , 14
GWK60_I04763 , 248
GWK60_I04785 , 3717
GWK60_I04807 , 3
GWK60_I04895 , 159
GWK60_I04917 , 1038
GWK60_I04939 , 351
GWK60_I04961 , 628
GWK60_I04983 , 1026
GWK60_I05005 , 1753
GWK60_I05027 , 160
GWK60_I05093 , 4706
GWK60_I05115 , 181
GWK60_I05137 , 803
GWK60_I05203 , 474
GWK60_I05225 , 5356
GWK60_I05247 , 1286
GWK60_I05269 , 142
GWK60_I05313 , 146
GWK60_I05335 , 67
GWK60_I05357 , 0
GWK60_I05379 , 2589
GWK60_I05423 , 304
GWK60_I05467 , 256
GWK60_I05489 , 993
GWK60_I05511 , 114
GWK60_I05533 , 28
GWK60_I05555 , 1325
GWK60_I05599 , 12817
GWK60_I05621 , 4434
GWK60_I05643 , 317
GWK60_I05665 , 3053
GWK60_I05709 , 1026
GWK60_I05775 , 456
GWK60_I05797 , 522
GWK60_I05819 , 665
GWK60_I05863 , 2190
GWK60_I05885 , 3
GWK60_I05907 , 3705
GWK60_I05929 , 2287
GWK60_I05951 , 1073
GWK60_I06017 , 88
GWK60_I06039 , 0
GWK60_I06061 , 3
GWK60_I06149 , 526
GWK60_I06171 , 572
GWK60_I06215 , 805
GWK60_I06237 , 816
GWK60_I06259 , 571
GWK60_I06303 , 257
GWK60_I06325 , 89
GWK60_I06369 , 403
GWK60_I06391 , 26
GWK60_I06413 , 97
GWK60_I00033 , 0
GWK60_I00143 , 0
GWK60_I00473 , 435
GWK60_I00517 , 0
GWK60_I00605 , 0
GWK60_I00649 , 0
GWK60_I01199 , 0
GWK60_I01287 , 0
GWK60_I01595 , 126
GWK60_I01617 , 0
GWK60_I01639 , 81
GWK60_I01749 , 190
GWK60_I01837 , 1
GWK60_I01903 , 362
GWK60_I02145 , 57
GWK60_I02233 , 0
GWK60_I02299 , 1197
GWK60_I02387 , 0
GWK60_I02497 , 0
GWK60_I02805 , 147
GWK60_I03509 , 0
GWK60_I03861 , 0
GWK60_I04059 , 674
GWK60_I04147 , 0
GWK60_I04323 , 0
GWK60_I04367 , 0
GWK60_I04477 , 34
GWK60_I04675 , 0
GWK60_I04829 , 0
GWK60_I04851 , 0
GWK60_I05181 , 82
GWK60_I05291 , 0
GWK60_I05687 , 0
GWK60_I05731 , 1
GWK60_I06193 , 0
GWK60_I06281 , 0
GWK60_I06347 , 0
GWK60_J00011 , 1
GWK60_J00077 , 593
GWK60_J00143 , 1082
GWK60_J00165 , 0
GWK60_J00187 , 9
GWK60_J00209 , 0
GWK60_J00231 , 57
GWK60_J00253 , 1298
GWK60_J00297 , 381
GWK60_J00341 , 1580
GWK60_J00385 , 632
GWK60_J00407 , 602
GWK60_J00429 , 2293
GWK60_J00451 , 86
GWK60_J00473 , 1723
GWK60_J00583 , 291
GWK60_J00649 , 0
GWK60_J00693 , 4067
GWK60_J00715 , 2446
GWK60_J00737 , 31611
GWK60_J00869 , 0
GWK60_J00913 , 1598
GWK60_J01023 , 4
GWK60_J01067 , 1775
GWK60_J01111 , 1369
GWK60_J01133 , 8
GWK60_J01199 , 1965
GWK60_J01243 , 1507
GWK60_J01265 , 1149
GWK60_J01287 , 843
GWK60_J01309 , 2160
GWK60_J01331 , 993
GWK60_J01353 , 4069
GWK60_J01375 , 327
GWK60_J01397 , 10201
GWK60_J01419 , 0
GWK60_J01441 , 2167
GWK60_J01463 , 1
GWK60_J01485 , 701
GWK60_J01507 , 7
GWK60_J01529 , 425
GWK60_J01551 , 34
GWK60_J01573 , 61
GWK60_J01595 , 13705
GWK60_J01617 , 86
GWK60_J01639 , 49907
GWK60_J01661 , 1662
GWK60_J01683 , 86
GWK60_J01727 , 8866
GWK60_J01749 , 1334
GWK60_J01771 , 0
GWK60_J01793 , 146
GWK60_J01815 , 939
GWK60_J01837 , 8991
GWK60_J01859 , 198
GWK60_J01881 , 1084
GWK60_J01925 , 4212
GWK60_J01969 , 0
GWK60_J01991 , 14078
GWK60_J02013 , 19734
GWK60_J02035 , 4894
GWK60_J02057 , 0
GWK60_J02101 , 1561
GWK60_J02123 , 5094
GWK60_J02145 , 735
GWK60_J02189 , 6606
GWK60_J02211 , 248
GWK60_J02233 , 1219
GWK60_J02255 , 0
GWK60_J02277 , 0
GWK60_J02299 , 295
GWK60_J02321 , 4984
GWK60_J02343 , 4465
GWK60_J02365 , 6052
GWK60_J02387 , 11364
GWK60_J02409 , 541
GWK60_J02475 , 555
GWK60_J02497 , 466
GWK60_J02541 , 1914
GWK60_J02563 , 2413
GWK60_J02585 , 465
GWK60_J02607 , 0
GWK60_J02629 , 4459
GWK60_J02673 , 1587
GWK60_J02717 , 7487
GWK60_J02739 , 3446
GWK60_J02761 , 10031
GWK60_J02805 , 3
GWK60_J02827 , 64
GWK60_J02849 , 11740
GWK60_J02871 , 2346
GWK60_J02893 , 0
GWK60_J02915 , 585
GWK60_J02959 , 384
GWK60_J02981 , 0
GWK60_J03003 , 1346
GWK60_J03069 , 242
GWK60_J03091 , 1248
GWK60_J03135 , 244
GWK60_J03179 , 0
GWK60_J03201 , 488
GWK60_J03245 , 221
GWK60_J03267 , 154
GWK60_J03333 , 1285
GWK60_J03355 , 697
GWK60_J03377 , 1583
GWK60_J03399 , 22
GWK60_J03421 , 672
GWK60_J03443 , 1
GWK60_J03487 , 325
GWK60_J03553 , 10
GWK60_J03575 , 0
GWK60_J03597 , 420
GWK60_J03619 , 74
GWK60_J03663 , 0
GWK60_J03685 , 3058
GWK60_J03707 , 1
GWK60_J03729 , 424
GWK60_J03751 , 0
GWK60_J03773 , 595
GWK60_J03817 , 0
GWK60_J03839 , 1796
GWK60_J03861 , 1
GWK60_J03905 , 684
GWK60_J03927 , 670
GWK60_J03949 , 123
GWK60_J03971 , 166
GWK60_J03993 , 821
GWK60_J04015 , 107
GWK60_J04037 , 81
GWK60_J04059 , 653
GWK60_J04081 , 3116
GWK60_J04125 , 519
GWK60_J04147 , 34
GWK60_J04169 , 509
GWK60_J04235 , 511
GWK60_J04257 , 0
GWK60_J04279 , 5
GWK60_J04323 , 0
GWK60_J04345 , 205
GWK60_J04367 , 297
GWK60_J04389 , 1046
GWK60_J04411 , 42
GWK60_J04455 , 1270
GWK60_J04521 , 0
GWK60_J04565 , 0
GWK60_J04609 , 37
GWK60_J04653 , 5
GWK60_J04675 , 426
GWK60_J04697 , 245
GWK60_J04807 , 15
GWK60_J04873 , 9
GWK60_J04895 , 56
GWK60_J04917 , 0
GWK60_J04939 , 512
GWK60_J04961 , 1648
GWK60_J05005 , 0
GWK60_J05071 , 0
GWK60_J05093 , 2293
GWK60_J05115 , 713
GWK60_J05291 , 86
GWK60_J05313 , 74
GWK60_J05379 , 0
GWK60_J05467 , 0
GWK60_J05533 , 0
GWK60_J05577 , 3
GWK60_J05599 , 1158
GWK60_J05621 , 768
GWK60_J05643 , 1237
GWK60_J05665 , 23
GWK60_J05709 , 97
GWK60_J05731 , 63
GWK60_J05753 , 1185
GWK60_J05775 , 659
GWK60_J05819 , 452
GWK60_J05841 , 385
GWK60_J05907 , 0
GWK60_J05973 , 245
GWK60_J05995 , 300
GWK60_J06017 , 842
GWK60_J06083 , 23
GWK60_J06171 , 246
GWK60_J06237 , 2637
GWK60_J06303 , 192
GWK60_J06325 , 0
GWK60_J06347 , 0
GWK60_J06391 , 31
GWK60_J06413 , 0
GWK60_J06457 , 289
GWK60_J06523 , 100
GWK60_J06545 , 18
GWK60_J06567 , 245
GWK60_J06611 , 65
GWK60_J06655 , 457
GWK60_J06721 , 277
GWK60_J06743 , 195
GWK60_J06853 , 838
GWK60_J06875 , 548
GWK60_J06897 , 727
GWK60_J06919 , 123
GWK60_J06963 , 0
GWK60_J06985 , 30
GWK60_J07051 , 6
GWK60_J07117 , 507
GWK60_J07139 , 13
GWK60_J07161 , 296
GWK60_J07249 , 1
GWK60_J07315 , 37
GWK60_J07337 , 1649
GWK60_J07359 , 1033
GWK60_J07381 , 713
GWK60_J07403 , 404
GWK60_J07469 , 119
GWK60_J07491 , 15
GWK60_J07557 , 1019
GWK60_J07623 , 53
GWK60_J07689 , 40
GWK60_J07777 , 631
GWK60_J07799 , 0
GWK60_J07821 , 341
GWK60_J07931 , 11
GWK60_J08019 , 1498
GWK60_J08041 , 22
GWK60_J08063 , 0
GWK60_J08085 , 84
GWK60_J08129 , 4
GWK60_J08151 , 380
GWK60_J08173 , 1593
GWK60_J08195 , 1009
GWK60_J08217 , 6002
GWK60_J08261 , 0
GWK60_J08283 , 536
GWK60_J08305 , 1559
GWK60_J08327 , 0
GWK60_J08349 , 7
GWK60_J08371 , 555
GWK60_J08415 , 345
GWK60_J08437 , 4126
GWK60_J08481 , 322
GWK60_J08525 , 506
GWK60_J08547 , 353
GWK60_J08569 , 696
GWK60_J08591 , 379
GWK60_J08613 , 18
GWK60_J08635 , 206
GWK60_J08679 , 0
GWK60_J08723 , 0
GWK60_J08855 , 1011
GWK60_J08921 , 1
GWK60_J08943 , 61
GWK60_J08965 , 0
GWK60_J08987 , 2042
GWK60_J09009 , 111
GWK60_J09031 , 333
GWK60_J09053 , 749
GWK60_J09097 , 974
GWK60_J09119 , 602
GWK60_J09141 , 1612
GWK60_J09207 , 257
GWK60_J09229 , 1110
GWK60_J09273 , 0
GWK60_J09317 , 102
GWK60_J09383 , 105
GWK60_J09471 , 666
GWK60_J09515 , 9470
GWK60_J09537 , 2
GWK60_J09603 , 354
GWK60_J09647 , 42
GWK60_J09691 , 78
GWK60_J09713 , 4
GWK60_J09735 , 0
GWK60_J09757 , 1186
GWK60_J09779 , 118
GWK60_J09801 , 608
GWK60_J09867 , 62
GWK60_J09889 , 530
GWK60_J09911 , 362
GWK60_J09933 , 0
GWK60_J09977 , 231
GWK60_J10021 , 578
GWK60_J10043 , 0
GWK60_J10087 , 34
GWK60_J10109 , 314
GWK60_J10131 , 150
GWK60_J10153 , 134
GWK60_J10175 , 958
GWK60_J10219 , 241
GWK60_J10241 , 161
GWK60_J10263 , 1427
GWK60_J10285 , 1062
GWK60_J10351 , 199
GWK60_J10395 , 15
GWK60_J10439 , 85
GWK60_J10461 , 41
GWK60_J10483 , 0
GWK60_J10549 , 41
GWK60_J10571 , 387
GWK60_J10637 , 7
GWK60_J10659 , 332
GWK60_J10791 , 107
GWK60_J10835 , 492
GWK60_J10879 , 27
GWK60_J10901 , 230
GWK60_J10945 , 61
GWK60_J10967 , 646
GWK60_J11033 , 87
GWK60_J11077 , 0
GWK60_J11099 , 316
GWK60_J11165 , 2382
GWK60_J11187 , 790
GWK60_J11253 , 327
GWK60_J11275 , 62
GWK60_J11319 , 213
GWK60_J11341 , 737
GWK60_J11385 , 12
GWK60_J11407 , 28
GWK60_J11517 , 0
GWK60_J11539 , 326
GWK60_J11561 , 605
GWK60_J11627 , 1
GWK60_J11671 , 0
GWK60_J11693 , 438
GWK60_J11737 , 124
GWK60_J11759 , 0
GWK60_J00055 , 0
GWK60_J00121 , 0
GWK60_J00275 , 0
GWK60_J00363 , 1
GWK60_J00495 , 33
GWK60_J00605 , 55
GWK60_J00671 , 0
GWK60_J00781 , 36
GWK60_J00935 , 7
GWK60_J01001 , 31
GWK60_J01045 , 0
GWK60_J01089 , 211
GWK60_J01155 , 0
GWK60_J01903 , 188
GWK60_J02431 , 0
GWK60_J02453 , 0
GWK60_J02519 , 613
GWK60_J02783 , 0
GWK60_J03113 , 148
GWK60_J03289 , 0
GWK60_J03795 , 26
GWK60_J04103 , 0
GWK60_J04433 , 0
GWK60_J04477 , 314
GWK60_J04631 , 148
GWK60_J04763 , 1
GWK60_J04851 , 0
GWK60_J05049 , 0
GWK60_J05203 , 0
GWK60_J05357 , 0
GWK60_J05423 , 1
GWK60_J05489 , 0
GWK60_J05555 , 0
GWK60_J05885 , 271
GWK60_J05951 , 832
GWK60_J06061 , 236
GWK60_J06105 , 0
GWK60_J06149 , 0
GWK60_J06193 , 0
GWK60_J06281 , 0
GWK60_J06369 , 0
GWK60_J06435 , 0
GWK60_J06479 , 0
GWK60_J06809 , 0
GWK60_J06831 , 8
GWK60_J07007 , 148
GWK60_J07029 , 279
GWK60_J07095 , 0
GWK60_J07271 , 0
GWK60_J07447 , 0
GWK60_J07535 , 0
GWK60_J07667 , 0
GWK60_J07711 , 0
GWK60_J08107 , 108
GWK60_J08789 , 0
GWK60_J08811 , 0
GWK60_J08833 , 130
GWK60_J09163 , 0
GWK60_J09185 , 0
GWK60_J09295 , 0
GWK60_J09405 , 0
GWK60_J09559 , 0
GWK60_J09999 , 0
GWK60_J10329 , 0
GWK60_J10681 , 0
GWK60_J10769 , 0
GWK60_J10813 , 0
GWK60_J11121 , 0
GWK60_J11143 , 466
GWK60_J11231 , 0
GWK60_J11583 , 0
GWK60_K00077 , 184
GWK60_K00099 , 171
GWK60_K00121 , 719
GWK60_K00187 , 1104
GWK60_K00209 , 3117
GWK60_K00231 , 803
GWK60_K00253 , 581
GWK60_K00275 , 42
GWK60_K00297 , 91
GWK60_K00319 , 148
GWK60_K00341 , 0
GWK60_K00385 , 188
GWK60_K00429 , 3179
GWK60_K00473 , 350
GWK60_K00495 , 0
GWK60_K00517 , 11273
GWK60_K00539 , 1249
GWK60_K00561 , 1680
GWK60_K00627 , 1471
GWK60_K00671 , 248
GWK60_K00693 , 536
GWK60_K00715 , 17
GWK60_K00737 , 0
GWK60_K00759 , 926
GWK60_K00781 , 229
GWK60_K00825 , 672
GWK60_K00869 , 18
GWK60_K00979 , 433
GWK60_K01001 , 140
GWK60_K01023 , 0
GWK60_K01045 , 52
GWK60_K01067 , 1239
GWK60_K01089 , 0
GWK60_K01133 , 0
GWK60_K01155 , 741
GWK60_K01177 , 0
GWK60_K01199 , 560
GWK60_K01221 , 3
GWK60_K01265 , 131
GWK60_K01309 , 1189
GWK60_K01331 , 53
GWK60_K01353 , 132
GWK60_K01375 , 223
GWK60_K01485 , 329
GWK60_K01507 , 1773
GWK60_K01529 , 3485
GWK60_K01551 , 62
GWK60_K01573 , 2912
GWK60_K01595 , 2571
GWK60_K01617 , 765
GWK60_K01639 , 1113
GWK60_K01661 , 0
GWK60_K01727 , 86
GWK60_K01749 , 146
GWK60_K01793 , 53
GWK60_K01815 , 14
GWK60_K01859 , 443
GWK60_K01881 , 1327
GWK60_K01903 , 751
GWK60_K01947 , 3418
GWK60_K01991 , 882
GWK60_K02013 , 1720
GWK60_K02035 , 0
GWK60_K02123 , 2002
GWK60_K02145 , 5400
GWK60_K02167 , 1100
GWK60_K02189 , 2028
GWK60_K02211 , 306
GWK60_K02255 , 0
GWK60_K02277 , 42
GWK60_K02299 , 216
GWK60_K02321 , 429
GWK60_K02365 , 3614
GWK60_K02409 , 941
GWK60_K02431 , 1584
GWK60_K02475 , 23529
GWK60_K02497 , 2533
GWK60_K02519 , 3752
GWK60_K02541 , 2457
GWK60_K02563 , 989
GWK60_K02585 , 876
GWK60_K02607 , 1579
GWK60_K02629 , 4447
GWK60_K02651 , 76
GWK60_K02673 , 6294
GWK60_K02695 , 1340
GWK60_K02717 , 1845
GWK60_K02739 , 1796
GWK60_K02761 , 2074
GWK60_K02783 , 3485
GWK60_K02805 , 324
GWK60_K02827 , 267
GWK60_K02849 , 1445
GWK60_K02871 , 596
GWK60_K02893 , 536
GWK60_K02915 , 2424
GWK60_K02937 , 495
GWK60_K02959 , 2254
GWK60_K02981 , 0
GWK60_K03003 , 1854
GWK60_K03025 , 547
GWK60_K03047 , 293
GWK60_K03069 , 814
GWK60_K03091 , 1614
GWK60_K03113 , 222
GWK60_K03135 , 79
GWK60_K03179 , 631
GWK60_K03201 , 280
GWK60_K03223 , 1106
GWK60_K03267 , 895
GWK60_K03289 , 2967
GWK60_K03311 , 1803
GWK60_K03355 , 396
GWK60_K03377 , 1086
GWK60_K03399 , 0
GWK60_K03465 , 263
GWK60_K03509 , 10618
GWK60_K03531 , 2504
GWK60_K03553 , 3637
GWK60_K03575 , 3202
GWK60_K03641 , 567
GWK60_K03685 , 1707
GWK60_K03707 , 88
GWK60_K03751 , 455
GWK60_K03773 , 102
GWK60_K03839 , 642
GWK60_K03883 , 1353
GWK60_K03905 , 3440
GWK60_K03971 , 60
GWK60_K04015 , 221
GWK60_K04037 , 897
GWK60_K04059 , 39
GWK60_K04081 , 210
GWK60_K04103 , 850
GWK60_K04125 , 1385
GWK60_K04147 , 2
GWK60_K04169 , 211
GWK60_K04191 , 405
GWK60_K04213 , 523
GWK60_K04235 , 776
GWK60_K04279 , 139
GWK60_K04367 , 2732
GWK60_K04389 , 518
GWK60_K04411 , 31
GWK60_K04499 , 10074
GWK60_K04521 , 290
GWK60_K04543 , 230
GWK60_K04609 , 697
GWK60_K04631 , 0
GWK60_K04653 , 155
GWK60_K04697 , 95
GWK60_K04719 , 2821
GWK60_K04741 , 268
GWK60_K04785 , 3
GWK60_K04851 , 32
GWK60_K04939 , 1292
GWK60_K04983 , 1415
GWK60_K05005 , 18
GWK60_K05027 , 1
GWK60_K05049 , 894
GWK60_K05071 , 182
GWK60_K05115 , 389
GWK60_K05247 , 816
GWK60_K05269 , 301
GWK60_K05291 , 0
GWK60_K05357 , 29
GWK60_K05401 , 0
GWK60_K05423 , 569
GWK60_K05445 , 0
GWK60_K05467 , 246
GWK60_K05489 , 215
GWK60_K05511 , 30
GWK60_K05533 , 5
GWK60_K05555 , 711
GWK60_K05599 , 1215
GWK60_K05621 , 41
GWK60_K05665 , 0
GWK60_K05687 , 825
GWK60_K05709 , 256
GWK60_K05731 , 19
GWK60_K05753 , 54
GWK60_K05775 , 187
GWK60_K05797 , 0
GWK60_K05819 , 1094
GWK60_K05863 , 6
GWK60_K05951 , 188
GWK60_K05995 , 559
GWK60_K05973 , 0
GWK60_K06083 , 1
GWK60_K06127 , 473
GWK60_K06149 , 79
GWK60_K06171 , 1762
GWK60_K06259 , 146
GWK60_K06303 , 205
GWK60_K06325 , 745
GWK60_K06391 , 61
GWK60_K06501 , 784
GWK60_K06523 , 0
GWK60_K06567 , 35
GWK60_K06589 , 510
GWK60_K06611 , 1
GWK60_K06633 , 735
GWK60_K06655 , 352
GWK60_K06677 , 550
GWK60_K06721 , 21
GWK60_K06743 , 485
GWK60_K06765 , 67
GWK60_K06787 , 13
GWK60_K06853 , 137
GWK60_K06919 , 88
GWK60_K06963 , 138
GWK60_K07029 , 400
GWK60_K07095 , 0
GWK60_K07117 , 1428
GWK60_K07139 , 124
GWK60_K07183 , 99
GWK60_K07205 , 561
GWK60_K07271 , 156
GWK60_K07293 , 121
GWK60_K07315 , 615
GWK60_K07337 , 1244
GWK60_K07403 , 49
GWK60_K07491 , 3
GWK60_K07513 , 986
GWK60_K07557 , 1794
GWK60_K07579 , 233
GWK60_K07601 , 825
GWK60_K07623 , 186
GWK60_K07689 , 1676
GWK60_K07755 , 2
GWK60_K07799 , 144
GWK60_K07821 , 162
GWK60_K07843 , 87
GWK60_K07865 , 7
GWK60_K07887 , 160
GWK60_K07909 , 914
GWK60_K07975 , 246
GWK60_K07997 , 103
GWK60_K08019 , 4
GWK60_K08041 , 0
GWK60_K08063 , 40
GWK60_K08085 , 267
GWK60_K08107 , 207
GWK60_K08151 , 667
GWK60_K08173 , 0
GWK60_K08239 , 56
GWK60_K08283 , 649
GWK60_K08305 , 0
GWK60_K08327 , 695
GWK60_K08349 , 1172
GWK60_K08393 , 0
GWK60_K08437 , 867
GWK60_K08459 , 415
GWK60_K08481 , 0
GWK60_K08525 , 0
GWK60_K08547 , 718
GWK60_K08569 , 114
GWK60_K08591 , 3
GWK60_K08613 , 8
GWK60_K08635 , 61
GWK60_K08657 , 17
GWK60_K08701 , 176
GWK60_K08789 , 491
GWK60_K08877 , 13
GWK60_K08899 , 0
GWK60_K09009 , 557
GWK60_K09031 , 619
GWK60_K09053 , 1385
GWK60_K09075 , 77
GWK60_K09141 , 0
GWK60_K09251 , 379
GWK60_K09273 , 1
GWK60_K09361 , 67
GWK60_K09449 , 201
GWK60_K09471 , 71
GWK60_K09493 , 19
GWK60_K09515 , 58
GWK60_K09625 , 595
GWK60_K09647 , 25
GWK60_K09669 , 6
GWK60_K09691 , 2031
GWK60_K09735 , 271
GWK60_K09757 , 0
GWK60_K09779 , 0
GWK60_K09933 , 331
GWK60_K09977 , 158
GWK60_K10043 , 412
GWK60_K10065 , 0
GWK60_K10087 , 82
GWK60_K10109 , 211
GWK60_K10131 , 1115
GWK60_K10175 , 343
GWK60_K10219 , 0
GWK60_K10263 , 139
GWK60_K10285 , 0
GWK60_K10307 , 2
GWK60_K10351 , 213
GWK60_K10373 , 147
GWK60_K10395 , 4923
GWK60_K10417 , 550
GWK60_K10439 , 0
GWK60_K10461 , 163
GWK60_K10483 , 0
GWK60_K10505 , 640
GWK60_K10549 , 6318
GWK60_K10571 , 464
GWK60_K10593 , 0
GWK60_K10615 , 1418
GWK60_K10637 , 114
GWK60_K10659 , 343
GWK60_K10703 , 122
GWK60_K10725 , 164
GWK60_K10769 , 531
GWK60_K10901 , 689
GWK60_K11055 , 0
GWK60_K11099 , 353
GWK60_K11187 , 0
GWK60_K11231 , 33
GWK60_K11275 , 0
GWK60_K11385 , 375
GWK60_K11407 , 269
GWK60_K11429 , 0
GWK60_K11495 , 22
GWK60_K11583 , 73
GWK60_K11605 , 232
GWK60_K11627 , 0
GWK60_K11649 , 604
GWK60_K11671 , 394
GWK60_K11693 , 228
GWK60_K11715 , 44
GWK60_K11759 , 1104
GWK60_K11803 , 310
GWK60_K11891 , 0
GWK60_K11935 , 30
GWK60_K11957 , 0
GWK60_K11979 , 32
GWK60_K12023 , 107
GWK60_K12089 , 521
GWK60_K12133 , 37
GWK60_K12155 , 0
GWK60_K12221 , 14
GWK60_K12265 , 387
GWK60_K12309 , 1751
GWK60_K12485 , 455
GWK60_K12507 , 432
GWK60_K12617 , 8
GWK60_K12639 , 623
GWK60_K12705 , 77
GWK60_K12727 , 1273
GWK60_K12749 , 1683
GWK60_K12771 , 198
GWK60_K00143 , 0
GWK60_K00407 , 0
GWK60_K00583 , 0
GWK60_K00649 , 0
GWK60_K00803 , 32
GWK60_K00935 , 0
GWK60_K00957 , 0
GWK60_K01463 , 0
GWK60_K01837 , 259
GWK60_K03157 , 0
GWK60_K03333 , 0
GWK60_K03443 , 0
GWK60_K03487 , 0
GWK60_K03619 , 0
GWK60_K03729 , 0
GWK60_K03817 , 0
GWK60_K03993 , 0
GWK60_K04257 , 64
GWK60_K04323 , 0
GWK60_K04433 , 199
GWK60_K04455 , 217
GWK60_K04587 , 0
GWK60_K04763 , 0
GWK60_K04829 , 0
GWK60_K04873 , 85
GWK60_K05093 , 160
GWK60_K05159 , 0
GWK60_K05203 , 0
GWK60_K05225 , 57
GWK60_K05335 , 0
GWK60_K05885 , 0
GWK60_K06061 , 189
GWK60_K06347 , 0
GWK60_K06369 , 0
GWK60_K06545 , 4
GWK60_K06699 , 50
GWK60_K06831 , 0
GWK60_K06985 , 23
GWK60_K07073 , 23
GWK60_K07359 , 0
GWK60_K07931 , 0
GWK60_K08503 , 0
GWK60_K08723 , 1
GWK60_K08745 , 0
GWK60_K08811 , 0
GWK60_K08833 , 46
GWK60_K08855 , 0
GWK60_K08943 , 201
GWK60_K08965 , 222
GWK60_K09163 , 41
GWK60_K09229 , 0
GWK60_K09537 , 0
GWK60_K09911 , 0
GWK60_K09955 , 0
GWK60_K10197 , 11
GWK60_K10329 , 0
GWK60_K10527 , 65
GWK60_K10747 , 51
GWK60_K10791 , 0
GWK60_K10813 , 0
GWK60_K10945 , 0
GWK60_K10989 , 101
GWK60_K11077 , 0
GWK60_K11209 , 0
GWK60_K11341 , 0
GWK60_K11451 , 0
GWK60_K11561 , 1
GWK60_K11847 , 0
GWK60_K11869 , 0
GWK60_K12331 , 51
GWK60_K12375 , 0
GWK60_K12463 , 0
GWK60_K12661 , 137
GWK60_K12683 , 158
GWK60_L00011 , 6
GWK60_L00033 , 1
GWK60_L00099 , 0
GWK60_L00143 , 1705
GWK60_L00187 , 364
GWK60_L00209 , 0
GWK60_L00319 , 1534
GWK60_L00385 , 0
GWK60_L00473 , 142
GWK60_L00539 , 15
GWK60_L00561 , 147
GWK60_L00693 , 46
GWK60_L00715 , 736
GWK60_L00737 , 567
GWK60_L00781 , 182
GWK60_L00803 , 13
GWK60_L00847 , 91
GWK60_L00869 , 214
GWK60_L00913 , 4903
GWK60_L00935 , 163
GWK60_L00979 , 22
GWK60_L01023 , 8
GWK60_L01045 , 0
GWK60_L01089 , 31
GWK60_L01111 , 24
GWK60_L01133 , 23
GWK60_L01177 , 4
GWK60_L01199 , 0
GWK60_L01221 , 6
GWK60_L01287 , 0
GWK60_L01309 , 156
GWK60_L01331 , 0
GWK60_L01441 , 0
GWK60_L01463 , 783
GWK60_L01485 , 81
GWK60_L01529 , 0
GWK60_L01573 , 859
GWK60_L01639 , 635
GWK60_L01683 , 79
GWK60_L01705 , 0
GWK60_L01749 , 307
GWK60_L01771 , 422
GWK60_L01859 , 339
GWK60_L01881 , 1
GWK60_L01903 , 140
GWK60_L01925 , 8
GWK60_L01947 , 2110
GWK60_L01969 , 0
GWK60_L01991 , 0
GWK60_L02035 , 17
GWK60_L02057 , 266
GWK60_L02123 , 0
GWK60_L02189 , 0
GWK60_L02211 , 192
GWK60_L02299 , 7005
GWK60_L02321 , 3167
GWK60_L02343 , 437
GWK60_L02365 , 2
GWK60_L02409 , 0
GWK60_L02453 , 327
GWK60_L02497 , 130
GWK60_L02519 , 180
GWK60_L02563 , 61
GWK60_L02585 , 53
GWK60_L02629 , 0
GWK60_L02673 , 1
GWK60_L02695 , 1
GWK60_L02849 , 1
GWK60_L02871 , 42
GWK60_L02893 , 1437
GWK60_L02915 , 12
GWK60_L02937 , 555
GWK60_L02981 , 0
GWK60_L03069 , 135
GWK60_L03113 , 0
GWK60_L03223 , 1154
GWK60_L03245 , 154
GWK60_L03267 , 0
GWK60_L03289 , 149
GWK60_L03311 , 289
GWK60_L03377 , 46
GWK60_L03421 , 37
GWK60_L03465 , 733
GWK60_L03531 , 1
GWK60_L03597 , 707
GWK60_L03707 , 590
GWK60_L03751 , 35
GWK60_L03773 , 109
GWK60_L03795 , 672
GWK60_L03817 , 522
GWK60_L03861 , 35
GWK60_L03949 , 0
GWK60_L03993 , 244
GWK60_L04037 , 952
GWK60_L04125 , 401
GWK60_L04169 , 0
GWK60_L04213 , 22
GWK60_L04301 , 136
GWK60_L04345 , 0
GWK60_L04389 , 0
GWK60_L04433 , 0
GWK60_L04477 , 111
GWK60_L04521 , 4
GWK60_L04543 , 62
GWK60_L04609 , 1132
GWK60_L04697 , 0
GWK60_L04719 , 0
GWK60_L04741 , 319
GWK60_L04763 , 7267
GWK60_L04785 , 532
GWK60_L04807 , 801
GWK60_L04873 , 0
GWK60_L04939 , 26
GWK60_L04961 , 1007
GWK60_L04983 , 199
GWK60_L05049 , 38
GWK60_L05071 , 314
GWK60_L05093 , 1107
GWK60_L05137 , 0
GWK60_L05181 , 1883
GWK60_L05203 , 193
GWK60_L05247 , 0
GWK60_L05291 , 0
GWK60_L05357 , 0
GWK60_L05445 , 654
GWK60_L05489 , 319
GWK60_L05511 , 0
GWK60_L05621 , 24
GWK60_L05709 , 56
GWK60_L05753 , 93
GWK60_L05797 , 929
GWK60_L05819 , 0
GWK60_L05841 , 161
GWK60_L05929 , 1084
GWK60_L05951 , 202
GWK60_L05973 , 46
GWK60_L06061 , 1
GWK60_L06171 , 1
GWK60_L06193 , 0
GWK60_L06215 , 0
GWK60_L06237 , 190
GWK60_L06347 , 609
GWK60_L06413 , 623
GWK60_L06457 , 480
GWK60_L06479 , 10
GWK60_L06501 , 0
GWK60_L06677 , 1720
GWK60_L06699 , 0
GWK60_L06721 , 375
GWK60_L06765 , 9
GWK60_L06787 , 98
GWK60_L06831 , 0
GWK60_L06853 , 569
GWK60_L06897 , 0
GWK60_L06919 , 25
GWK60_L06985 , 965
GWK60_L07007 , 537
GWK60_L07051 , 46
GWK60_L07095 , 513
GWK60_L07117 , 151
GWK60_L07227 , 8924
GWK60_L07315 , 14
GWK60_L07337 , 47
GWK60_L07381 , 2
GWK60_L07403 , 169
GWK60_L07425 , 430
GWK60_L07469 , 12
GWK60_L07491 , 2512
GWK60_L07535 , 1369
GWK60_L07557 , 0
GWK60_L07601 , 1309
GWK60_L07667 , 4229
GWK60_L07689 , 1718
GWK60_L07711 , 4
GWK60_L07733 , 173
GWK60_L07755 , 0
GWK60_L07777 , 941
GWK60_L07997 , 3140
GWK60_L08019 , 3061
GWK60_L08041 , 94
GWK60_L08107 , 0
GWK60_L08129 , 0
GWK60_L08195 , 0
GWK60_L08305 , 483
GWK60_L08349 , 111
GWK60_L08371 , 265
GWK60_L08393 , 343
GWK60_L08415 , 3268
GWK60_L08437 , 7039
GWK60_L08459 , 0
GWK60_L08525 , 0
GWK60_L08547 , 10989
GWK60_L08569 , 206
GWK60_L08591 , 428
GWK60_L08635 , 58
GWK60_L08679 , 0
GWK60_L08723 , 833
GWK60_L08745 , 170
GWK60_L08767 , 1281
GWK60_L08789 , 0
GWK60_L08811 , 1669
GWK60_L08877 , 0
GWK60_L08899 , 478
GWK60_L08943 , 523
GWK60_L08965 , 0
GWK60_L08987 , 0
GWK60_L09009 , 172
GWK60_L09119 , 564
GWK60_L09163 , 542
GWK60_L09185 , 0
GWK60_L09207 , 971
GWK60_L09229 , 190
GWK60_L09251 , 2363
GWK60_L09273 , 38
GWK60_L09295 , 124
GWK60_L09317 , 0
GWK60_L09339 , 1
GWK60_L09361 , 17
GWK60_L09427 , 769
GWK60_L09449 , 74
GWK60_L09471 , 237
GWK60_L09493 , 6
GWK60_L09515 , 0
GWK60_L09537 , 9340
GWK60_L09559 , 433
GWK60_L09625 , 74
GWK60_L09647 , 0
GWK60_L09713 , 470
GWK60_L09735 , 0
GWK60_L09801 , 10
GWK60_L09867 , 0
GWK60_L09955 , 166
GWK60_L09977 , 1597
GWK60_L09999 , 69
GWK60_L10043 , 43
GWK60_L10087 , 550
GWK60_L10175 , 573
GWK60_L10241 , 0
GWK60_L10263 , 311
GWK60_L10285 , 358
GWK60_L10505 , 306
GWK60_L10527 , 3
GWK60_L10615 , 9874
GWK60_L10637 , 2477
GWK60_L10659 , 517
GWK60_L10747 , 18
GWK60_L10791 , 1118
GWK60_L10813 , 977
GWK60_L10835 , 870
GWK60_L10923 , 0
GWK60_L10945 , 415
GWK60_L10967 , 182
GWK60_L11011 , 52
GWK60_L11077 , 168
GWK60_L11143 , 927
GWK60_L11165 , 392
GWK60_L11231 , 3
GWK60_L11253 , 0
GWK60_L11275 , 283
GWK60_L11297 , 971
GWK60_L11319 , 1185
GWK60_L11341 , 9523
GWK60_L11407 , 0
GWK60_L11473 , 1236
GWK60_L11517 , 613
GWK60_L11539 , 661
GWK60_L11561 , 204
GWK60_L11583 , 799
GWK60_L11627 , 5734
GWK60_L11649 , 528
GWK60_L11715 , 408
GWK60_L11737 , 1025
GWK60_L11759 , 128
GWK60_L11781 , 122
GWK60_L11847 , 2248
GWK60_L11869 , 1031
GWK60_L11891 , 1283
GWK60_L11913 , 231
GWK60_L11935 , 598
GWK60_L11957 , 11296
GWK60_L12023 , 31
GWK60_L12067 , 2787
GWK60_L12089 , 8757
GWK60_L12111 , 407
GWK60_L12133 , 609
GWK60_L12155 , 202
GWK60_L12177 , 0
GWK60_L12221 , 148
GWK60_L12265 , 1457
GWK60_L12331 , 152
GWK60_L12353 , 0
GWK60_L12397 , 364
GWK60_L12463 , 73
GWK60_L12485 , 1146
GWK60_L12507 , 2
GWK60_L12529 , 0
GWK60_L12551 , 272
GWK60_L12573 , 0
GWK60_L12595 , 1988
GWK60_L12639 , 4030
GWK60_L12661 , 17
GWK60_L12683 , 1027
GWK60_L12705 , 2
GWK60_L12727 , 3174
GWK60_L12793 , 770
GWK60_L12837 , 2056
GWK60_L12903 , 2866
GWK60_L12925 , 171
GWK60_L12947 , 3241
GWK60_L12969 , 3335
GWK60_L12991 , 0
GWK60_L13013 , 2412
GWK60_L13035 , 2142
GWK60_L13057 , 28717
GWK60_L13079 , 18838
GWK60_L13101 , 9724
GWK60_L13123 , 14
GWK60_L13167 , 2116
GWK60_L13189 , 2882
GWK60_L13211 , 2439
GWK60_L13233 , 94
GWK60_L13255 , 1076
GWK60_L13277 , 2419
GWK60_L13299 , 2861
GWK60_L13343 , 1723
GWK60_L13365 , 612
GWK60_L13387 , 1132
GWK60_L13497 , 884
GWK60_L13519 , 149
GWK60_L13541 , 447
GWK60_L13563 , 44
GWK60_L13629 , 114
GWK60_L13673 , 0
GWK60_L13695 , 1628
GWK60_L13739 , 1254
GWK60_L13849 , 45
GWK60_L13893 , 1891
GWK60_L13915 , 10479
GWK60_L13937 , 50
GWK60_L13959 , 1541
GWK60_L13981 , 0
GWK60_L14003 , 31
GWK60_L14047 , 975
GWK60_L14091 , 49810
GWK60_L14113 , 516
GWK60_L14135 , 416
GWK60_L14157 , 1092
GWK60_L14201 , 1323
GWK60_L14223 , 230
GWK60_L14245 , 0
GWK60_L14267 , 1
GWK60_L14289 , 357
GWK60_L14333 , 30
GWK60_L14355 , 622
GWK60_L14377 , 10
GWK60_L14399 , 866
GWK60_L14421 , 1709
GWK60_L14443 , 1535
GWK60_L14465 , 10
GWK60_L14487 , 17
GWK60_L14509 , 213
GWK60_L14531 , 82
GWK60_L14553 , 6295
GWK60_L14575 , 1
GWK60_L14619 , 250
GWK60_L14663 , 1247
GWK60_L14685 , 0
GWK60_L14707 , 56
GWK60_L14729 , 1
GWK60_L14751 , 802
GWK60_L14773 , 51108
GWK60_L14817 , 3
GWK60_L14839 , 253
GWK60_L14883 , 135
GWK60_L14905 , 0
GWK60_L14927 , 83
GWK60_L14949 , 21
GWK60_L15015 , 2330
GWK60_L15059 , 101
GWK60_L15081 , 47
GWK60_L15103 , 48
GWK60_L15125 , 1616
GWK60_L15257 , 470
GWK60_L15301 , 144
GWK60_L15411 , 5125
GWK60_L15455 , 458
GWK60_L15543 , 249
GWK60_L15587 , 82
GWK60_L15675 , 1
GWK60_L15697 , 752
GWK60_L15719 , 18
GWK60_L15741 , 1069
GWK60_L15785 , 125
GWK60_L15807 , 1005
GWK60_L15851 , 268
GWK60_L15873 , 180
GWK60_L15939 , 0
GWK60_L15983 , 297
GWK60_L16005 , 2151
GWK60_L16027 , 39
GWK60_L16071 , 0
GWK60_L16115 , 137
GWK60_L16225 , 0
GWK60_L16247 , 1
GWK60_L16269 , 0
GWK60_L16313 , 2833
GWK60_L16357 , 166
GWK60_L16379 , 7
GWK60_L16423 , 812
GWK60_L16467 , 46
GWK60_L16511 , 121
GWK60_L16533 , 0
GWK60_L16555 , 437
GWK60_L16577 , 32
GWK60_L16687 , 1797
GWK60_L16709 , 56
GWK60_L16753 , 0
GWK60_L16775 , 1
GWK60_L16797 , 145
GWK60_L16819 , 364
GWK60_L16841 , 133
GWK60_L16907 , 17
GWK60_L16929 , 284
GWK60_L16973 , 5
GWK60_L16995 , 57
GWK60_L17017 , 0
GWK60_L17083 , 359
GWK60_L17171 , 103
GWK60_L17193 , 233
GWK60_L17215 , 63
GWK60_L17237 , 539
GWK60_L17259 , 377
GWK60_L17281 , 79
GWK60_L00055 , 0
GWK60_L00121 , 0
GWK60_L00165 , 0
GWK60_L00297 , 136
GWK60_L00429 , 0
GWK60_L00451 , 0
GWK60_L00495 , 0
GWK60_L00583 , 2
GWK60_L00627 , 0
GWK60_L00649 , 0
GWK60_L01243 , 0
GWK60_L01397 , 0
GWK60_L01815 , 0
GWK60_L01837 , 0
GWK60_L02013 , 0
GWK60_L02101 , 0
GWK60_L02277 , 0
GWK60_L03333 , 0
GWK60_L03619 , 0
GWK60_L03685 , 1
GWK60_L03729 , 0
GWK60_L03971 , 0
GWK60_L04081 , 23
GWK60_L04191 , 0
GWK60_L04257 , 70
GWK60_L04367 , 0
GWK60_L04411 , 210
GWK60_L04565 , 0
GWK60_L04587 , 1
GWK60_L04917 , 0
GWK60_L05115 , 65
GWK60_L05379 , 0
GWK60_L05423 , 396
GWK60_L05467 , 45
GWK60_L05533 , 95
GWK60_L05555 , 0
GWK60_L05577 , 0
GWK60_L05665 , 0
GWK60_L05995 , 0
GWK60_L06017 , 32
GWK60_L06303 , 0
GWK60_L06325 , 0
GWK60_L06369 , 0
GWK60_L06391 , 1
GWK60_L06545 , 117
GWK60_L06611 , 8
GWK60_L06655 , 287
GWK60_L06743 , 219
GWK60_L07029 , 0
GWK60_L07139 , 0
GWK60_L07579 , 18
GWK60_L07799 , 0
GWK60_L07821 , 3
GWK60_L07909 , 0
GWK60_L08085 , 0
GWK60_L08151 , 0
GWK60_L08217 , 0
GWK60_L08239 , 40
GWK60_L08481 , 0
GWK60_L08613 , 0
GWK60_L08657 , 0
GWK60_L08921 , 337
GWK60_L09031 , 0
GWK60_L09075 , 0
GWK60_L09097 , 1
GWK60_L09141 , 0
GWK60_L09405 , 0
GWK60_L09889 , 19
GWK60_L09933 , 0
GWK60_L10065 , 0
GWK60_L10109 , 0
GWK60_L10373 , 0
GWK60_L10395 , 0
GWK60_L10571 , 113
GWK60_L10725 , 1506
GWK60_L11033 , 0
GWK60_L11209 , 0
GWK60_L11385 , 32
GWK60_L12375 , 0
GWK60_L12617 , 0
GWK60_L12749 , 71
GWK60_L12815 , 17
GWK60_L13321 , 0
GWK60_L13409 , 0
GWK60_L13431 , 0
GWK60_L13805 , 0
GWK60_L14179 , 0
GWK60_L14597 , 0
GWK60_L15191 , 23
GWK60_L15279 , 0
GWK60_L15521 , 0
GWK60_L15653 , 0
GWK60_L15763 , 117
GWK60_L15961 , 0
GWK60_L16049 , 0
GWK60_L16093 , 0
GWK60_L16159 , 0
GWK60_L16291 , 3007
GWK60_L16665 , 0
GWK60_L16863 , 1
GWK60_L16951 , 0
GWK60_L17039 , 0
GWK60_L17061 , 1
GWK60_L17105 , 9
GWK60_L17303 , 0
GWK60_M00033 , 155
GWK60_M00055 , 3
GWK60_M00077 , 232
GWK60_M00099 , 0
GWK60_M00121 , 236
GWK60_M00143 , 0
GWK60_M00209 , 3938
GWK60_M00231 , 572
GWK60_M00253 , 945
GWK60_M00275 , 4754
GWK60_M00341 , 0
GWK60_M00363 , 0
GWK60_M00385 , 99
GWK60_M00407 , 144
GWK60_M00429 , 1988
GWK60_M00451 , 194
GWK60_M00473 , 1546
GWK60_M00495 , 46
GWK60_M00539 , 47
GWK60_M00671 , 905
GWK60_M00715 , 0
GWK60_M00759 , 0
GWK60_M00803 , 705
GWK60_M00869 , 252
GWK60_M01023 , 38
GWK60_M01133 , 428
GWK60_M01155 , 701
GWK60_M01177 , 32
GWK60_M01221 , 374
GWK60_M01243 , 244
GWK60_M01265 , 0
GWK60_M01287 , 258
GWK60_M01353 , 838
GWK60_M01419 , 92
GWK60_M01463 , 125
GWK60_M01551 , 0
GWK60_M01573 , 116
GWK60_M01595 , 1982
GWK60_M01617 , 444
GWK60_M01639 , 1
GWK60_M01661 , 1652
GWK60_M01727 , 3469
GWK60_M01771 , 9
GWK60_M01793 , 261
GWK60_M01815 , 43
GWK60_M01837 , 1693
GWK60_M01859 , 31
GWK60_M01881 , 1
GWK60_M01925 , 2
GWK60_M01947 , 86
GWK60_M01969 , 277
GWK60_M01991 , 12
GWK60_M02035 , 416
GWK60_M02079 , 0
GWK60_M02101 , 3551
GWK60_M02211 , 7
GWK60_M02233 , 13
GWK60_M02299 , 705
GWK60_M02365 , 0
GWK60_M02409 , 7
GWK60_M02431 , 25
GWK60_M02453 , 0
GWK60_M02475 , 0
GWK60_M02497 , 277
GWK60_M02541 , 3427
GWK60_M02607 , 677
GWK60_M02651 , 78
GWK60_M02695 , 0
GWK60_M02739 , 196
GWK60_M02761 , 0
GWK60_M02805 , 22
GWK60_M02849 , 0
GWK60_M02893 , 134
GWK60_M03003 , 194
GWK60_M03025 , 658
GWK60_M03091 , 990
GWK60_M03113 , 1650
GWK60_M03135 , 578
GWK60_M03201 , 674
GWK60_M03267 , 0
GWK60_M03289 , 1064
GWK60_M03311 , 1177
GWK60_M03443 , 13
GWK60_M03465 , 1171
GWK60_M03487 , 0
GWK60_M03575 , 12
GWK60_M03619 , 0
GWK60_M03663 , 76
GWK60_M03729 , 292
GWK60_M03751 , 272
GWK60_M03861 , 9
GWK60_M03927 , 34
GWK60_M03993 , 0
GWK60_M04015 , 31
GWK60_M04037 , 18
GWK60_M04059 , 691
GWK60_M04103 , 0
GWK60_M04125 , 1042
GWK60_M04147 , 0
GWK60_M04169 , 0
GWK60_M04213 , 0
GWK60_M04235 , 23
GWK60_M04257 , 0
GWK60_M04279 , 118
GWK60_M04323 , 0
GWK60_M04345 , 996
GWK60_M04477 , 461
GWK60_M04521 , 0
GWK60_M04609 , 51
GWK60_M04785 , 85
GWK60_M04829 , 0
GWK60_M04851 , 137
GWK60_M04917 , 1
GWK60_M04961 , 963
GWK60_M05071 , 86
GWK60_M05115 , 1
GWK60_M05203 , 106
GWK60_M05247 , 0
GWK60_M05269 , 0
GWK60_M05291 , 0
GWK60_M05335 , 0
GWK60_M05357 , 0
GWK60_M05379 , 1407
GWK60_M05401 , 250
GWK60_M05445 , 0
GWK60_M05467 , 543
GWK60_M05511 , 131
GWK60_M05555 , 320
GWK60_M05577 , 198
GWK60_M05643 , 4
GWK60_M05665 , 220
GWK60_M05709 , 61
GWK60_M05753 , 1292
GWK60_M05863 , 86
GWK60_M05907 , 51
GWK60_M05929 , 143
GWK60_M05951 , 74
GWK60_M06017 , 71
GWK60_M06039 , 0
GWK60_M06149 , 57
GWK60_M06171 , 443
GWK60_M06193 , 35
GWK60_M06237 , 55
GWK60_M06259 , 0
GWK60_M06281 , 28
GWK60_M06303 , 2016
GWK60_M06347 , 1
GWK60_M06369 , 254
GWK60_M06391 , 79
GWK60_M06545 , 132
GWK60_M06567 , 0
GWK60_M06633 , 0
GWK60_M06655 , 633
GWK60_M06743 , 60
GWK60_M06765 , 1679
GWK60_M06831 , 510
GWK60_M06853 , 28
GWK60_M06875 , 563
GWK60_M06897 , 0
GWK60_M07007 , 878
GWK60_M07029 , 277
GWK60_M07051 , 47
GWK60_M07117 , 115
GWK60_M07139 , 0
GWK60_M07161 , 200
GWK60_M07227 , 8
GWK60_M07271 , 748
GWK60_M07293 , 1987
GWK60_M07315 , 1014
GWK60_M07337 , 2
GWK60_M07359 , 163
GWK60_M07381 , 1383
GWK60_M07469 , 250
GWK60_M07535 , 456
GWK60_M07557 , 277
GWK60_M07601 , 3361
GWK60_M07623 , 2849
GWK60_M07645 , 289
GWK60_M07711 , 0
GWK60_M07733 , 0
GWK60_M07755 , 63
GWK60_M07799 , 10
GWK60_M07843 , 0
GWK60_M07887 , 219
GWK60_M07909 , 10640
GWK60_M07975 , 72
GWK60_M08019 , 449
GWK60_M08041 , 860
GWK60_M08107 , 53
GWK60_M08129 , 846
GWK60_M08151 , 1
GWK60_M08195 , 310
GWK60_M08217 , 38
GWK60_M08261 , 318
GWK60_M08305 , 367
GWK60_M08327 , 150
GWK60_M08349 , 577
GWK60_M08371 , 116
GWK60_M08415 , 0
GWK60_M08437 , 1257
GWK60_M08459 , 3595
GWK60_M08481 , 19683
GWK60_M08503 , 3
GWK60_M08525 , 10647
GWK60_M08547 , 1373
GWK60_M08569 , 0
GWK60_M08613 , 460
GWK60_M08635 , 140
GWK60_M08679 , 617
GWK60_M08701 , 546
GWK60_M08723 , 343
GWK60_M08745 , 797
GWK60_M08767 , 5266
GWK60_M08789 , 757
GWK60_M08811 , 308
GWK60_M08855 , 514
GWK60_M08877 , 1004
GWK60_M08899 , 892
GWK60_M08965 , 199
GWK60_M08987 , 327
GWK60_M09031 , 1372
GWK60_M09053 , 378
GWK60_M09097 , 288
GWK60_M09119 , 3
GWK60_M09141 , 499
GWK60_M09163 , 396
GWK60_M09185 , 1055
GWK60_M09207 , 1114
GWK60_M09229 , 528
GWK60_M09251 , 92
GWK60_M09273 , 502
GWK60_M09317 , 424
GWK60_M09339 , 14
GWK60_M09383 , 563
GWK60_M09405 , 0
GWK60_M09427 , 493
GWK60_M09449 , 0
GWK60_M09471 , 1079
GWK60_M09559 , 1060
GWK60_M09581 , 383
GWK60_M09603 , 25
GWK60_M09625 , 1335
GWK60_M09647 , 1142
GWK60_M09691 , 77
GWK60_M09713 , 1485
GWK60_M09735 , 310
GWK60_M09779 , 1317
GWK60_M09823 , 0
GWK60_M09867 , 3155
GWK60_M09911 , 22
GWK60_M09933 , 673
GWK60_M09955 , 22305
GWK60_M09977 , 491
GWK60_M09999 , 39
GWK60_M10021 , 102
GWK60_M10043 , 0
GWK60_M10065 , 108
GWK60_M10109 , 1011
GWK60_M10131 , 2330
GWK60_M10175 , 1921
GWK60_M10241 , 965
GWK60_M10263 , 2393
GWK60_M10285 , 471
GWK60_M10307 , 80
GWK60_M10351 , 31
GWK60_M10373 , 19020
GWK60_M10395 , 1164
GWK60_M10417 , 19052
GWK60_M10439 , 6003
GWK60_M10461 , 3213
GWK60_M10483 , 0
GWK60_M10505 , 2175
GWK60_M10527 , 3763
GWK60_M10549 , 56
GWK60_M10571 , 3232
GWK60_M10637 , 385
GWK60_M10659 , 0
GWK60_M10703 , 308
GWK60_M10725 , 1070
GWK60_M10747 , 21805
GWK60_M10769 , 16
GWK60_M10791 , 4
GWK60_M10813 , 4770
GWK60_M10835 , 541
GWK60_M10857 , 3047
GWK60_M10879 , 251
GWK60_M10901 , 0
GWK60_M10945 , 1541
GWK60_M10967 , 2996
GWK60_M11077 , 825
GWK60_M11099 , 522
GWK60_M11121 , 26
GWK60_M11143 , 88
GWK60_M11165 , 6774
GWK60_M11187 , 1768
GWK60_M11209 , 0
GWK60_M11231 , 2400
GWK60_M11253 , 348
GWK60_M11275 , 1015
GWK60_M11297 , 39
GWK60_M11319 , 6963
GWK60_M11341 , 803
GWK60_M11363 , 2973
GWK60_M11385 , 15816
GWK60_M11407 , 147
GWK60_M11429 , 0
GWK60_M11473 , 475
GWK60_M11561 , 1
GWK60_M11583 , 377
GWK60_M11605 , 335
GWK60_M11627 , 575
GWK60_M11649 , 3598
GWK60_M11671 , 2964
GWK60_M11693 , 53
GWK60_M11737 , 340
GWK60_M11825 , 0
GWK60_M11891 , 480
GWK60_M11935 , 926
GWK60_M11979 , 1
GWK60_M12023 , 3021
GWK60_M12045 , 15
GWK60_M12067 , 1036
GWK60_M12133 , 33
GWK60_M12155 , 75
GWK60_M12177 , 0
GWK60_M12243 , 244
GWK60_M12265 , 0
GWK60_M12287 , 0
GWK60_M12309 , 3096
GWK60_M12331 , 51
GWK60_M12375 , 5286
GWK60_M12397 , 234
GWK60_M12419 , 187
GWK60_M12441 , 0
GWK60_M12485 , 0
GWK60_M12551 , 237
GWK60_M12595 , 611
GWK60_M12617 , 528
GWK60_M12661 , 473
GWK60_M12683 , 260
GWK60_M12727 , 1525
GWK60_M12749 , 629
GWK60_M12771 , 0
GWK60_M12793 , 322
GWK60_M12837 , 1595
GWK60_M12859 , 335
GWK60_M12881 , 23
GWK60_M12925 , 94
GWK60_M12947 , 136
GWK60_M13013 , 735
GWK60_M13101 , 507
GWK60_M13145 , 371
GWK60_M13189 , 0
GWK60_M13211 , 585
GWK60_M13255 , 2084
GWK60_M13299 , 150
GWK60_M13365 , 0
GWK60_M13431 , 332
GWK60_M13475 , 783
GWK60_M13519 , 0
GWK60_M13541 , 262
GWK60_M13585 , 261
GWK60_M13629 , 180
GWK60_M13651 , 177
GWK60_M13673 , 1
GWK60_M13695 , 19
GWK60_M13717 , 34
GWK60_M13739 , 1
GWK60_M13761 , 619
GWK60_M13783 , 12
GWK60_M13849 , 841
GWK60_M13871 , 252
GWK60_M13893 , 0
GWK60_M13915 , 1903
GWK60_M13959 , 23
GWK60_M13981 , 172
GWK60_M14003 , 2081
GWK60_M14047 , 143
GWK60_M00187 , 1
GWK60_M00319 , 0
GWK60_M00627 , 0
GWK60_M00891 , 0
GWK60_M00979 , 6
GWK60_M01067 , 0
GWK60_M01309 , 0
GWK60_M01485 , 1
GWK60_M01507 , 0
GWK60_M01529 , 0
GWK60_M01705 , 0
GWK60_M01903 , 0
GWK60_M02255 , 0
GWK60_M02343 , 0
GWK60_M02519 , 0
GWK60_M02629 , 0
GWK60_M02673 , 0
GWK60_M02717 , 0
GWK60_M02783 , 0
GWK60_M02871 , 0
GWK60_M02981 , 0
GWK60_M03047 , 201
GWK60_M03223 , 18
GWK60_M03333 , 0
GWK60_M03355 , 0
GWK60_M03377 , 0
GWK60_M03531 , 5
GWK60_M03817 , 0
GWK60_M03839 , 0
GWK60_M03905 , 0
GWK60_M03971 , 0
GWK60_M04301 , 47
GWK60_M04389 , 9
GWK60_M04433 , 0
GWK60_M04631 , 0
GWK60_M04675 , 0
GWK60_M05005 , 0
GWK60_M05049 , 140
GWK60_M05225 , 0
GWK60_M05313 , 0
GWK60_M05423 , 1
GWK60_M05621 , 0
GWK60_M05775 , 9
GWK60_M05885 , 333
GWK60_M06083 , 0
GWK60_M06105 , 1
GWK60_M06215 , 0
GWK60_M06413 , 0
GWK60_M06457 , 10
GWK60_M06501 , 0
GWK60_M06589 , 1
GWK60_M06611 , 0
GWK60_M06721 , 0
GWK60_M06787 , 259
GWK60_M06809 , 1
GWK60_M06941 , 0
GWK60_M06985 , 0
GWK60_M07205 , 0
GWK60_M07425 , 46
GWK60_M07513 , 0
GWK60_M07821 , 0
GWK60_M08063 , 0
GWK60_M08173 , 0
GWK60_M08657 , 479
GWK60_M08943 , 0
GWK60_M09361 , 0
GWK60_M09493 , 0
GWK60_M09669 , 0
GWK60_M09757 , 202
GWK60_M09845 , 0
GWK60_M09889 , 0
GWK60_M10593 , 6
GWK60_M10681 , 27
GWK60_M10923 , 28
GWK60_M11011 , 0
GWK60_M11715 , 243
GWK60_M11847 , 0
GWK60_M12001 , 114
GWK60_M12221 , 1
GWK60_M12463 , 0
GWK60_M12815 , 0
GWK60_M13079 , 1
GWK60_M13123 , 101
GWK60_M13277 , 0
GWK60_M13937 , 0
GWK60_M14025 , 3
